,Kingdom,Phylum,Class,Order,Family,Genus,Species
ASV_1,Bacteria,Pseudomonadota,Gammaproteobacteria,Enterobacterales,Gallaecimonadaceae,Gallaecimonas,xiamenensis
ASV_2,Bacteria,Pseudomonadota,Alphaproteobacteria,Zavarziniales,Zavarziniaceae,Zavarzinia,compransoris
ASV_3,Bacteria,Pseudomonadota,Gammaproteobacteria,Pseudomonadales,Pseudomonadaceae,Pseudomonas,NA
ASV_4,Bacteria,Candidatus Kapabacteria,Kapabacteria,Kapabacteriales,NA,NA,NA
ASV_5,Bacteria,Pseudomonadota,Gammaproteobacteria,Enterobacterales,Aeromonadaceae,Aeromonas,NA
ASV_6,Bacteria,Pseudomonadota,Gammaproteobacteria,Pseudomonadales,Halomonadaceae,Halomonas,NA
ASV_7,Bacteria,Pseudomonadota,Gammaproteobacteria,Pseudomonadales,Pseudohongiellaceae,Pseudohongiella,NA
ASV_8,Bacteria,Pseudomonadota,Alphaproteobacteria,Rhodobacterales,Paracoccaceae,Gemmobacter,lanyuensis
ASV_9,Bacteria,Pseudomonadota,Gammaproteobacteria,Burkholderiales,Burkholderiaceae,Limnobacter,thiooxidans
ASV_10,Bacteria,Thermodesulfobacteriota,Desulfuromonadia,Geobacterales,Geobacteraceae,Trichlorobacter,NA
ASV_11,Bacteria,Pseudomonadota,Gammaproteobacteria,Pseudomonadales,Pseudomonadaceae,Pseudomonas,NA
ASV_12,Bacteria,Pseudomonadota,Gammaproteobacteria,Burkholderiales,Rhodocyclaceae,C39,NA
ASV_13,Bacteria,Pseudomonadota,Gammaproteobacteria,Pseudomonadales,Pseudomonadaceae,Pseudomonas,NA
ASV_14,Bacteria,Bacteroidota,Bacteroidia,Flavobacteriales,Flavobacteriaceae,Flavobacterium,NA
ASV_15,Bacteria,Pseudomonadota,Alphaproteobacteria,Rhodobacterales,Paracoccaceae,Gemmobacter,lanyuensis
ASV_16,Bacteria,Pseudomonadota,Gammaproteobacteria,Burkholderiales,Rhodocyclaceae,Rhodocyclus,NA
ASV_17,Bacteria,Pseudomonadota,Gammaproteobacteria,Enterobacterales,Aeromonadaceae,Aeromonas,NA
ASV_18,Bacteria,Pseudomonadota,Gammaproteobacteria,Burkholderiales,Comamonadaceae,NA,NA
ASV_19,Bacteria,Pseudomonadota,Gammaproteobacteria,Enterobacterales,Idiomarinaceae,Pseudidiomarina,NA
ASV_20,Bacteria,Pseudomonadota,Gammaproteobacteria,Legionellales,Legionellaceae,Legionella,NA
ASV_21,Bacteria,Pseudomonadota,Gammaproteobacteria,Burkholderiales,Burkholderiaceae,Limnobacter,thiooxidans
ASV_22,Bacteria,Pseudomonadota,Gammaproteobacteria,Burkholderiales,Rhodocyclaceae,C39,NA
ASV_23,Bacteria,Pseudomonadota,Gammaproteobacteria,Enterobacterales,Pasteurellaceae,Haemophilus,influenzae
ASV_24,Bacteria,Candidatus Kapabacteria,Kapabacteria,Kapabacteriales,NA,NA,NA
ASV_25,Bacteria,Pseudomonadota,Alphaproteobacteria,Sphingomonadales,Sphingomonadaceae,Novosphingobium,naphthae
ASV_26,Bacteria,Pseudomonadota,Gammaproteobacteria,Salinisphaerales,Nevskiaceae,Solimonas,NA
ASV_27,Bacteria,Candidatus Kapabacteria,Kapabacteria,Kapabacteriales,NA,NA,NA
ASV_28,Bacteria,Verrucomicrobiota,Verrucomicrobiia,Verrucomicrobiales,Verrucomicrobiaceae,Brevifollis,NA
ASV_29,Bacteria,Pseudomonadota,Gammaproteobacteria,Burkholderiales,Rhodocyclaceae,C39,NA
ASV_30,Bacteria,Pseudomonadota,Gammaproteobacteria,Burkholderiales,Methylophilaceae,NA,NA
ASV_31,Bacteria,Pseudomonadota,Gammaproteobacteria,Pseudomonadales,Pseudohongiellaceae,Pseudohongiella,NA
ASV_32,Bacteria,Pseudomonadota,Alphaproteobacteria,Sphingomonadales,Sphingomonadaceae,Novosphingobium,naphthae
ASV_33,Bacteria,Pseudomonadota,Alphaproteobacteria,Zavarziniales,Zavarziniaceae,Zavarzinia,compransoris
ASV_34,Bacteria,Pseudomonadota,Alphaproteobacteria,Reyranellales,Reyranellaceae,Reyranella,NA
ASV_35,Bacteria,Pseudomonadota,Gammaproteobacteria,Enterobacterales,Aeromonadaceae,Tolumonas,NA
ASV_36,Bacteria,Pseudomonadota,Gammaproteobacteria,Burkholderiales,Rhodocyclaceae,C39,NA
ASV_37,Bacteria,Pseudomonadota,Alphaproteobacteria,Zavarziniales,Zavarziniaceae,Zavarzinia,compransoris
ASV_38,Bacteria,Pseudomonadota,Gammaproteobacteria,Burkholderiales,Rhodocyclaceae,C39,NA
ASV_39,Bacteria,Pseudomonadota,Gammaproteobacteria,Burkholderiales,Alcaligenaceae,Saccharedens,NA
ASV_40,Bacteria,Pseudomonadota,Gammaproteobacteria,Burkholderiales,Rhodocyclaceae,Rhodocyclus,NA
ASV_41,Bacteria,Pseudomonadota,Gammaproteobacteria,Pseudomonadales,211ds20,NA,NA
ASV_42,Bacteria,Pseudomonadota,Gammaproteobacteria,Burkholderiales,Burkholderiaceae,Pandoraea,sputorum
ASV_43,Bacteria,Pseudomonadota,Gammaproteobacteria,Salinisphaerales,Nevskiaceae,Solimonas,NA
ASV_44,Bacteria,Bacteroidota,Bacteroidia,Cytophagales,Cyclobacteriaceae,Algoriphagus,NA
ASV_45,Bacteria,Pseudomonadota,Gammaproteobacteria,Pseudomonadales,211ds20,NA,NA
ASV_46,Bacteria,Pseudomonadota,Gammaproteobacteria,Burkholderiales,Burkholderiaceae,Limnobacter,thiooxidans
ASV_47,Bacteria,Pseudomonadota,Gammaproteobacteria,Salinisphaerales,Nevskiaceae,Solimonas,NA
ASV_48,Bacteria,Pseudomonadota,Alphaproteobacteria,Sphingomonadales,Sphingomonadaceae,Novosphingobium,NA
ASV_49,Bacteria,Pseudomonadota,Alphaproteobacteria,Holosporales,Holosporaceae,Candidatus Bealeia,NA
ASV_50,Bacteria,Pseudomonadota,Gammaproteobacteria,Burkholderiales,Comamonadaceae,Acidovorax,NA
ASV_51,Bacteria,Pseudomonadota,Gammaproteobacteria,Enterobacterales,Aeromonadaceae,Aeromonas,NA
ASV_52,Bacteria,Actinomycetota,Acidimicrobiia,Microtrichales,Ilumatobacteraceae,CL500-29 marine group,NA
ASV_53,Bacteria,Pseudomonadota,Alphaproteobacteria,Hyphomicrobiales,Hyphomicrobiales Incertae Sedis,Alsobacter,NA
ASV_54,Bacteria,Pseudomonadota,Gammaproteobacteria,Burkholderiales,Methylophilaceae,NA,NA
ASV_55,Bacteria,Actinomycetota,Acidimicrobiia,Microtrichales,Ilumatobacteraceae,CL500-29 marine group,NA
ASV_56,Bacteria,Pseudomonadota,Gammaproteobacteria,Pseudomonadales,Halomonadaceae,Halomonas,NA
ASV_57,Bacteria,Verrucomicrobiota,Verrucomicrobiia,Verrucomicrobiales,Verrucomicrobiaceae,Prosthecobacter,NA
ASV_58,Bacteria,Pseudomonadota,Gammaproteobacteria,Pseudomonadales,Moraxellaceae,Perlucidibaca,NA
ASV_59,Bacteria,Bacteroidota,Bacteroidia,Flavobacteriales,Flavobacteriaceae,Flavobacterium,NA
ASV_60,Bacteria,Actinomycetota,Actinobacteria,Frankiales,Sporichthyaceae,hgcI clade,NA
ASV_61,Bacteria,Pseudomonadota,Gammaproteobacteria,Salinisphaerales,Nevskiaceae,Solimonas,NA
ASV_62,Bacteria,Pseudomonadota,Gammaproteobacteria,Legionellales,Legionellaceae,Legionella,NA
ASV_63,Bacteria,Bacteroidota,Bacteroidia,Flavobacteriales,Flavobacteriaceae,Flavobacterium,NA
ASV_64,Bacteria,Bacteroidota,Bacteroidia,Cytophagales,Cyclobacteriaceae,Algoriphagus,NA
ASV_65,Bacteria,Pseudomonadota,Gammaproteobacteria,Pseudomonadales,Pseudomonadaceae,Pseudomonas,NA
ASV_66,Bacteria,Bacteroidota,Bacteroidia,Chitinophagales,Chitinophagaceae,Terrimonas,NA
ASV_67,Bacteria,Verrucomicrobiota,Verrucomicrobiia,Verrucomicrobiales,Verrucomicrobiaceae,Brevifollis,NA
ASV_68,Bacteria,Verrucomicrobiota,Verrucomicrobiia,Verrucomicrobiales,Verrucomicrobiaceae,Prosthecobacter,NA
ASV_69,Bacteria,Pseudomonadota,Gammaproteobacteria,Pseudomonadales,Moraxellaceae,Moraxella,NA
ASV_70,Bacteria,Pseudomonadota,Gammaproteobacteria,Burkholderiales,Burkholderiaceae,Limnobacter,NA
ASV_71,Bacteria,Verrucomicrobiota,Verrucomicrobiia,Verrucomicrobiales,Verrucomicrobiaceae,Prosthecobacter,NA
ASV_72,Bacteria,Pseudomonadota,Gammaproteobacteria,Burkholderiales,Methylophilaceae,NA,NA
ASV_73,Bacteria,Pseudomonadota,Gammaproteobacteria,Burkholderiales,Comamonadaceae,NA,NA
ASV_74,Bacteria,Bacteroidota,Bacteroidia,Cytophagales,Cyclobacteriaceae,Algoriphagus,NA
ASV_75,Bacteria,Pseudomonadota,Gammaproteobacteria,Pseudomonadales,Marinobacteraceae,Marinobacter,hydrocarbonoclasticus
ASV_76,Bacteria,Pseudomonadota,Alphaproteobacteria,Zavarziniales,Zavarziniaceae,Zavarzinia,compransoris
ASV_77,Bacteria,Pseudomonadota,Gammaproteobacteria,Burkholderiales,Alcaligenaceae,Alcaligenes,NA
ASV_78,Bacteria,Pseudomonadota,Gammaproteobacteria,Pseudomonadales,Moraxellaceae,Perlucidibaca,NA
ASV_79,Bacteria,Pseudomonadota,Gammaproteobacteria,Burkholderiales,Comamonadaceae,Aquabacterium,NA
ASV_80,Bacteria,Pseudomonadota,Gammaproteobacteria,Pseudomonadales,Halomonadaceae,Halomonas,aquamarina
ASV_81,Bacteria,Pseudomonadota,Gammaproteobacteria,Burkholderiales,Alcaligenaceae,Saccharedens,NA
ASV_82,Bacteria,Verrucomicrobiota,Verrucomicrobiia,Verrucomicrobiales,Verrucomicrobiaceae,Brevifollis,NA
ASV_83,Bacteria,Pseudomonadota,Alphaproteobacteria,Sphingomonadales,Sphingomonadaceae,Novosphingobium,NA
ASV_84,Bacteria,Pseudomonadota,Alphaproteobacteria,Hyphomicrobiales,Hyphomicrobiales Incertae Sedis,NA,NA
ASV_85,Bacteria,Pseudomonadota,Alphaproteobacteria,Sphingomonadales,Sphingomonadaceae,Novosphingobium,NA
ASV_86,Bacteria,Chlamydiota,Chlamydiia,Chlamydiales,Parachlamydiaceae,Neochlamydia,NA
ASV_87,Bacteria,Bacteroidota,Bacteroidia,Chitinophagales,Chitinophagaceae,Dinghuibacter,NA
ASV_88,Bacteria,Candidatus Kapabacteria,Kapabacteria,Kapabacteriales,NA,NA,NA
ASV_89,Bacteria,Pseudomonadota,Gammaproteobacteria,Pseudomonadales,Marinobacteraceae,Marinobacter,NA
ASV_90,Bacteria,Pseudomonadota,Alphaproteobacteria,Paracaedibacterales,Paracaedibacteraceae,NA,NA
ASV_91,Bacteria,Chlamydiota,Chlamydiia,Chlamydiales,Parachlamydiaceae,Neochlamydia,NA
ASV_92,Bacteria,Bacillota,Bacilli,Lactobacillales,Streptococcaceae,Streptococcus,NA
ASV_93,Bacteria,Pseudomonadota,Gammaproteobacteria,Burkholderiales,Alcaligenaceae,Alcaligenes,NA
ASV_94,Bacteria,Pseudomonadota,Gammaproteobacteria,Burkholderiales,Comamonadaceae,NA,NA
ASV_95,Bacteria,Pseudomonadota,Gammaproteobacteria,Salinisphaerales,Nevskiaceae,Solimonas,NA
ASV_96,Bacteria,Pseudomonadota,Alphaproteobacteria,Rhodobacterales,Paracoccaceae,Cypionkella,NA
ASV_97,Bacteria,Bacillota,Bacilli,Bacillales,Bacillaceae,Rossellomorea,NA
ASV_98,Bacteria,Bacteroidota,Bacteroidia,Chitinophagales,Chitinophagaceae,Terrimonas,NA
ASV_99,Bacteria,Bdellovibrionota,Bacteriovoracia,Bacteriovoracales,Bacteriovoracaceae,Peredibacter,NA
ASV_100,Bacteria,Pseudomonadota,Alphaproteobacteria,Hyphomicrobiales,Hyphomicrobiales Incertae Sedis,NA,NA
ASV_101,Bacteria,Pseudomonadota,Gammaproteobacteria,Burkholderiales,MWH-UniP1 aquatic group,NA,NA
ASV_102,Bacteria,Bacteroidota,Bacteroidia,Flavobacteriales,Crocinitomicaceae,Fluviicola,NA
ASV_103,Bacteria,Actinomycetota,Acidimicrobiia,Microtrichales,Ilumatobacteraceae,CL500-29 marine group,NA
ASV_104,Bacteria,Bacteroidota,Bacteroidia,Cytophagales,Cyclobacteriaceae,Algoriphagus,aquatilis
ASV_105,Bacteria,Actinomycetota,Acidimicrobiia,Microtrichales,Ilumatobacteraceae,CL500-29 marine group,NA
ASV_106,Bacteria,Pseudomonadota,Gammaproteobacteria,Lysobacterales,Lysobacteraceae,Thermomonas,NA
ASV_107,Bacteria,Bdellovibrionota,Bacteriovoracia,Bacteriovoracales,Bacteriovoracaceae,Peredibacter,NA
ASV_108,Bacteria,Pseudomonadota,Gammaproteobacteria,Burkholderiales,Comamonadaceae,Aquabacterium,NA
ASV_109,Bacteria,Bacteroidota,Bacteroidia,Flavobacteriales,Flavobacteriaceae,Flavobacterium,NA
ASV_110,Bacteria,Pseudomonadota,Gammaproteobacteria,Burkholderiales,MWH-UniP1 aquatic group,NA,NA
ASV_111,Bacteria,Pseudomonadota,Gammaproteobacteria,Burkholderiales,Rhodocyclaceae,Methyloversatilis,universalis
ASV_112,Bacteria,Pseudomonadota,Gammaproteobacteria,Lysobacterales,Lysobacteraceae,Arenimonas,NA
ASV_113,Bacteria,Pseudomonadota,Gammaproteobacteria,Burkholderiales,Burkholderiaceae,Limnobacter,thiooxidans
ASV_114,Bacteria,Planctomycetota,Planctomycetes,Isosphaerales,Isosphaeraceae,NA,NA
ASV_115,Bacteria,Bacteroidota,Bacteroidia,Flavobacteriales,Crocinitomicaceae,Fluviicola,NA
ASV_116,Bacteria,Pseudomonadota,Gammaproteobacteria,Pseudomonadales,Pseudohongiellaceae,Pseudohongiella,NA
ASV_117,Bacteria,Candidatus Kapabacteria,Kapabacteria,Kapabacteriales,NA,NA,NA
ASV_118,Bacteria,Pseudomonadota,Alphaproteobacteria,Rhodobacterales,Paracoccaceae,Rhodobacter,NA
ASV_119,Bacteria,Bacteroidota,Bacteroidia,Sphingobacteriales,Sphingobacteriaceae,Daejeonella,NA
ASV_120,Bacteria,Bacteroidota,Bacteroidia,Chitinophagales,Chitinophagaceae,Terrimonas,NA
ASV_121,Bacteria,Pseudomonadota,Alphaproteobacteria,Sphingomonadales,Sphingomonadaceae,Novosphingobium,NA
ASV_122,Bacteria,Pseudomonadota,Alphaproteobacteria,Sphingomonadales,Sphingomonadaceae,Novosphingobium,arvoryzae
ASV_123,Bacteria,Pseudomonadota,Gammaproteobacteria,Burkholderiales,Oxalobacteraceae,NA,NA
ASV_124,Bacteria,Pseudomonadota,Gammaproteobacteria,Burkholderiales,Comamonadaceae,NA,NA
ASV_125,Bacteria,Pseudomonadota,Gammaproteobacteria,Burkholderiales,Alcaligenaceae,Achromobacter,NA
ASV_126,Bacteria,Pseudomonadota,Gammaproteobacteria,Pseudomonadales,211ds20,NA,NA
ASV_127,Bacteria,Pseudomonadota,Gammaproteobacteria,Burkholderiales,Burkholderiaceae,Limnobacter,thiooxidans
ASV_128,Bacteria,Pseudomonadota,Gammaproteobacteria,Pseudomonadales,Pseudohongiellaceae,Pseudohongiella,NA
ASV_129,Bacteria,Pseudomonadota,Gammaproteobacteria,Burkholderiales,Comamonadaceae,Acidovorax,NA
ASV_130,Bacteria,Pseudomonadota,Gammaproteobacteria,Pseudomonadales,Moraxellaceae,Perlucidibaca,NA
ASV_131,Bacteria,Pseudomonadota,Gammaproteobacteria,Burkholderiales,Comamonadaceae,NA,NA
ASV_132,Bacteria,Pseudomonadota,Gammaproteobacteria,Pseudomonadales,Pseudomonadaceae,Pseudomonas,NA
ASV_133,Bacteria,Bacteroidota,Bacteroidia,Chitinophagales,37-13,NA,NA
ASV_134,Bacteria,Pseudomonadota,Gammaproteobacteria,Burkholderiales,Comamonadaceae,NA,NA
ASV_135,Bacteria,Pseudomonadota,Alphaproteobacteria,Rhodobacterales,Paracoccaceae,Cypionkella,NA
ASV_136,Bacteria,Pseudomonadota,Gammaproteobacteria,Burkholderiales,Burkholderiaceae,Limnobacter,thiooxidans
ASV_137,Bacteria,Bacteroidota,Bacteroidia,Chitinophagales,Saprospiraceae,Haliscomenobacter,NA
ASV_138,Bacteria,Pseudomonadota,NA,NA,NA,NA,NA
ASV_139,Bacteria,Bacillota,Bacilli,Lactobacillales,Streptococcaceae,Streptococcus,NA
ASV_140,Bacteria,Bacteroidota,Bacteroidia,Cytophagales,Cyclobacteriaceae,Algoriphagus,aquatilis
ASV_141,Bacteria,Pseudomonadota,Gammaproteobacteria,Burkholderiales,Comamonadaceae,NA,NA
ASV_142,Bacteria,Pseudomonadota,Gammaproteobacteria,Legionellales,Legionellaceae,Legionella,NA
ASV_143,Bacteria,Chlamydiota,Chlamydiia,Chlamydiales,Parachlamydiaceae,Candidatus Rubidus,NA
ASV_144,Bacteria,Bacteroidota,Bacteroidia,Flavobacteriales,Flavobacteriaceae,Flavobacterium,NA
ASV_145,Bacteria,Pseudomonadota,Gammaproteobacteria,Pseudomonadales,Moraxellaceae,Perlucidibaca,piscinae
ASV_146,Bacteria,Chlamydiota,Chlamydiia,Chlamydiales,Parachlamydiaceae,Candidatus Rubidus,NA
ASV_147,Bacteria,Pseudomonadota,Alphaproteobacteria,Hyphomicrobiales,Hyphomicrobiales Incertae Sedis,Alsobacter,NA
ASV_148,Bacteria,Pseudomonadota,Gammaproteobacteria,Burkholderiales,Comamonadaceae,Hydrogenophaga,NA
ASV_149,Bacteria,Pseudomonadota,Gammaproteobacteria,Lysobacterales,Lysobacteraceae,Thermomonas,NA
ASV_150,Bacteria,Pseudomonadota,Gammaproteobacteria,Pseudomonadales,Pseudomonadaceae,Pseudomonas,NA
ASV_151,Bacteria,Pseudomonadota,Gammaproteobacteria,Pseudomonadales,Pseudomonadaceae,Pseudomonas,NA
ASV_152,Bacteria,Pseudomonadota,Gammaproteobacteria,Burkholderiales,Comamonadaceae,Aquabacterium,NA
ASV_153,Bacteria,Pseudomonadota,Gammaproteobacteria,Burkholderiales,Alcaligenaceae,Achromobacter,NA
ASV_154,Bacteria,Bacteroidota,Bacteroidia,Flavobacteriales,Crocinitomicaceae,Fluviicola,NA
ASV_155,Bacteria,Pseudomonadota,Gammaproteobacteria,Pseudomonadales,Marinobacteraceae,Marinobacter,NA
ASV_156,Bacteria,Pseudomonadota,Gammaproteobacteria,Pseudomonadales,Pseudomonadaceae,Pseudomonas,NA
ASV_157,Bacteria,Bacteroidota,Bacteroidia,Chitinophagales,Chitinophagaceae,Terrimonas,NA
ASV_158,Bacteria,Pseudomonadota,Alphaproteobacteria,Sphingomonadales,Sphingomonadaceae,Rhizorhapis,NA
ASV_159,Bacteria,Pseudomonadota,Alphaproteobacteria,Hyphomicrobiales,Hyphomicrobiales Incertae Sedis,Alsobacter,NA
ASV_160,Bacteria,Pseudomonadota,Alphaproteobacteria,Hyphomicrobiales,Hyphomicrobiales Incertae Sedis,NA,NA
ASV_161,Bacteria,Pseudomonadota,Gammaproteobacteria,Burkholderiales,Comamonadaceae,Ramlibacter,NA
ASV_162,Bacteria,Planctomycetota,Planctomycetes,Isosphaerales,Isosphaeraceae,NA,NA
ASV_163,Bacteria,Bacillota,Bacilli,Bacillales,Bacillaceae,Bacillus,NA
ASV_164,Bacteria,Pseudomonadota,Gammaproteobacteria,Burkholderiales,Alcaligenaceae,Saccharedens,NA
ASV_165,Bacteria,Pseudomonadota,Gammaproteobacteria,Burkholderiales,Alcaligenaceae,Alcaligenes,NA
ASV_166,Bacteria,Verrucomicrobiota,Verrucomicrobiia,Verrucomicrobiales,Verrucomicrobiaceae,Brevifollis,NA
ASV_167,Bacteria,Pseudomonadota,Gammaproteobacteria,Burkholderiales,Comamonadaceae,NA,NA
ASV_168,Bacteria,Pseudomonadota,Gammaproteobacteria,Burkholderiales,Comamonadaceae,Ottowia,NA
ASV_169,Bacteria,Verrucomicrobiota,Verrucomicrobiia,Verrucomicrobiales,Verrucomicrobiaceae,Prosthecobacter,NA
ASV_170,Bacteria,Pseudomonadota,Gammaproteobacteria,Burkholderiales,Comamonadaceae,Hydrogenophaga,NA
ASV_171,Bacteria,Chlamydiota,Chlamydiia,Chlamydiales,Parachlamydiaceae,Neochlamydia,NA
ASV_172,Bacteria,Pseudomonadota,Gammaproteobacteria,Enterobacterales,Alteromonadaceae,Rheinheimera,NA
ASV_173,Bacteria,Pseudomonadota,Gammaproteobacteria,Burkholderiales,Rhodocyclaceae,C39,NA
ASV_174,Bacteria,Pseudomonadota,Gammaproteobacteria,Burkholderiales,Comamonadaceae,Aquabacterium,NA
ASV_175,Bacteria,Bacteroidota,Bacteroidia,Sphingobacteriales,NS11-12 marine group,NA,NA
ASV_176,Bacteria,Bacteroidota,Bacteroidia,Cytophagales,Cyclobacteriaceae,Algoriphagus,aquatilis
ASV_177,Bacteria,Pseudomonadota,Gammaproteobacteria,Enterobacterales,Aeromonadaceae,Aeromonas,caviae
ASV_178,Bacteria,Pseudomonadota,Gammaproteobacteria,Burkholderiales,Rhodocyclaceae,Methyloversatilis,universalis
ASV_179,Bacteria,Pseudomonadota,Gammaproteobacteria,Burkholderiales,Comamonadaceae,NA,NA
ASV_180,Bacteria,Pseudomonadota,Gammaproteobacteria,Salinisphaerales,Nevskiaceae,NA,NA
ASV_181,Bacteria,Pseudomonadota,Gammaproteobacteria,Burkholderiales,Comamonadaceae,Aquabacterium,NA
ASV_182,Bacteria,Pseudomonadota,Alphaproteobacteria,Rhodobacterales,Paracoccaceae,Cypionkella,NA
ASV_183,Bacteria,Thermodesulfobacteriota,Desulfuromonadia,Bradymonadales,Incertae Sedis,SKP-2,NA
ASV_184,Bacteria,Verrucomicrobiota,Verrucomicrobiia,Verrucomicrobiales,Verrucomicrobiaceae,Brevifollis,NA
ASV_185,Bacteria,Pseudomonadota,Alphaproteobacteria,Rhodobacterales,Paracoccaceae,Rhodobacter,NA
ASV_186,Bacteria,Pseudomonadota,Gammaproteobacteria,Burkholderiales,Rhodocyclaceae,Methyloversatilis,universalis
ASV_187,Bacteria,Bacteroidota,Bacteroidia,Chitinophagales,Chitinophagaceae,Dinghuibacter,NA
ASV_188,Bacteria,Bacteroidota,Bacteroidia,Sphingobacteriales,NS11-12 marine group,NA,NA
ASV_189,Bacteria,Verrucomicrobiota,Verrucomicrobiia,Verrucomicrobiales,Verrucomicrobiaceae,Prosthecobacter,NA
ASV_190,Bacteria,Bacteroidota,Bacteroidia,Flavobacteriales,Crocinitomicaceae,Fluviicola,NA
ASV_191,Bacteria,Pseudomonadota,Gammaproteobacteria,Burkholderiales,Rhodocyclaceae,Methyloversatilis,universalis
ASV_192,Bacteria,Bacteroidota,Bacteroidia,Flavobacteriales,Flavobacteriaceae,Flavobacterium,NA
ASV_193,Bacteria,Pseudomonadota,Gammaproteobacteria,Burkholderiales,Alcaligenaceae,Alcaligenes,NA
ASV_194,Bacteria,Pseudomonadota,Gammaproteobacteria,Burkholderiales,Comamonadaceae,Acidovorax,NA
ASV_195,Bacteria,Pseudomonadota,Gammaproteobacteria,Pseudomonadales,Pseudohongiellaceae,Pseudohongiella,NA
ASV_196,Bacteria,Pseudomonadota,Gammaproteobacteria,Legionellales,Legionellaceae,Legionella,NA
ASV_197,Bacteria,Pseudomonadota,Gammaproteobacteria,Burkholderiales,Comamonadaceae,Aquabacterium,NA
ASV_198,Bacteria,Bacillota,Bacilli,Bacillales,Bacillaceae,Halobacillus,NA
ASV_199,Bacteria,Pseudomonadota,Alphaproteobacteria,Zavarziniales,Zavarziniaceae,Zavarzinia,compransoris
ASV_200,Bacteria,Actinomycetota,Actinobacteria,Frankiales,Sporichthyaceae,hgcI clade,NA
ASV_201,Bacteria,Actinomycetota,Acidimicrobiia,Microtrichales,Ilumatobacteraceae,CL500-29 marine group,NA
ASV_202,Bacteria,Pseudomonadota,Gammaproteobacteria,Burkholderiales,Comamonadaceae,Hydrogenophaga,bisanensis
ASV_203,Bacteria,Bacteroidota,Bacteroidia,Sphingobacteriales,NS11-12 marine group,NA,NA
ASV_204,Bacteria,Pseudomonadota,Gammaproteobacteria,Enterobacterales,Aeromonadaceae,Aeromonas,NA
ASV_205,Bacteria,Pseudomonadota,Gammaproteobacteria,Burkholderiales,Comamonadaceae,Ramlibacter,NA
ASV_206,Bacteria,Pseudomonadota,Gammaproteobacteria,Pseudomonadales,Moraxellaceae,Perlucidibaca,NA
ASV_207,Bacteria,Actinomycetota,Acidimicrobiia,Microtrichales,Ilumatobacteraceae,CL500-29 marine group,NA
ASV_208,Bacteria,Pseudomonadota,Alphaproteobacteria,Rickettsiales,NA,NA,NA
ASV_209,Bacteria,Pseudomonadota,Gammaproteobacteria,Burkholderiales,Rhodocyclaceae,Dechlorobacter,NA
ASV_210,Bacteria,Verrucomicrobiota,Verrucomicrobiia,Pedosphaerales,Pedosphaeraceae,SH3-11,NA
ASV_211,Bacteria,Bacteroidota,Bacteroidia,Chitinophagales,Saprospiraceae,NA,NA
ASV_212,Bacteria,Pseudomonadota,Alphaproteobacteria,Micropepsales,Micropepsaceae,NA,NA
ASV_213,Bacteria,Pseudomonadota,Gammaproteobacteria,Burkholderiales,Rhodocyclaceae,C39,NA
ASV_214,Bacteria,Pseudomonadota,Gammaproteobacteria,Burkholderiales,Comamonadaceae,NA,NA
ASV_215,Bacteria,Pseudomonadota,Gammaproteobacteria,Legionellales,Legionellaceae,Legionella,NA
ASV_216,Bacteria,Pseudomonadota,Alphaproteobacteria,Sphingomonadales,Sphingomonadaceae,Rhizorhabdus,NA
ASV_217,Bacteria,Pseudomonadota,Gammaproteobacteria,Burkholderiales,MWH-UniP1 aquatic group,NA,NA
ASV_218,Bacteria,Bacteroidota,Bacteroidia,Chitinophagales,Chitinophagaceae,Dinghuibacter,NA
ASV_219,Bacteria,Verrucomicrobiota,Verrucomicrobiia,Verrucomicrobiales,Verrucomicrobiaceae,Prosthecobacter,NA
ASV_220,Bacteria,Pseudomonadota,Gammaproteobacteria,Burkholderiales,Comamonadaceae,Hydrogenophaga,NA
ASV_221,Bacteria,Pseudomonadota,Gammaproteobacteria,Pseudomonadales,Moraxellaceae,Acinetobacter,NA
ASV_222,Bacteria,Pseudomonadota,Alphaproteobacteria,Sphingomonadales,Sphingomonadaceae,Novosphingobium,naphthae
ASV_223,Bacteria,Pseudomonadota,Alphaproteobacteria,Sphingomonadales,Sphingomonadaceae,Rhizorhapis,NA
ASV_224,Bacteria,Pseudomonadota,Gammaproteobacteria,Salinisphaerales,Nevskiaceae,Solimonas,NA
ASV_225,Bacteria,Pseudomonadota,Alphaproteobacteria,Rhodobacterales,Paracoccaceae,Cypionkella,NA
ASV_226,Bacteria,Pseudomonadota,Alphaproteobacteria,Sphingomonadales,Sphingomonadaceae,Rhizorhapis,NA
ASV_227,Bacteria,Pseudomonadota,Gammaproteobacteria,Burkholderiales,Comamonadaceae,Ramlibacter,NA
ASV_228,Bacteria,Bacteroidota,Bacteroidia,Sphingobacteriales,Lentimicrobiaceae,Lentimicrobium,NA
ASV_229,Bacteria,Pseudomonadota,Gammaproteobacteria,Burkholderiales,Aquaspirillaceae,Aquaspirillum,serpens
ASV_230,Bacteria,Pseudomonadota,Alphaproteobacteria,Rhodobacterales,Paracoccaceae,NA,NA
ASV_231,Bacteria,Thermodesulfobacteriota,Desulfuromonadia,Bradymonadales,Incertae Sedis,SKP-2,NA
ASV_232,Bacteria,Thermodesulfobacteriota,Desulfuromonadia,Bradymonadales,Incertae Sedis,SKP-2,NA
ASV_233,Bacteria,Pseudomonadota,Gammaproteobacteria,Burkholderiales,Rhodocyclaceae,C39,NA
ASV_234,Bacteria,Pseudomonadota,Gammaproteobacteria,Burkholderiales,Comamonadaceae,Hydrogenophaga,bisanensis
ASV_235,Bacteria,Pseudomonadota,Gammaproteobacteria,Burkholderiales,Alcaligenaceae,Alcaligenes,NA
ASV_236,Bacteria,Pseudomonadota,Gammaproteobacteria,Burkholderiales,Comamonadaceae,Hydrogenophaga,bisanensis
ASV_237,Bacteria,Pseudomonadota,Gammaproteobacteria,Gammaproteobacteria Incertae Sedis,Unknown Family,Acidibacter,NA
ASV_238,Bacteria,Pseudomonadota,Gammaproteobacteria,Enterobacterales,Alteromonadaceae,Rheinheimera,NA
ASV_239,Bacteria,Bacteroidota,Bacteroidia,Sphingobacteriales,Sphingobacteriaceae,Daejeonella,NA
ASV_240,Bacteria,Pseudomonadota,Gammaproteobacteria,Burkholderiales,Burkholderiaceae,Limnobacter,NA
ASV_241,Bacteria,Pseudomonadota,Gammaproteobacteria,Pseudomonadales,Moraxellaceae,Perlucidibaca,NA
ASV_242,Bacteria,Bacteroidota,Bacteroidia,Flavobacteriales,Crocinitomicaceae,Fluviicola,NA
ASV_243,Bacteria,Pseudomonadota,Gammaproteobacteria,Pseudomonadales,Pseudomonadaceae,Pseudomonas,NA
ASV_244,Bacteria,Pseudomonadota,Gammaproteobacteria,Burkholderiales,Alcaligenaceae,Saccharedens,NA
ASV_245,Bacteria,Pseudomonadota,Alphaproteobacteria,Hyphomicrobiales,Hyphomicrobiales Incertae Sedis,Alsobacter,NA
ASV_246,Bacteria,Pseudomonadota,Alphaproteobacteria,Sphingomonadales,Sphingomonadaceae,Novosphingobium,ginsenosidimutans
ASV_247,Bacteria,Candidatus Kapabacteria,Kapabacteria,Kapabacteriales,NA,NA,NA
ASV_248,Bacteria,Chlamydiota,Chlamydiia,Chlamydiales,Parachlamydiaceae,Neochlamydia,NA
ASV_249,Bacteria,Pseudomonadota,Gammaproteobacteria,Burkholderiales,Burkholderiaceae,Polynucleobacter,acidiphobus
ASV_250,Bacteria,Pseudomonadota,Gammaproteobacteria,Lysobacterales,Lysobacteraceae,Thermomonas,NA
ASV_251,Bacteria,Bacteroidota,Bacteroidia,Flavobacteriales,Flavobacteriaceae,Flavobacterium,cheonhonense
ASV_252,Bacteria,Pseudomonadota,Gammaproteobacteria,Burkholderiales,Oxalobacteraceae,NA,NA
ASV_253,Bacteria,Thermodesulfobacteriota,Desulfuromonadia,Geobacterales,Geobacteraceae,Trichlorobacter,NA
ASV_254,Bacteria,Pseudomonadota,Gammaproteobacteria,Enterobacterales,Shewanellaceae,Shewanella,NA
ASV_255,Bacteria,Pseudomonadota,Alphaproteobacteria,Hyphomicrobiales,Hyphomicrobiales Incertae Sedis,NA,NA
ASV_256,Bacteria,Pseudomonadota,Gammaproteobacteria,Burkholderiales,Comamonadaceae,Hydrogenophaga,NA
ASV_257,Bacteria,Pseudomonadota,Gammaproteobacteria,Burkholderiales,Rhodocyclaceae,Methyloversatilis,universalis
ASV_258,Bacteria,Pseudomonadota,Alphaproteobacteria,Rhodobacterales,Paracoccaceae,Fuscovulum,NA
ASV_259,Bacteria,Pseudomonadota,Gammaproteobacteria,Burkholderiales,Alcaligenaceae,Saccharedens,NA
ASV_260,Bacteria,Pseudomonadota,Gammaproteobacteria,Pseudomonadales,Pseudohongiellaceae,Pseudohongiella,NA
ASV_261,Bacteria,Actinomycetota,Acidimicrobiia,Microtrichales,Ilumatobacteraceae,CL500-29 marine group,NA
ASV_262,Bacteria,Verrucomicrobiota,Verrucomicrobiia,Pedosphaerales,Pedosphaeraceae,DEV114,NA
ASV_263,Bacteria,Bacteroidota,Bacteroidia,Sphingobacteriales,Sphingobacteriaceae,Daejeonella,NA
ASV_264,Bacteria,Pseudomonadota,Gammaproteobacteria,Enterobacterales,Pasteurellaceae,Actinobacillus,NA
ASV_265,Bacteria,Verrucomicrobiota,Verrucomicrobiia,Verrucomicrobiales,Verrucomicrobiaceae,Brevifollis,NA
ASV_266,Bacteria,Pseudomonadota,Gammaproteobacteria,Burkholderiales,Oxalobacteraceae,NA,NA
ASV_267,Bacteria,Bacteroidota,Bacteroidia,Cytophagales,Cyclobacteriaceae,Algoriphagus,NA
ASV_268,Bacteria,Bacteroidota,Bacteroidia,Chitinophagales,Chitinophagaceae,Terrimonas,NA
ASV_269,Bacteria,Pseudomonadota,Gammaproteobacteria,Pseudomonadales,NA,NA,NA
ASV_270,Bacteria,Pseudomonadota,Gammaproteobacteria,Salinisphaerales,Nevskiaceae,Fontimonas,NA
ASV_271,Bacteria,Bacteroidota,Bacteroidia,Bacteroidales,Prolixibacteraceae,NA,NA
ASV_272,Bacteria,Pseudomonadota,Gammaproteobacteria,Burkholderiales,Alcaligenaceae,Achromobacter,NA
ASV_273,Bacteria,Pseudomonadota,Alphaproteobacteria,Rhodobacterales,Paracoccaceae,Fuscovulum,NA
ASV_274,Bacteria,Pseudomonadota,Gammaproteobacteria,Burkholderiales,Alcaligenaceae,Saccharedens,NA
ASV_275,Bacteria,Pseudomonadota,Alphaproteobacteria,Sphingomonadales,Sphingomonadaceae,Novosphingobium,NA
ASV_276,Bacteria,Pseudomonadota,Alphaproteobacteria,Sphingomonadales,Sphingomonadaceae,Novosphingobium,NA
ASV_277,Bacteria,Pseudomonadota,Gammaproteobacteria,Burkholderiales,Methylophilaceae,Methylophilus,NA
ASV_278,Bacteria,Pseudomonadota,Gammaproteobacteria,Burkholderiales,Comamonadaceae,Ottowia,NA
ASV_279,Bacteria,Bacteroidota,Bacteroidia,Flavobacteriales,Flavobacteriaceae,Flavobacterium,NA
ASV_280,Bacteria,SAR324 clade(Marine group B),Incertae Sedis,Incertae Sedis,Incertae Sedis,Candidatus Nitrosoarchaeum,NA
ASV_281,Bacteria,Pseudomonadota,Alphaproteobacteria,Rhodobacterales,Paracoccaceae,Cypionkella,NA
ASV_282,Bacteria,Bacteroidota,Bacteroidia,Flavobacteriales,Cryomorphaceae,NA,NA
ASV_283,Bacteria,Thermodesulfobacteriota,Desulfuromonadia,Bradymonadales,Incertae Sedis,SKP-2,NA
ASV_284,Bacteria,Campylobacterota,Campylobacteria,Campylobacterales,Arcobacteraceae,Arcobacter,NA
ASV_285,Bacteria,Pseudomonadota,Gammaproteobacteria,Pseudomonadales,Moraxellaceae,Moraxella,NA
ASV_286,Bacteria,Pseudomonadota,Alphaproteobacteria,Rickettsiales,AB1,NA,NA
ASV_287,Bacteria,Pseudomonadota,Alphaproteobacteria,Sphingomonadales,Sphingomonadaceae,Novosphingobium,arvoryzae
ASV_288,Bacteria,Pseudomonadota,Gammaproteobacteria,Burkholderiales,Comamonadaceae,Ottowia,NA
ASV_289,Bacteria,Pseudomonadota,Alphaproteobacteria,Rhodobacterales,Paracoccaceae,Rhodobacter,NA
ASV_290,Bacteria,Pseudomonadota,Gammaproteobacteria,Enterobacterales,Aeromonadaceae,Aeromonas,NA
ASV_291,Bacteria,Pseudomonadota,Alphaproteobacteria,Sphingomonadales,Sphingomonadaceae,Novosphingobium,NA
ASV_292,Bacteria,Pseudomonadota,Gammaproteobacteria,Pseudomonadales,Pseudomonadaceae,Pseudomonas,NA
ASV_293,Bacteria,Pseudomonadota,Alphaproteobacteria,Zavarziniales,Zavarziniaceae,Zavarzinia,compransoris
ASV_294,Bacteria,Pseudomonadota,Gammaproteobacteria,Burkholderiales,Comamonadaceae,Aquabacterium,NA
ASV_295,Bacteria,Actinomycetota,Actinobacteria,Frankiales,Sporichthyaceae,hgcI clade,NA
ASV_296,Bacteria,Verrucomicrobiota,Verrucomicrobiia,Pedosphaerales,Pedosphaeraceae,SH3-11,NA
ASV_297,Bacteria,Bacteroidota,Bacteroidia,Flavobacteriales,Flavobacteriaceae,Flavobacterium,NA
ASV_298,Bacteria,Candidatus Kapabacteria,Kapabacteria,Kapabacteriales,NA,NA,NA
ASV_299,Bacteria,Pseudomonadota,Gammaproteobacteria,Burkholderiales,Comamonadaceae,Ottowia,NA
ASV_300,Bacteria,Pseudomonadota,Gammaproteobacteria,Gammaproteobacteria Incertae Sedis,Unknown Family,Acidibacter,NA
ASV_301,Bacteria,Bacteroidota,Bacteroidia,Flavobacteriales,Flavobacteriaceae,Flavobacterium,NA
ASV_302,Bacteria,Chlorobiota,Chlorobia,Chlorobiales,Chlorobiaceae,Chlorobaculum,NA
ASV_303,Bacteria,Bacteroidota,Bacteroidia,Chitinophagales,Chitinophagaceae,Aurantisolimonas,NA
ASV_304,Bacteria,Bacteroidota,Bacteroidia,Chitinophagales,37-13,NA,NA
ASV_305,Bacteria,Bacillota,Clostridia,Peptostreptococcales-Tissierellales,Anaerovoracaceae,Anaerovorax,NA
ASV_306,Bacteria,Actinomycetota,Actinobacteria,Micrococcales,Microbacteriaceae,Candidatus Aquiluna,NA
ASV_307,Bacteria,Verrucomicrobiota,Verrucomicrobiia,Verrucomicrobiales,Verrucomicrobiaceae,Prosthecobacter,NA
ASV_308,Bacteria,Pseudomonadota,Gammaproteobacteria,Burkholderiales,Oxalobacteraceae,NA,NA
ASV_309,Bacteria,Pseudomonadota,Gammaproteobacteria,Legionellales,Legionellaceae,Legionella,NA
ASV_310,Bacteria,Actinomycetota,Acidimicrobiia,Microtrichales,Ilumatobacteraceae,CL500-29 marine group,NA
ASV_311,Bacteria,Bacteroidota,Bacteroidia,Flavobacteriales,Crocinitomicaceae,Fluviicola,NA
ASV_312,Bacteria,Bacteroidota,Bacteroidia,Flavobacteriales,Cryomorphaceae,NA,NA
ASV_313,Bacteria,Pseudomonadota,Alphaproteobacteria,Sphingomonadales,Sphingomonadaceae,Novosphingobium,NA
ASV_314,Bacteria,Pseudomonadota,Gammaproteobacteria,Enterobacterales,Shewanellaceae,Shewanella,NA
ASV_315,Bacteria,Pseudomonadota,Gammaproteobacteria,Gammaproteobacteria Incertae Sedis,Unknown Family,Acidibacter,NA
ASV_316,Bacteria,Bdellovibrionota,Bacteriovoracia,Bacteriovoracales,Bacteriovoracaceae,Peredibacter,NA
ASV_317,Bacteria,Pseudomonadota,Alphaproteobacteria,Sphingomonadales,Sphingomonadaceae,Novosphingobium,ginsenosidimutans
ASV_318,Bacteria,Pseudomonadota,Gammaproteobacteria,Burkholderiales,Rhodocyclaceae,Methyloversatilis,universalis
ASV_319,Bacteria,Pseudomonadota,Alphaproteobacteria,Rhodobacterales,Paracoccaceae,Fuscovulum,NA
ASV_320,Bacteria,Pseudomonadota,Alphaproteobacteria,Rhodobacterales,Paracoccaceae,Fuscovulum,NA
ASV_321,Bacteria,Pseudomonadota,Gammaproteobacteria,Pseudomonadales,Pseudomonadaceae,Pseudomonas,NA
ASV_322,Bacteria,Pseudomonadota,Gammaproteobacteria,Burkholderiales,Comamonadaceae,Aquabacterium,NA
ASV_323,Bacteria,Pseudomonadota,Gammaproteobacteria,Enterobacterales,Alteromonadaceae,Rheinheimera,NA
ASV_324,Bacteria,Thermodesulfobacteriota,Desulfuromonadia,Geobacterales,Geobacteraceae,Trichlorobacter,NA
ASV_325,Bacteria,Campylobacterota,Campylobacteria,Campylobacterales,Arcobacteraceae,Arcobacter,cryaerophilus
ASV_326,Bacteria,Pseudomonadota,Gammaproteobacteria,Burkholderiales,Alcaligenaceae,Saccharedens,NA
ASV_327,Bacteria,Campylobacterota,Campylobacteria,Campylobacterales,Arcobacteraceae,Arcobacter,NA
ASV_328,Bacteria,Pseudomonadota,Alphaproteobacteria,Reyranellales,Reyranellaceae,Reyranella,NA
ASV_329,Bacteria,Pseudomonadota,Gammaproteobacteria,Pseudomonadales,Moraxellaceae,Perlucidibaca,NA
ASV_330,Bacteria,Pseudomonadota,Gammaproteobacteria,Burkholderiales,Comamonadaceae,Hydrogenophaga,bisanensis
ASV_331,Bacteria,Pseudomonadota,Gammaproteobacteria,Burkholderiales,MWH-UniP1 aquatic group,NA,NA
ASV_332,Bacteria,Bacteroidota,Bacteroidia,Chitinophagales,37-13,NA,NA
ASV_333,Bacteria,Pseudomonadota,Gammaproteobacteria,Enterobacterales,Aeromonadaceae,Tolumonas,osonensis
ASV_334,Bacteria,Pseudomonadota,Gammaproteobacteria,Burkholderiales,Comamonadaceae,Acidovorax,NA
ASV_335,Bacteria,Pseudomonadota,Gammaproteobacteria,Lysobacterales,Lysobacteraceae,Arenimonas,NA
ASV_336,Bacteria,Bacteroidota,Bacteroidia,Flavobacteriales,Crocinitomicaceae,Fluviicola,NA
ASV_337,Bacteria,Pseudomonadota,Alphaproteobacteria,Rhodobacterales,Paracoccaceae,Cypionkella,NA
ASV_338,Bacteria,Pseudomonadota,Gammaproteobacteria,Burkholderiales,MWH-UniP1 aquatic group,NA,NA
ASV_339,Bacteria,Pseudomonadota,Gammaproteobacteria,Lysobacterales,Lysobacteraceae,Arenimonas,NA
ASV_340,Bacteria,Pseudomonadota,Gammaproteobacteria,Salinisphaerales,Nevskiaceae,Solimonas,NA
ASV_341,Bacteria,Pseudomonadota,Gammaproteobacteria,Burkholderiales,Comamonadaceae,Aquabacterium,NA
ASV_342,Bacteria,Pseudomonadota,Alphaproteobacteria,Hyphomicrobiales,Hyphomicrobiales Incertae Sedis,NA,NA
ASV_343,Bacteria,Verrucomicrobiota,Verrucomicrobiia,Opitutales,Opitutaceae,Cephaloticoccus,NA
ASV_344,Bacteria,Verrucomicrobiota,Verrucomicrobiia,Verrucomicrobiales,Verrucomicrobiaceae,Prosthecobacter,NA
ASV_345,Bacteria,Pseudomonadota,Gammaproteobacteria,Burkholderiales,Alcaligenaceae,Alcaligenes,NA
ASV_346,Bacteria,Verrucomicrobiota,Verrucomicrobiia,Pedosphaerales,Pedosphaeraceae,SH3-11,NA
ASV_347,Bacteria,Chlorobiota,Chlorobia,Chlorobiales,Chlorobiaceae,Chlorobaculum,NA
ASV_348,Bacteria,Pseudomonadota,Alphaproteobacteria,Paracaedibacterales,Paracaedibacteraceae,NA,NA
ASV_349,Bacteria,Bacteroidota,Bacteroidia,Flavobacteriales,Crocinitomicaceae,Fluviicola,NA
ASV_350,Bacteria,Pseudomonadota,Gammaproteobacteria,Burkholderiales,Alcaligenaceae,Achromobacter,NA
ASV_351,Bacteria,Pseudomonadota,Gammaproteobacteria,Burkholderiales,Oxalobacteraceae,CM1G08,NA
ASV_352,Bacteria,Pseudomonadota,Gammaproteobacteria,Pseudomonadales,Marinobacteraceae,Marinobacter,NA
ASV_353,Bacteria,Bacteroidota,Bacteroidia,Flavobacteriales,Crocinitomicaceae,Fluviicola,NA
ASV_354,Bacteria,Candidatus Kapabacteria,Kapabacteria,Kapabacteriales,NA,NA,NA
ASV_355,Bacteria,Pseudomonadota,Gammaproteobacteria,Burkholderiales,Comamonadaceae,Ottowia,NA
ASV_356,Bacteria,Bacteroidota,Bacteroidia,Chitinophagales,37-13,NA,NA
ASV_357,Bacteria,Pseudomonadota,Gammaproteobacteria,Burkholderiales,Alcaligenaceae,Alcaligenes,NA
ASV_358,Bacteria,Pseudomonadota,Gammaproteobacteria,Pseudomonadales,NA,NA,NA
ASV_359,Bacteria,Pseudomonadota,Gammaproteobacteria,Burkholderiales,Burkholderiaceae,Limnobacter,NA
ASV_360,Bacteria,Pseudomonadota,Alphaproteobacteria,Rhodobacterales,Paracoccaceae,Rhodobacter,NA
ASV_361,Bacteria,Pseudomonadota,Gammaproteobacteria,Pseudomonadales,Pseudomonadaceae,Pseudomonas,NA
ASV_362,Bacteria,Pseudomonadota,Gammaproteobacteria,Burkholderiales,MWH-UniP1 aquatic group,NA,NA
ASV_363,Bacteria,Planctomycetota,Planctomycetes,Isosphaerales,Isosphaeraceae,NA,NA
ASV_364,Bacteria,Candidatus Kapabacteria,Kapabacteria,Kapabacteriales,NA,NA,NA
ASV_365,Bacteria,Pseudomonadota,Gammaproteobacteria,Burkholderiales,Rhodocyclaceae,Rhodocyclus,NA
ASV_366,Bacteria,Pseudomonadota,Gammaproteobacteria,Lysobacterales,Lysobacteraceae,Thermomonas,NA
ASV_367,Bacteria,Pseudomonadota,Alphaproteobacteria,Sphingomonadales,Sphingomonadaceae,Rhizorhabdus,NA
ASV_368,Bacteria,Pseudomonadota,Gammaproteobacteria,Burkholderiales,MWH-UniP1 aquatic group,NA,NA
ASV_369,Bacteria,Pseudomonadota,Gammaproteobacteria,Burkholderiales,Comamonadaceae,Ramlibacter,NA
ASV_370,Bacteria,Actinomycetota,Actinobacteria,PeM15,NA,NA,NA
ASV_371,Bacteria,Pseudomonadota,Gammaproteobacteria,Pseudomonadales,Moraxellaceae,Perlucidibaca,NA
ASV_372,Bacteria,Bacteroidota,Bacteroidia,Flavobacteriales,Flavobacteriaceae,Flavobacterium,NA
ASV_373,Bacteria,Pseudomonadota,Gammaproteobacteria,Pseudomonadales,Moraxellaceae,Perlucidibaca,NA
ASV_374,Bacteria,Pseudomonadota,Gammaproteobacteria,Burkholderiales,Oxalobacteraceae,NA,NA
ASV_375,Bacteria,Actinomycetota,Actinobacteria,Frankiales,Sporichthyaceae,hgcI clade,NA
ASV_376,Bacteria,Bacteroidota,Bacteroidia,Flavobacteriales,Crocinitomicaceae,Fluviicola,NA
ASV_377,Bacteria,Pseudomonadota,Gammaproteobacteria,Enterobacterales,Aeromonadaceae,Aeromonas,NA
ASV_378,Bacteria,Pseudomonadota,Gammaproteobacteria,Burkholderiales,Comamonadaceae,Candidatus Symbiobacter,NA
ASV_379,Bacteria,Pseudomonadota,Alphaproteobacteria,Reyranellales,Reyranellaceae,Reyranella,NA
ASV_380,Bacteria,Bacteroidota,Bacteroidia,Flavobacteriales,Flavobacteriaceae,Flavobacterium,NA
ASV_381,Bacteria,Verrucomicrobiota,Verrucomicrobiia,Opitutales,Opitutaceae,IMCC26134,NA
ASV_382,Bacteria,Pseudomonadota,Gammaproteobacteria,Enterobacterales,Alteromonadaceae,Rheinheimera,NA
ASV_383,Bacteria,Pseudomonadota,Alphaproteobacteria,Sphingomonadales,Sphingomonadaceae,Novosphingobium,NA
ASV_384,Bacteria,Actinomycetota,Acidimicrobiia,Microtrichales,Ilumatobacteraceae,CL500-29 marine group,NA
ASV_385,Bacteria,Pseudomonadota,Gammaproteobacteria,Pseudomonadales,Halomonadaceae,Halomonas,NA
ASV_386,Bacteria,Bacteroidota,Bacteroidia,Chitinophagales,Saprospiraceae,Haliscomenobacter,NA
ASV_387,Bacteria,Bacteroidota,Bacteroidia,Sphingobacteriales,NS11-12 marine group,NA,NA
ASV_388,Bacteria,Pseudomonadota,Gammaproteobacteria,Burkholderiales,Comamonadaceae,Aquabacterium,NA
ASV_389,Bacteria,Pseudomonadota,Gammaproteobacteria,Burkholderiales,MWH-UniP1 aquatic group,NA,NA
ASV_390,Bacteria,Pseudomonadota,Gammaproteobacteria,Pseudomonadales,211ds20,NA,NA
ASV_391,Bacteria,Bacteroidota,Bacteroidia,Flavobacteriales,Crocinitomicaceae,Fluviicola,NA
ASV_392,Bacteria,Pseudomonadota,Gammaproteobacteria,Burkholderiales,Oxalobacteraceae,Lacisediminimonas,NA
ASV_393,Bacteria,Pseudomonadota,Gammaproteobacteria,Burkholderiales,MWH-UniP1 aquatic group,NA,NA
ASV_394,Bacteria,Pseudomonadota,Alphaproteobacteria,Sphingomonadales,Sphingomonadaceae,Rhizorhapis,NA
ASV_395,Bacteria,Actinomycetota,Actinobacteria,Frankiales,Sporichthyaceae,hgcI clade,NA
ASV_396,Bacteria,Planctomycetota,Planctomycetes,Isosphaerales,Isosphaeraceae,NA,NA
ASV_397,Bacteria,Pseudomonadota,Gammaproteobacteria,Pseudomonadales,Spongiibacteraceae,BD1-7 clade,NA
ASV_398,Bacteria,Bacteroidota,Bacteroidia,Flavobacteriales,Flavobacteriaceae,Flavobacterium,NA
ASV_399,Bacteria,Pseudomonadota,Gammaproteobacteria,Burkholderiales,Comamonadaceae,Aquabacterium,NA
ASV_400,Bacteria,Pseudomonadota,Gammaproteobacteria,Enterobacterales,Alteromonadaceae,Rheinheimera,NA
ASV_401,Bacteria,Bacteroidota,Bacteroidia,Flavobacteriales,Flavobacteriaceae,Flavobacterium,NA
ASV_402,Bacteria,Pseudomonadota,Alphaproteobacteria,Hyphomicrobiales,Devosiaceae,Devosia,NA
ASV_403,Bacteria,Actinomycetota,Acidimicrobiia,Microtrichales,Ilumatobacteraceae,CL500-29 marine group,NA
ASV_404,Bacteria,Pseudomonadota,Gammaproteobacteria,Burkholderiales,Comamonadaceae,Hydrogenophaga,NA
ASV_405,Bacteria,Campylobacterota,Campylobacteria,Campylobacterales,Sulfurimonadaceae,Sulfurimonas,NA
ASV_406,Bacteria,Pseudomonadota,Alphaproteobacteria,Sphingomonadales,Sphingomonadaceae,Novosphingobium,naphthae
ASV_407,Bacteria,Pseudomonadota,Alphaproteobacteria,Reyranellales,Reyranellaceae,Reyranella,NA
ASV_408,Bacteria,Pseudomonadota,Gammaproteobacteria,Enterobacterales,Alteromonadaceae,Rheinheimera,NA
ASV_409,Bacteria,Actinomycetota,Acidimicrobiia,Microtrichales,Ilumatobacteraceae,CL500-29 marine group,NA
ASV_410,Bacteria,Pseudomonadota,Gammaproteobacteria,Pseudomonadales,Pseudomonadaceae,Pseudomonas,NA
ASV_411,Bacteria,Pseudomonadota,Gammaproteobacteria,Burkholderiales,Oxalobacteraceae,Lacisediminimonas,NA
ASV_412,Bacteria,Pseudomonadota,Gammaproteobacteria,Burkholderiales,Oxalobacteraceae,CM1G08,NA
ASV_413,Bacteria,Actinomycetota,Actinobacteria,Frankiales,Sporichthyaceae,hgcI clade,NA
ASV_414,Bacteria,Pseudomonadota,Gammaproteobacteria,Salinisphaerales,Nevskiaceae,Fontimonas,NA
ASV_415,Bacteria,Pseudomonadota,Alphaproteobacteria,Rickettsiales,AB1,NA,NA
ASV_416,Bacteria,Pseudomonadota,Gammaproteobacteria,Salinisphaerales,Nevskiaceae,Fontimonas,NA
ASV_417,Bacteria,Verrucomicrobiota,Verrucomicrobiia,Opitutales,Opitutaceae,Cephaloticoccus,NA
ASV_418,Bacteria,Actinomycetota,Actinobacteria,Micrococcales,Microbacteriaceae,Candidatus Aquiluna,NA
ASV_419,Bacteria,Bacteroidota,Bacteroidia,Sphingobacteriales,NS11-12 marine group,NA,NA
ASV_420,Bacteria,Pseudomonadota,Alphaproteobacteria,Hyphomicrobiales,Devosiaceae,Devosia,NA
ASV_421,Bacteria,Pseudomonadota,Alphaproteobacteria,Sphingomonadales,Sphingomonadaceae,Rhizorhabdus,NA
ASV_422,Bacteria,Pseudomonadota,Gammaproteobacteria,Legionellales,Legionellaceae,Legionella,NA
ASV_423,Bacteria,Pseudomonadota,Gammaproteobacteria,Burkholderiales,Comamonadaceae,Ramlibacter,NA
ASV_424,Bacteria,Campylobacterota,Campylobacteria,Campylobacterales,Sulfurimonadaceae,Sulfuricurvum,NA
ASV_425,Bacteria,Pseudomonadota,Gammaproteobacteria,Burkholderiales,Comamonadaceae,Hydrogenophaga,bisanensis
ASV_426,Bacteria,Bacteroidota,Bacteroidia,Flavobacteriales,Flavobacteriaceae,Flavobacterium,cheonhonense
ASV_427,Bacteria,Bacteroidota,Bacteroidia,Sphingobacteriales,NS11-12 marine group,NA,NA
ASV_428,Bacteria,Pseudomonadota,Gammaproteobacteria,Salinisphaerales,Nevskiaceae,Fontimonas,NA
ASV_429,Bacteria,Pseudomonadota,Alphaproteobacteria,Sphingomonadales,Sphingomonadaceae,Novosphingobium,NA
ASV_430,Bacteria,Bacteroidota,Bacteroidia,Flavobacteriales,Crocinitomicaceae,Fluviicola,NA
ASV_431,Bacteria,Pseudomonadota,Gammaproteobacteria,Pseudomonadales,Moraxellaceae,Perlucidibaca,piscinae
ASV_432,Bacteria,Pseudomonadota,Gammaproteobacteria,Burkholderiales,Comamonadaceae,Aquabacterium,NA
ASV_433,Bacteria,Pseudomonadota,Gammaproteobacteria,Burkholderiales,Comamonadaceae,Polaromonas,NA
ASV_434,Bacteria,Bacteroidota,Bacteroidia,Flavobacteriales,Flavobacteriaceae,Flavobacterium,NA
ASV_435,Bacteria,Bacteroidota,Bacteroidia,Sphingobacteriales,NS11-12 marine group,NA,NA
ASV_436,Bacteria,Pseudomonadota,Alphaproteobacteria,Rhodospirillales,Thalassospiraceae,Thalassospira,NA
ASV_437,Bacteria,Pseudomonadota,Gammaproteobacteria,Burkholderiales,Alcaligenaceae,Achromobacter,NA
ASV_438,Bacteria,Bacteroidota,Bacteroidia,Flavobacteriales,Crocinitomicaceae,Fluviicola,NA
ASV_439,Bacteria,Pseudomonadota,Gammaproteobacteria,Burkholderiales,Rhodocyclaceae,Methyloversatilis,universalis
ASV_440,Bacteria,Verrucomicrobiota,Verrucomicrobiia,Opitutales,Opitutaceae,Oleiharenicola,NA
ASV_441,Bacteria,Pseudomonadota,Gammaproteobacteria,Burkholderiales,Comamonadaceae,Aquabacterium,NA
ASV_442,Bacteria,Pseudomonadota,Gammaproteobacteria,Burkholderiales,Alcaligenaceae,Alcaligenes,NA
ASV_443,Bacteria,Pseudomonadota,Gammaproteobacteria,Burkholderiales,Comamonadaceae,Ottowia,NA
ASV_444,Bacteria,Pseudomonadota,Alphaproteobacteria,Rhodobacterales,Paracoccaceae,NA,NA
ASV_445,Bacteria,Bacteroidota,Bacteroidia,Sphingobacteriales,NS11-12 marine group,NA,NA
ASV_446,Bacteria,Pseudomonadota,Alphaproteobacteria,Sphingomonadales,Sphingomonadaceae,Novosphingobium,ginsenosidimutans
ASV_447,Bacteria,Pseudomonadota,Gammaproteobacteria,Pseudomonadales,Marinobacteraceae,Marinobacter,NA
ASV_448,Bacteria,Pseudomonadota,Gammaproteobacteria,Burkholderiales,Comamonadaceae,Ramlibacter,NA
ASV_449,Bacteria,Pseudomonadota,Gammaproteobacteria,Enterobacterales,Idiomarinaceae,Pseudidiomarina,marina
ASV_450,Bacteria,Bacteroidota,Bacteroidia,Cytophagales,Cyclobacteriaceae,Algoriphagus,NA
ASV_451,Bacteria,Pseudomonadota,Gammaproteobacteria,Burkholderiales,Comamonadaceae,NA,NA
ASV_452,Bacteria,Bacteroidota,Bacteroidia,Cytophagales,Cyclobacteriaceae,Algoriphagus,NA
ASV_453,Bacteria,Pseudomonadota,Alphaproteobacteria,Sphingomonadales,Sphingomonadaceae,Novosphingobium,NA
ASV_454,Bacteria,Pseudomonadota,Gammaproteobacteria,Salinisphaerales,Nevskiaceae,Fontimonas,NA
ASV_455,Bacteria,Verrucomicrobiota,Verrucomicrobiia,Opitutales,Opitutaceae,Cephaloticoccus,NA
ASV_456,Bacteria,Pseudomonadota,Gammaproteobacteria,Pseudomonadales,Pseudomonadaceae,Pseudomonas,alcaligenes
ASV_457,Bacteria,Bacteroidota,Bacteroidia,Bacteroidales,Rikenellaceae,NA,NA
ASV_458,Bacteria,Pseudomonadota,Gammaproteobacteria,Burkholderiales,Comamonadaceae,NA,NA
ASV_459,Bacteria,Pseudomonadota,Alphaproteobacteria,Sphingomonadales,Sphingomonadaceae,Novosphingobium,NA
ASV_460,Bacteria,Pseudomonadota,Gammaproteobacteria,Run-SP154,NA,NA,NA
ASV_461,Bacteria,Pseudomonadota,Gammaproteobacteria,Burkholderiales,Rhodocyclaceae,Methyloversatilis,universalis
ASV_462,Bacteria,Bacteroidota,Bacteroidia,Flavobacteriales,Cryomorphaceae,NA,NA
ASV_463,Bacteria,Pseudomonadota,Gammaproteobacteria,Burkholderiales,Comamonadaceae,Hydrogenophaga,NA
ASV_464,Bacteria,Pseudomonadota,Gammaproteobacteria,Burkholderiales,Comamonadaceae,Ramlibacter,NA
ASV_465,Bacteria,Pseudomonadota,Gammaproteobacteria,Burkholderiales,Methylophilaceae,NA,NA
ASV_466,Bacteria,Pseudomonadota,Gammaproteobacteria,Burkholderiales,Burkholderiaceae,Limnobacter,NA
ASV_467,Bacteria,Verrucomicrobiota,Verrucomicrobiia,Opitutales,Opitutaceae,IMCC26134,NA
ASV_468,Bacteria,Pseudomonadota,Gammaproteobacteria,Enterobacterales,Pasteurellaceae,Actinobacillus,NA
ASV_469,Bacteria,Pseudomonadota,Gammaproteobacteria,Burkholderiales,Neisseriaceae,NA,NA
ASV_470,Bacteria,Pseudomonadota,Alphaproteobacteria,Paracaedibacterales,Paracaedibacteraceae,NA,NA
ASV_471,Bacteria,Pseudomonadota,Gammaproteobacteria,Lysobacterales,Lysobacteraceae,Thermomonas,NA
ASV_472,Bacteria,Bacteroidota,Bacteroidia,Chitinophagales,37-13,NA,NA
ASV_473,Bacteria,Pseudomonadota,Alphaproteobacteria,Hyphomicrobiales,Hyphomicrobiales Incertae Sedis,NA,NA
ASV_474,Bacteria,Verrucomicrobiota,Verrucomicrobiia,Verrucomicrobiales,Verrucomicrobiaceae,Prosthecobacter,NA
ASV_475,Bacteria,Pseudomonadota,Gammaproteobacteria,Salinisphaerales,Nevskiaceae,Fontimonas,NA
ASV_476,Bacteria,Pseudomonadota,Gammaproteobacteria,Salinisphaerales,Nevskiaceae,NA,NA
ASV_477,Bacteria,Pseudomonadota,Alphaproteobacteria,Rhodobacterales,Paracoccaceae,Fuscovulum,NA
ASV_478,Bacteria,Pseudomonadota,Gammaproteobacteria,Lysobacterales,Lysobacteraceae,Arenimonas,NA
ASV_479,Bacteria,Actinomycetota,Actinobacteria,Frankiales,Sporichthyaceae,hgcI clade,NA
ASV_480,Bacteria,Pseudomonadota,Gammaproteobacteria,Burkholderiales,Rhodocyclaceae,C39,NA
ASV_481,Bacteria,Bacteroidota,Bacteroidia,Chitinophagales,Chitinophagaceae,Aurantisolimonas,NA
ASV_482,Bacteria,Verrucomicrobiota,Verrucomicrobiia,Opitutales,Opitutaceae,Oleiharenicola,NA
ASV_483,Bacteria,Pseudomonadota,Gammaproteobacteria,Burkholderiales,Rhodocyclaceae,C39,NA
ASV_484,Bacteria,Pseudomonadota,Gammaproteobacteria,Salinisphaerales,Nevskiaceae,Fontimonas,NA
ASV_485,Bacteria,Pseudomonadota,Gammaproteobacteria,Burkholderiales,Rhodocyclaceae,Thauera,NA
ASV_486,Bacteria,Pseudomonadota,Alphaproteobacteria,Micavibrionales,Micavibrionaceae,NA,NA
ASV_487,Bacteria,Pseudomonadota,Gammaproteobacteria,Legionellales,Legionellaceae,Legionella,NA
ASV_488,Bacteria,Pseudomonadota,Gammaproteobacteria,Enterobacterales,Aeromonadaceae,Aeromonas,caviae
ASV_489,Bacteria,Pseudomonadota,Alphaproteobacteria,Zavarziniales,Zavarziniaceae,Zavarzinia,compransoris
ASV_490,Bacteria,Bacteroidota,Bacteroidia,Chitinophagales,Chitinophagaceae,Aurantisolimonas,NA
ASV_491,Bacteria,Bacteroidota,Bacteroidia,Flavobacteriales,Weeksellaceae,Cloacibacterium,normanense
ASV_492,Bacteria,Bacteroidota,Bacteroidia,Bacteroidales,Rikenellaceae,NA,NA
ASV_493,Bacteria,Pseudomonadota,Gammaproteobacteria,Burkholderiales,Rhodocyclaceae,Thauera,NA
ASV_494,Bacteria,Pseudomonadota,Gammaproteobacteria,Burkholderiales,Comamonadaceae,NA,NA
ASV_495,Bacteria,Pseudomonadota,Gammaproteobacteria,Burkholderiales,Rhodocyclaceae,Thauera,phenylacetica
ASV_496,Bacteria,Pseudomonadota,Gammaproteobacteria,Burkholderiales,Rhodocyclaceae,Methyloversatilis,universalis
ASV_497,Bacteria,Pseudomonadota,Gammaproteobacteria,Burkholderiales,Comamonadaceae,Hydrogenophaga,NA
ASV_498,Bacteria,Bacillota,Clostridia,Peptostreptococcales-Tissierellales,Anaerovoracaceae,Anaerovorax,NA
ASV_499,Bacteria,Pseudomonadota,Gammaproteobacteria,Burkholderiales,Comamonadaceae,Ramlibacter,NA
ASV_500,Bacteria,Actinomycetota,Actinobacteria,Micrococcales,Microbacteriaceae,Candidatus Aquiluna,NA
ASV_501,Bacteria,Pseudomonadota,Gammaproteobacteria,Pseudomonadales,Halomonadaceae,Halomonas,shengliensis
ASV_502,Bacteria,Pseudomonadota,Gammaproteobacteria,Lysobacterales,Lysobacteraceae,Lysobacter,brunescens
ASV_503,Bacteria,Bacteroidota,Bacteroidia,Chitinophagales,Saprospiraceae,Haliscomenobacter,NA
ASV_504,Bacteria,Bdellovibrionota,Bacteriovoracia,Bacteriovoracales,Bacteriovoracaceae,Bacteriovorax,NA
ASV_505,Bacteria,Bacteroidota,Bacteroidia,Cytophagales,Cyclobacteriaceae,Algoriphagus,NA
ASV_506,Bacteria,Bacteroidota,Bacteroidia,Chitinophagales,Saprospiraceae,Haliscomenobacter,NA
ASV_507,Bacteria,Pseudomonadota,Gammaproteobacteria,Burkholderiales,Comamonadaceae,Hydrogenophaga,NA
ASV_508,Bacteria,Pseudomonadota,Gammaproteobacteria,Salinisphaerales,Nevskiaceae,Solimonas,NA
ASV_509,Bacteria,Bacteroidota,Bacteroidia,Chitinophagales,Chitinophagaceae,Aurantisolimonas,NA
ASV_510,Bacteria,Pseudomonadota,Gammaproteobacteria,Salinisphaerales,Nevskiaceae,Fontimonas,NA
ASV_511,Bacteria,Pseudomonadota,Gammaproteobacteria,Burkholderiales,Comamonadaceae,Hydrogenophaga,NA
ASV_512,Bacteria,Bacteroidota,Bacteroidia,Flavobacteriales,Flavobacteriaceae,Flavobacterium,NA
ASV_513,Bacteria,Pseudomonadota,Alphaproteobacteria,Rickettsiales,AB1,NA,NA
ASV_514,Bacteria,Pseudomonadota,Gammaproteobacteria,Pseudomonadales,Pseudohongiellaceae,Pseudohongiella,NA
ASV_515,Bacteria,Verrucomicrobiota,Verrucomicrobiia,Opitutales,Opitutaceae,IMCC26134,NA
ASV_516,Bacteria,Pseudomonadota,Gammaproteobacteria,Burkholderiales,Rhodocyclaceae,Methyloversatilis,universalis
ASV_517,Bacteria,Pseudomonadota,Gammaproteobacteria,Burkholderiales,Rhodocyclaceae,C39,NA
ASV_518,Bacteria,Pseudomonadota,Gammaproteobacteria,Burkholderiales,Rhodocyclaceae,Thauera,phenylacetica
ASV_519,Bacteria,Pseudomonadota,Alphaproteobacteria,Caulobacterales,Caulobacteraceae,Phenylobacterium,conjunctum
ASV_520,Bacteria,Actinomycetota,Actinobacteria,NA,NA,NA,NA
ASV_521,Bacteria,Pseudomonadota,Gammaproteobacteria,Burkholderiales,Alcaligenaceae,Saccharedens,NA
ASV_522,Bacteria,Pseudomonadota,Alphaproteobacteria,Rhodobacterales,Paracoccaceae,Rhodobacter,NA
ASV_523,Bacteria,Pseudomonadota,Gammaproteobacteria,Burkholderiales,Alcaligenaceae,Alcaligenes,NA
ASV_524,Bacteria,Pseudomonadota,Alphaproteobacteria,Sphingomonadales,Sphingomonadaceae,Novosphingobium,ginsenosidimutans
ASV_525,Bacteria,Pseudomonadota,Alphaproteobacteria,Reyranellales,Reyranellaceae,Reyranella,NA
ASV_526,Bacteria,Planctomycetota,Planctomycetes,Isosphaerales,Isosphaeraceae,NA,NA
ASV_527,Bacteria,Pseudomonadota,Gammaproteobacteria,Lysobacterales,Lysobacteraceae,Arenimonas,NA
ASV_528,Bacteria,Pseudomonadota,Alphaproteobacteria,Sphingomonadales,Sphingomonadaceae,Novosphingobium,NA
ASV_529,Bacteria,Bacteroidota,Bacteroidia,Chitinophagales,Chitinophagaceae,Aurantisolimonas,NA
ASV_530,Bacteria,Bacteroidota,Bacteroidia,Flavobacteriales,Flavobacteriaceae,Flavobacterium,cheonhonense
ASV_531,Bacteria,Pseudomonadota,Gammaproteobacteria,Burkholderiales,Neisseriaceae,Neisseria,NA
ASV_532,Bacteria,Verrucomicrobiota,Verrucomicrobiia,Verrucomicrobiales,Verrucomicrobiaceae,Prosthecobacter,NA
ASV_533,Bacteria,Pseudomonadota,Alphaproteobacteria,Caulobacterales,Caulobacteraceae,Phenylobacterium,NA
ASV_534,Bacteria,Pseudomonadota,Alphaproteobacteria,Zavarziniales,Zavarziniaceae,Zavarzinia,compransoris
ASV_535,Bacteria,Pseudomonadota,Alphaproteobacteria,Zavarziniales,Zavarziniaceae,Zavarzinia,compransoris
ASV_536,Bacteria,Pseudomonadota,Gammaproteobacteria,Pseudomonadales,Pseudomonadaceae,Pseudomonas,NA
ASV_537,Bacteria,Pseudomonadota,Gammaproteobacteria,Burkholderiales,Comamonadaceae,NA,NA
ASV_538,Bacteria,Pseudomonadota,Gammaproteobacteria,Burkholderiales,Oxalobacteraceae,CM1G08,NA
ASV_539,Bacteria,Pseudomonadota,Alphaproteobacteria,Micropepsales,Micropepsaceae,NA,NA
ASV_540,Bacteria,Pseudomonadota,Gammaproteobacteria,Burkholderiales,Burkholderiaceae,Pandoraea,sputorum
ASV_541,Bacteria,Pseudomonadota,Alphaproteobacteria,Sphingomonadales,Sphingomonadaceae,Novosphingobium,ginsenosidimutans
ASV_542,Bacteria,Bacteroidota,Bacteroidia,Flavobacteriales,Flavobacteriaceae,Flavobacterium,NA
ASV_543,Bacteria,Pseudomonadota,Alphaproteobacteria,Rickettsiales,NA,NA,NA
ASV_544,Bacteria,Pseudomonadota,Gammaproteobacteria,Lysobacterales,Lysobacteraceae,Thermomonas,NA
ASV_545,Bacteria,Pseudomonadota,Gammaproteobacteria,Pseudomonadales,Pseudomonadaceae,Pseudomonas,NA
ASV_546,Bacteria,Chlorobiota,Chlorobia,Chlorobiales,Chlorobiaceae,Chlorobium,NA
ASV_547,Bacteria,Pseudomonadota,Gammaproteobacteria,Burkholderiales,Comamonadaceae,Hydrogenophaga,NA
ASV_548,Bacteria,Bacteroidota,Bacteroidia,Flavobacteriales,Flavobacteriaceae,Flavobacterium,NA
ASV_549,Bacteria,Pseudomonadota,Gammaproteobacteria,Gammaproteobacteria Incertae Sedis,Unknown Family,Acidibacter,NA
ASV_550,Bacteria,Actinomycetota,Actinobacteria,Frankiales,Sporichthyaceae,hgcI clade,NA
ASV_551,Bacteria,Bacteroidota,Bacteroidia,Chitinophagales,Chitinophagaceae,Terrimonas,NA
ASV_552,Bacteria,Pseudomonadota,Gammaproteobacteria,Burkholderiales,Comamonadaceae,NA,NA
ASV_553,Bacteria,Pseudomonadota,Alphaproteobacteria,Caulobacterales,Caulobacteraceae,Phenylobacterium,NA
ASV_554,Bacteria,Pseudomonadota,Gammaproteobacteria,Burkholderiales,Comamonadaceae,Ottowia,NA
ASV_555,Bacteria,Pseudomonadota,Gammaproteobacteria,Burkholderiales,Neisseriaceae,NA,NA
ASV_556,Bacteria,Bacillota,Bacilli,Bacillales,Bacillaceae,Halolactibacillus,NA
ASV_557,Bacteria,Pseudomonadota,Alphaproteobacteria,Hyphomicrobiales,Devosiaceae,Devosia,NA
ASV_558,Bacteria,Pseudomonadota,Gammaproteobacteria,Lysobacterales,Lysobacteraceae,Thermomonas,NA
ASV_559,Bacteria,Pseudomonadota,Gammaproteobacteria,Burkholderiales,Comamonadaceae,Hydrogenophaga,NA
ASV_560,Bacteria,Bacteroidota,Bacteroidia,Flavobacteriales,Cryomorphaceae,NA,NA
ASV_561,Bacteria,Pseudomonadota,Gammaproteobacteria,Burkholderiales,MWH-UniP1 aquatic group,NA,NA
ASV_562,Bacteria,Pseudomonadota,Alphaproteobacteria,Rickettsiales,Rickettsiaceae,Candidatus Megaira,NA
ASV_563,Bacteria,Pseudomonadota,Alphaproteobacteria,Rhodobacterales,Paracoccaceae,NA,NA
ASV_564,Bacteria,Verrucomicrobiota,Verrucomicrobiia,Verrucomicrobiales,Verrucomicrobiaceae,Prosthecobacter,NA
ASV_565,Bacteria,Pseudomonadota,Gammaproteobacteria,Salinisphaerales,Nevskiaceae,Fontimonas,NA
ASV_566,Bacteria,Bacteroidota,Bacteroidia,Sphingobacteriales,NS11-12 marine group,NA,NA
ASV_567,Bacteria,Actinomycetota,Acidimicrobiia,Microtrichales,Ilumatobacteraceae,CL500-29 marine group,NA
ASV_568,Bacteria,Pseudomonadota,Gammaproteobacteria,Enterobacterales,Aeromonadaceae,Tolumonas,NA
ASV_569,Bacteria,Chlamydiota,Chlamydiia,Chlamydiales,Parachlamydiaceae,Neochlamydia,NA
ASV_570,Bacteria,Bacteroidota,Bacteroidia,Chitinophagales,Chitinophagaceae,Terrimonas,NA
ASV_571,Bacteria,Pseudomonadota,Gammaproteobacteria,Pseudomonadales,Pseudomonadaceae,Pseudomonas,NA
ASV_572,Bacteria,Pseudomonadota,Gammaproteobacteria,Pseudomonadales,NA,NA,NA
ASV_573,Bacteria,Pseudomonadota,Gammaproteobacteria,Burkholderiales,Comamonadaceae,Hydrogenophaga,NA
ASV_574,Bacteria,Verrucomicrobiota,Verrucomicrobiia,Verrucomicrobiales,Verrucomicrobiaceae,Brevifollis,NA
ASV_575,Bacteria,Pseudomonadota,Gammaproteobacteria,Burkholderiales,Rhodocyclaceae,Azonexus,NA
ASV_576,Bacteria,Planctomycetota,Planctomycetes,Pirellulales,Pirellulaceae,Pirellula,NA
ASV_577,Bacteria,Pseudomonadota,Gammaproteobacteria,Burkholderiales,Rhodocyclaceae,Thauera,NA
ASV_578,Bacteria,Bacteroidota,Bacteroidia,Flavobacteriales,Flavobacteriaceae,Flavobacterium,NA
ASV_579,Bacteria,Verrucomicrobiota,Verrucomicrobiia,Verrucomicrobiales,Verrucomicrobiaceae,Prosthecobacter,NA
ASV_580,Bacteria,Pseudomonadota,Gammaproteobacteria,Burkholderiales,Comamonadaceae,NA,NA
ASV_581,Bacteria,Pseudomonadota,Alphaproteobacteria,Reyranellales,Reyranellaceae,Reyranella,NA
ASV_582,Bacteria,Thermodesulfobacteriota,Desulfobacteria,Desulfobacterales,Desulfobacteraceae,NA,NA
ASV_583,Bacteria,Pseudomonadota,Gammaproteobacteria,Lysobacterales,Lysobacteraceae,Thermomonas,NA
ASV_584,Bacteria,Pseudomonadota,Gammaproteobacteria,Burkholderiales,Comamonadaceae,NA,NA
ASV_585,Bacteria,Pseudomonadota,Alphaproteobacteria,Hyphomicrobiales,Hyphomicrobiales Incertae Sedis,Alsobacter,NA
ASV_586,Bacteria,Pseudomonadota,Alphaproteobacteria,Sphingomonadales,Sphingomonadaceae,Rhizorhabdus,NA
ASV_587,Bacteria,Campylobacterota,Campylobacteria,Campylobacterales,Arcobacteraceae,Arcobacter,NA
ASV_588,Bacteria,Bacteroidota,Bacteroidia,Bacteroidetes VC2.1 Bac22,NA,NA,NA
ASV_589,Bacteria,Bacteroidota,Bacteroidia,Bacteroidales,Rikenellaceae,NA,NA
ASV_590,Bacteria,Thermodesulfobacteriota,Desulfuromonadia,Geobacterales,Geobacteraceae,Trichlorobacter,NA
ASV_591,Bacteria,Pseudomonadota,Gammaproteobacteria,Burkholderiales,Oxalobacteraceae,Lacisediminimonas,NA
ASV_592,Bacteria,Pseudomonadota,Alphaproteobacteria,Sphingomonadales,Sphingomonadaceae,Novosphingobium,NA
ASV_593,Bacteria,Actinomycetota,Acidimicrobiia,Microtrichales,Ilumatobacteraceae,CL500-29 marine group,NA
ASV_594,Bacteria,Pseudomonadota,Alphaproteobacteria,Sphingomonadales,Sphingomonadaceae,Rhizorhabdus,NA
ASV_595,Bacteria,Chlamydiota,Chlamydiia,Chlamydiales,Parachlamydiaceae,Candidatus Rubidus,NA
ASV_596,Bacteria,Pseudomonadota,Gammaproteobacteria,Pseudomonadales,Pseudomonadaceae,Pseudomonas,NA
ASV_597,Bacteria,Bacteroidota,Bacteroidia,Flavobacteriales,Crocinitomicaceae,Fluviicola,NA
ASV_598,Bacteria,Pseudomonadota,Alphaproteobacteria,Reyranellales,Reyranellaceae,Reyranella,NA
ASV_599,Bacteria,Pseudomonadota,Gammaproteobacteria,Run-SP154,NA,NA,NA
ASV_600,Bacteria,Pseudomonadota,Gammaproteobacteria,Burkholderiales,Rhodocyclaceae,C39,NA
ASV_601,Bacteria,Pseudomonadota,Alphaproteobacteria,Rhodobacterales,Paracoccaceae,Phaeovulum,NA
ASV_602,Bacteria,Bacteroidota,Bacteroidia,Cytophagales,Cyclobacteriaceae,Algoriphagus,NA
ASV_603,Bacteria,Pseudomonadota,Alphaproteobacteria,Rhodobacterales,Paracoccaceae,NA,NA
ASV_604,Bacteria,Verrucomicrobiota,Verrucomicrobiia,Opitutales,Opitutaceae,Oleiharenicola,NA
ASV_605,Bacteria,Bacteroidota,Bacteroidia,Sphingobacteriales,NS11-12 marine group,NA,NA
ASV_606,Bacteria,Actinomycetota,Acidimicrobiia,Microtrichales,Ilumatobacteraceae,CL500-29 marine group,NA
ASV_607,Bacteria,Pseudomonadota,Gammaproteobacteria,Salinisphaerales,Nevskiaceae,Fontimonas,NA
ASV_608,Bacteria,Bacteroidota,Bacteroidia,Chitinophagales,37-13,NA,NA
ASV_609,Bacteria,Bacteroidota,Bacteroidia,Sphingobacteriales,NS11-12 marine group,NA,NA
ASV_610,Bacteria,Bacteroidota,Bacteroidia,Chitinophagales,Chitinophagaceae,Terrimonas,NA
ASV_611,Bacteria,Pseudomonadota,Gammaproteobacteria,Burkholderiales,Methylophilaceae,NA,NA
ASV_612,Bacteria,Pseudomonadota,Gammaproteobacteria,Enterobacterales,Aeromonadaceae,Aeromonas,caviae
ASV_613,Bacteria,Pseudomonadota,Alphaproteobacteria,Rhodobacterales,Paracoccaceae,Fuscovulum,NA
ASV_614,Bacteria,Bacteroidota,Bacteroidia,Cytophagales,Cyclobacteriaceae,Algoriphagus,aquatilis
ASV_615,Bacteria,Pseudomonadota,Gammaproteobacteria,Burkholderiales,Comamonadaceae,Polaromonas,NA
ASV_616,Bacteria,Planctomycetota,Planctomycetes,Pirellulales,Pirellulaceae,Pirellula,NA
ASV_617,Bacteria,Pseudomonadota,Alphaproteobacteria,Paracaedibacterales,Paracaedibacteraceae,NA,NA
ASV_618,Bacteria,Pseudomonadota,Gammaproteobacteria,Lysobacterales,Lysobacteraceae,Arenimonas,NA
ASV_619,Bacteria,Pseudomonadota,Gammaproteobacteria,Lysobacterales,Lysobacteraceae,Arenimonas,NA
ASV_620,Bacteria,Pseudomonadota,Alphaproteobacteria,Sphingomonadales,Sphingomonadaceae,Rhizorhabdus,NA
ASV_621,Bacteria,Bdellovibrionota,Bacteriovoracia,Bacteriovoracales,Bacteriovoracaceae,Peredibacter,NA
ASV_622,Bacteria,Pseudomonadota,Alphaproteobacteria,Rhodobacterales,Paracoccaceae,Rhodobacter,NA
ASV_623,Bacteria,Pseudomonadota,Gammaproteobacteria,Burkholderiales,Comamonadaceae,NA,NA
ASV_624,Bacteria,Pseudomonadota,Gammaproteobacteria,Burkholderiales,Oxalobacteraceae,Lacisediminimonas,NA
ASV_625,Bacteria,Pseudomonadota,Alphaproteobacteria,Reyranellales,Reyranellaceae,Reyranella,NA
ASV_626,Bacteria,Pseudomonadota,Gammaproteobacteria,Burkholderiales,Comamonadaceae,Ramlibacter,NA
ASV_627,Bacteria,Pseudomonadota,Gammaproteobacteria,Pseudomonadales,Pseudomonadaceae,Pseudomonas,NA
ASV_628,Bacteria,Verrucomicrobiota,Verrucomicrobiia,Verrucomicrobiales,Verrucomicrobiaceae,Prosthecobacter,NA
ASV_629,Bacteria,Bacteroidota,Bacteroidia,Flavobacteriales,Crocinitomicaceae,Fluviicola,NA
ASV_630,Bacteria,Pseudomonadota,Gammaproteobacteria,Burkholderiales,Comamonadaceae,Aquabacterium,NA
ASV_631,Bacteria,Pseudomonadota,Gammaproteobacteria,Burkholderiales,Oxalobacteraceae,Lacisediminimonas,NA
ASV_632,Bacteria,Verrucomicrobiota,Verrucomicrobiia,Verrucomicrobiales,Verrucomicrobiaceae,Prosthecobacter,NA
ASV_633,Bacteria,Pseudomonadota,Gammaproteobacteria,Burkholderiales,MWH-UniP1 aquatic group,NA,NA
ASV_634,Bacteria,Pseudomonadota,Gammaproteobacteria,Enterobacterales,Aeromonadaceae,Tolumonas,osonensis
ASV_635,Bacteria,Pseudomonadota,Gammaproteobacteria,Salinisphaerales,Nevskiaceae,Fontimonas,NA
ASV_636,Bacteria,Pseudomonadota,Gammaproteobacteria,Burkholderiales,Comamonadaceae,Ramlibacter,NA
ASV_637,Bacteria,Bacteroidota,Bacteroidia,Cytophagales,Cyclobacteriaceae,Algoriphagus,NA
ASV_638,Bacteria,Pseudomonadota,Gammaproteobacteria,Burkholderiales,Rhodocyclaceae,Thauera,phenylacetica
ASV_639,Bacteria,Bacteroidota,Bacteroidia,Flavobacteriales,Flavobacteriaceae,Flavobacterium,NA
ASV_640,Bacteria,Pseudomonadota,Gammaproteobacteria,Burkholderiales,Rhodocyclaceae,Methyloversatilis,discipulorum
ASV_641,Bacteria,Pseudomonadota,Gammaproteobacteria,Burkholderiales,Alcaligenaceae,Saccharedens,NA
ASV_642,Bacteria,Bacteroidota,Bacteroidia,Chitinophagales,Chitinophagaceae,Aurantisolimonas,NA
ASV_643,Bacteria,Pseudomonadota,Alphaproteobacteria,Paracaedibacterales,Paracaedibacteraceae,NA,NA
ASV_644,Bacteria,Pseudomonadota,Gammaproteobacteria,Lysobacterales,Rhodanobacteraceae,Aquimonas,NA
ASV_645,Bacteria,SAR324 clade(Marine group B),Incertae Sedis,Incertae Sedis,Incertae Sedis,Candidatus Nitrosoarchaeum,NA
ASV_646,Bacteria,Bacillota,Bacilli,Acholeplasmatales,Acholeplasmataceae,Acholeplasma,NA
ASV_647,Bacteria,Pseudomonadota,Gammaproteobacteria,Burkholderiales,Alcaligenaceae,Saccharedens,NA
ASV_648,Bacteria,Pseudomonadota,Alphaproteobacteria,Acetobacterales,Acetobacteraceae,Roseomonas,NA
ASV_649,Bacteria,Actinomycetota,Acidimicrobiia,Microtrichales,Ilumatobacteraceae,CL500-29 marine group,NA
ASV_650,Bacteria,Actinomycetota,Acidimicrobiia,Microtrichales,Ilumatobacteraceae,CL500-29 marine group,NA
ASV_651,Bacteria,Pseudomonadota,Gammaproteobacteria,Pseudomonadales,Alcanivoracaceae,Ketobacter,NA
ASV_652,Bacteria,Actinomycetota,Acidimicrobiia,Microtrichales,Ilumatobacteraceae,CL500-29 marine group,NA
ASV_653,Bacteria,Bacteroidota,Bacteroidia,Cytophagales,Cyclobacteriaceae,Algoriphagus,NA
ASV_654,Bacteria,Pseudomonadota,Gammaproteobacteria,Enterobacterales,Aeromonadaceae,Tolumonas,osonensis
ASV_655,Bacteria,Bacteroidota,Bacteroidia,Bacteroidales,Tannerellaceae,Macellibacteroides,fermentans
ASV_656,Bacteria,Pseudomonadota,Gammaproteobacteria,Burkholderiales,Burkholderiaceae,Limnobacter,NA
ASV_657,Bacteria,Actinomycetota,Acidimicrobiia,Microtrichales,Ilumatobacteraceae,CL500-29 marine group,NA
ASV_658,Bacteria,Pseudomonadota,Gammaproteobacteria,Burkholderiales,Rhodocyclaceae,C39,NA
ASV_659,Bacteria,Bacteroidota,Bacteroidia,Bacteroidetes VC2.1 Bac22,NA,NA,NA
ASV_660,Bacteria,Pseudomonadota,Gammaproteobacteria,Burkholderiales,Comamonadaceae,NA,NA
ASV_661,Bacteria,Pseudomonadota,Gammaproteobacteria,Burkholderiales,Rhodocyclaceae,C39,NA
ASV_662,Bacteria,Pseudomonadota,Alphaproteobacteria,Sphingomonadales,Sphingomonadaceae,Novosphingobium,arvoryzae
ASV_663,Bacteria,Bacillota,Bacilli,Erysipelotrichales,Erysipelotrichaceae,Erysipelothrix,NA
ASV_664,Bacteria,Bacteroidota,Bacteroidia,Flavobacteriales,Crocinitomicaceae,Fluviicola,NA
ASV_665,Bacteria,Verrucomicrobiota,Verrucomicrobiia,Verrucomicrobiales,Verrucomicrobiaceae,Brevifollis,NA
ASV_666,Bacteria,Pseudomonadota,Gammaproteobacteria,Lysobacterales,Lysobacteraceae,Thermomonas,NA
ASV_667,Bacteria,Pseudomonadota,Gammaproteobacteria,Burkholderiales,Alcaligenaceae,Achromobacter,NA
ASV_668,Bacteria,Chlorobiota,Chlorobia,Chlorobiales,Chlorobiaceae,Chlorobium,NA
ASV_669,Bacteria,Bacteroidota,Bacteroidia,Chitinophagales,Chitinophagaceae,Terrimonas,NA
ASV_670,Bacteria,Bacteroidota,Bacteroidia,Bacteroidetes VC2.1 Bac22,NA,NA,NA
ASV_671,Bacteria,Pseudomonadota,Gammaproteobacteria,Pseudomonadales,NA,NA,NA
ASV_672,Bacteria,Bacteroidota,Bacteroidia,Flavobacteriales,Flavobacteriaceae,Flavobacterium,NA
ASV_673,Bacteria,Actinomycetota,Acidimicrobiia,Microtrichales,NA,NA,NA
ASV_674,Bacteria,Pseudomonadota,Gammaproteobacteria,Burkholderiales,MWH-UniP1 aquatic group,NA,NA
ASV_675,Bacteria,Verrucomicrobiota,Verrucomicrobiia,Pedosphaerales,Pedosphaeraceae,DEV114,NA
ASV_676,Bacteria,Pseudomonadota,Gammaproteobacteria,Burkholderiales,Burkholderiaceae,Limnobacter,NA
ASV_677,Bacteria,Pseudomonadota,Gammaproteobacteria,Burkholderiales,Alcaligenaceae,Achromobacter,NA
ASV_678,Bacteria,Pseudomonadota,Gammaproteobacteria,Pseudomonadales,Moraxellaceae,Perlucidibaca,NA
ASV_679,Bacteria,Pseudomonadota,Gammaproteobacteria,Enterobacterales,Aeromonadaceae,Tolumonas,NA
ASV_680,Bacteria,Pseudomonadota,Alphaproteobacteria,Rhodobacterales,Paracoccaceae,Gemmobacter,NA
ASV_681,Bacteria,Pseudomonadota,Gammaproteobacteria,Burkholderiales,Oxalobacteraceae,Lacisediminimonas,NA
ASV_682,Bacteria,Bacteroidota,Bacteroidia,Chitinophagales,Chitinophagaceae,Terrimonas,NA
ASV_683,Bacteria,Verrucomicrobiota,Verrucomicrobiia,Verrucomicrobiales,Verrucomicrobiaceae,Prosthecobacter,NA
ASV_684,Bacteria,Pseudomonadota,Gammaproteobacteria,Burkholderiales,Comamonadaceae,Hydrogenophaga,NA
ASV_685,Bacteria,Bacteroidota,Bacteroidia,Chitinophagales,Chitinophagaceae,Terrimonas,NA
ASV_686,Bacteria,Pseudomonadota,Gammaproteobacteria,Pseudomonadales,Pseudomonadaceae,Pseudomonas,NA
ASV_687,Bacteria,Pseudomonadota,Gammaproteobacteria,Burkholderiales,Comamonadaceae,Hydrogenophaga,bisanensis
ASV_688,Bacteria,Actinomycetota,Acidimicrobiia,Microtrichales,NA,NA,NA
ASV_689,Bacteria,Bacteroidota,Bacteroidia,Flavobacteriales,Crocinitomicaceae,Fluviicola,NA
ASV_690,Bacteria,Pseudomonadota,Gammaproteobacteria,Lysobacterales,Lysobacteraceae,Thermomonas,NA
ASV_691,Bacteria,Pseudomonadota,Gammaproteobacteria,Burkholderiales,Alcaligenaceae,Alcaligenes,NA
ASV_692,Bacteria,Pseudomonadota,Alphaproteobacteria,Rhodobacterales,Paracoccaceae,NA,NA
ASV_693,Bacteria,Actinomycetota,Actinobacteria,Micrococcales,Microbacteriaceae,Leucobacter,NA
ASV_694,Bacteria,Pseudomonadota,Gammaproteobacteria,Lysobacterales,Lysobacteraceae,Arenimonas,NA
ASV_695,Bacteria,Bacteroidota,Bacteroidia,Bacteroidales,Porphyromonadaceae,Porphyromonas,NA
ASV_696,Bacteria,Actinomycetota,Actinobacteria,Frankiales,Sporichthyaceae,hgcI clade,NA
ASV_697,Bacteria,Pseudomonadota,Gammaproteobacteria,Burkholderiales,Comamonadaceae,NA,NA
ASV_698,Bacteria,Verrucomicrobiota,Verrucomicrobiia,Opitutales,Opitutaceae,Cephaloticoccus,NA
ASV_699,Bacteria,Pseudomonadota,Gammaproteobacteria,Burkholderiales,Comamonadaceae,NA,NA
ASV_700,Bacteria,Pseudomonadota,Gammaproteobacteria,Burkholderiales,Burkholderiaceae,Limnobacter,NA
ASV_701,Bacteria,Pseudomonadota,Gammaproteobacteria,Enterobacterales,Alteromonadaceae,Rheinheimera,NA
ASV_702,Bacteria,Pseudomonadota,Gammaproteobacteria,Salinisphaerales,Nevskiaceae,Sinimarinibacterium,NA
ASV_703,Bacteria,Pseudomonadota,Gammaproteobacteria,Halothiobacillales,Halothiobacillaceae,Thiovirga,NA
ASV_704,Bacteria,Actinomycetota,Acidimicrobiia,Microtrichales,Ilumatobacteraceae,CL500-29 marine group,NA
ASV_705,Bacteria,Pseudomonadota,Alphaproteobacteria,Rhodobacterales,Paracoccaceae,Fuscovulum,NA
ASV_706,Bacteria,Pseudomonadota,Gammaproteobacteria,Pseudomonadales,NA,NA,NA
ASV_707,Bacteria,Actinomycetota,Actinobacteria,Micrococcales,Microbacteriaceae,Candidatus Aquiluna,NA
ASV_708,Bacteria,Verrucomicrobiota,Verrucomicrobiia,Opitutales,Opitutaceae,Oleiharenicola,NA
ASV_709,Bacteria,Pseudomonadota,Gammaproteobacteria,Burkholderiales,Alcaligenaceae,Saccharedens,NA
ASV_710,Bacteria,Pseudomonadota,Alphaproteobacteria,Rhodobacterales,Paracoccaceae,Fuscovulum,NA
ASV_711,Bacteria,Pseudomonadota,Gammaproteobacteria,Burkholderiales,Rhodocyclaceae,Methyloversatilis,universalis
ASV_712,Bacteria,Pseudomonadota,Gammaproteobacteria,Burkholderiales,Oxalobacteraceae,Lacisediminimonas,NA
ASV_713,Bacteria,Pseudomonadota,Gammaproteobacteria,Burkholderiales,Comamonadaceae,Hydrogenophaga,NA
ASV_714,Bacteria,Actinomycetota,Acidimicrobiia,Microtrichales,Ilumatobacteraceae,CL500-29 marine group,NA
ASV_715,Bacteria,Pseudomonadota,Gammaproteobacteria,Pseudomonadales,Cellvibrionaceae,Cellvibrio,NA
ASV_716,Bacteria,Pseudomonadota,Gammaproteobacteria,Halothiobacillales,Halothiobacillaceae,Thiovirga,NA
ASV_717,Bacteria,Pseudomonadota,Gammaproteobacteria,Pseudomonadales,Moraxellaceae,Perlucidibaca,NA
ASV_718,Bacteria,Pseudomonadota,Alphaproteobacteria,Caulobacterales,Caulobacteraceae,Phenylobacterium,NA
ASV_719,Bacteria,Pseudomonadota,Gammaproteobacteria,Burkholderiales,Comamonadaceae,Hydrogenophaga,bisanensis
ASV_720,Bacteria,Bacillota,Clostridia,Peptostreptococcales-Tissierellales,Anaerovoracaceae,NA,NA
ASV_721,Bacteria,Pseudomonadota,Gammaproteobacteria,Lysobacterales,Lysobacteraceae,Thermomonas,NA
ASV_722,Bacteria,Bacteroidota,Bacteroidia,Sphingobacteriales,NS11-12 marine group,NA,NA
ASV_723,Bacteria,Pseudomonadota,Alphaproteobacteria,Rhodobacterales,Paracoccaceae,Rhodobacter,NA
ASV_724,Bacteria,Pseudomonadota,Gammaproteobacteria,Burkholderiales,Comamonadaceae,Hydrogenophaga,NA
ASV_725,Bacteria,Actinomycetota,Actinobacteria,NA,NA,NA,NA
ASV_726,Bacteria,Pseudomonadota,Alphaproteobacteria,Paracaedibacterales,Paracaedibacteraceae,NA,NA
ASV_727,Bacteria,Pseudomonadota,Gammaproteobacteria,Burkholderiales,MWH-UniP1 aquatic group,NA,NA
ASV_728,Bacteria,Candidatus Kapabacteria,Kapabacteria,Kapabacteriales,NA,NA,NA
ASV_729,Bacteria,Pseudomonadota,Gammaproteobacteria,Pseudomonadales,Moraxellaceae,Perlucidibaca,NA
ASV_730,Bacteria,Pseudomonadota,Gammaproteobacteria,Enterobacterales,Alteromonadaceae,Rheinheimera,NA
ASV_731,Bacteria,Bacteroidota,Bacteroidia,Flavobacteriales,Crocinitomicaceae,Fluviicola,NA
ASV_732,Bacteria,Pseudomonadota,Gammaproteobacteria,Lysobacterales,Lysobacteraceae,Thermomonas,NA
ASV_733,Bacteria,Pseudomonadota,Gammaproteobacteria,Pseudomonadales,Pseudomonadaceae,Pseudomonas,NA
ASV_734,Bacteria,Pseudomonadota,Gammaproteobacteria,Enterobacterales,Alteromonadaceae,Rheinheimera,NA
ASV_735,Bacteria,Pseudomonadota,Gammaproteobacteria,Burkholderiales,Comamonadaceae,NA,NA
ASV_736,Bacteria,Pseudomonadota,Alphaproteobacteria,Rhodobacterales,Paracoccaceae,Fuscovulum,NA
ASV_737,Bacteria,Pseudomonadota,Gammaproteobacteria,Burkholderiales,Comamonadaceae,Aquabacterium,NA
ASV_738,Bacteria,Pseudomonadota,Gammaproteobacteria,Burkholderiales,Comamonadaceae,Ramlibacter,NA
ASV_739,Bacteria,Pseudomonadota,Alphaproteobacteria,Rickettsiales,Rickettsiaceae,Candidatus Megaira,NA
ASV_740,Bacteria,Bacteroidota,Bacteroidia,Flavobacteriales,Cryomorphaceae,NA,NA
ASV_741,Bacteria,Bacteroidota,Bacteroidia,Sphingobacteriales,NS11-12 marine group,NA,NA
ASV_742,Bacteria,Actinomycetota,Actinobacteria,Frankiales,Sporichthyaceae,hgcI clade,NA
ASV_743,Bacteria,Bacteroidota,Bacteroidia,Sphingobacteriales,Lentimicrobiaceae,Lentimicrobium,NA
ASV_744,Bacteria,Pseudomonadota,Gammaproteobacteria,Burkholderiales,Methylophilaceae,Methylophilus,NA
ASV_745,Bacteria,Pseudomonadota,Gammaproteobacteria,Burkholderiales,Comamonadaceae,Ramlibacter,NA
ASV_746,Bacteria,Pseudomonadota,Alphaproteobacteria,Azospirillales,Azospirillaceae,Azospirillum,NA
ASV_747,Bacteria,Pseudomonadota,Alphaproteobacteria,Azospirillales,Azospirillaceae,Azospirillum,NA
ASV_748,Bacteria,Bacteroidota,Bacteroidia,Chitinophagales,Chitinophagaceae,Terrimonas,NA
ASV_749,Bacteria,Bacteroidota,Bacteroidia,Bacteroidales,Prevotellaceae,NA,NA
ASV_750,Bacteria,Pseudomonadota,Alphaproteobacteria,Sphingomonadales,Sphingomonadaceae,Novosphingobium,naphthae
ASV_751,Bacteria,Pseudomonadota,Gammaproteobacteria,Burkholderiales,Burkholderiaceae,Limnobacter,NA
ASV_752,Bacteria,Pseudomonadota,Gammaproteobacteria,Pseudomonadales,Moraxellaceae,Perlucidibaca,piscinae
ASV_753,Bacteria,Pseudomonadota,Alphaproteobacteria,Rhodobacterales,Paracoccaceae,Fuscovulum,NA
ASV_754,Bacteria,Bacteroidota,Bacteroidia,Sphingobacteriales,Lentimicrobiaceae,Lentimicrobium,NA
ASV_755,Bacteria,Bacteroidota,Bacteroidia,Sphingobacteriales,Sphingobacteriaceae,Daejeonella,NA
ASV_756,Bacteria,Actinomycetota,Actinobacteria,NA,NA,NA,NA
ASV_757,Bacteria,Pseudomonadota,Gammaproteobacteria,Pseudomonadales,Pseudohongiellaceae,Pseudohongiella,NA
ASV_758,Bacteria,Pseudomonadota,Gammaproteobacteria,Pseudomonadales,Moraxellaceae,Perlucidibaca,NA
ASV_759,Bacteria,Pseudomonadota,Gammaproteobacteria,Burkholderiales,Methylophilaceae,MM2,NA
ASV_760,Bacteria,Planctomycetota,Planctomycetes,Isosphaerales,Isosphaeraceae,NA,NA
ASV_761,Bacteria,Pseudomonadota,Gammaproteobacteria,Pseudomonadales,Porticoccaceae,C1-B045,NA
ASV_762,Bacteria,Pseudomonadota,Gammaproteobacteria,Lysobacterales,Lysobacteraceae,Thermomonas,NA
ASV_763,Bacteria,Pseudomonadota,Alphaproteobacteria,Hyphomicrobiales,Devosiaceae,Devosia,NA
ASV_764,Bacteria,Bacteroidota,Bacteroidia,Flavobacteriales,Flavobacteriaceae,Flavobacterium,NA
ASV_765,Bacteria,Pseudomonadota,Gammaproteobacteria,Pseudomonadales,Pseudomonadaceae,Pseudomonas,NA
ASV_766,Bacteria,Actinomycetota,Acidimicrobiia,Microtrichales,Ilumatobacteraceae,CL500-29 marine group,NA
ASV_767,Bacteria,Pseudomonadota,Alphaproteobacteria,Sphingomonadales,Sphingomonadaceae,Rhizorhabdus,NA
ASV_768,Bacteria,Pseudomonadota,Alphaproteobacteria,Rickettsiales,NA,NA,NA
ASV_769,Bacteria,Pseudomonadota,Gammaproteobacteria,Burkholderiales,Comamonadaceae,Hydrogenophaga,NA
ASV_770,Bacteria,SAR324 clade(Marine group B),Incertae Sedis,Incertae Sedis,Incertae Sedis,Candidatus Nitrosoarchaeum,NA
ASV_771,Bacteria,Campylobacterota,Campylobacteria,Campylobacterales,Sulfurimonadaceae,Sulfurimonas,NA
ASV_772,Bacteria,Pseudomonadota,Gammaproteobacteria,Burkholderiales,Alcaligenaceae,Saccharedens,NA
ASV_773,Bacteria,Pseudomonadota,Gammaproteobacteria,Burkholderiales,Alcaligenaceae,Saccharedens,NA
ASV_774,Bacteria,Pseudomonadota,Gammaproteobacteria,Salinisphaerales,Nevskiaceae,Fontimonas,NA
ASV_775,Bacteria,Pseudomonadota,Gammaproteobacteria,Burkholderiales,Comamonadaceae,Hydrogenophaga,NA
ASV_776,Bacteria,Actinomycetota,Acidimicrobiia,Microtrichales,Ilumatobacteraceae,CL500-29 marine group,NA
ASV_777,Bacteria,Pseudomonadota,Gammaproteobacteria,Lysobacterales,Lysobacteraceae,Stenotrophomonas,maltophilia
ASV_778,Bacteria,Pseudomonadota,Gammaproteobacteria,Salinisphaerales,Nevskiaceae,Fontimonas,NA
ASV_779,Bacteria,Thermodesulfobacteriota,Desulfovibrionia,Desulfovibrionales,Desulfomicrobiaceae,Desulfomicrobium,salsuginis
ASV_780,Bacteria,Pseudomonadota,Gammaproteobacteria,Pseudomonadales,Marinobacteraceae,Marinobacter,NA
ASV_781,Bacteria,Pseudomonadota,Gammaproteobacteria,Enterobacterales,Alteromonadaceae,Rheinheimera,NA
ASV_782,Bacteria,Actinomycetota,Actinobacteria,Frankiales,Sporichthyaceae,hgcI clade,NA
ASV_783,Bacteria,Pseudomonadota,Gammaproteobacteria,Salinisphaerales,Nevskiaceae,Sinimarinibacterium,NA
ASV_784,Bacteria,Pseudomonadota,Gammaproteobacteria,Burkholderiales,Methylophilaceae,NA,NA
ASV_785,Bacteria,Bacteroidota,Bacteroidia,Bacteroidetes VC2.1 Bac22,NA,NA,NA
ASV_786,Bacteria,Bacteroidota,Bacteroidia,Sphingobacteriales,Lentimicrobiaceae,Lentimicrobium,NA
ASV_787,Bacteria,Pseudomonadota,Alphaproteobacteria,Sphingomonadales,Sphingomonadaceae,Novosphingobium,NA
ASV_788,Bacteria,Pseudomonadota,Gammaproteobacteria,Lysobacterales,Lysobacteraceae,Arenimonas,NA
ASV_789,Bacteria,Pseudomonadota,Gammaproteobacteria,Burkholderiales,Burkholderiaceae,Limnobacter,NA
ASV_790,Bacteria,Pseudomonadota,Gammaproteobacteria,Burkholderiales,Neisseriaceae,NA,NA
ASV_791,Bacteria,Actinomycetota,Actinobacteria,Frankiales,Sporichthyaceae,hgcI clade,NA
ASV_792,Bacteria,Verrucomicrobiota,Verrucomicrobiia,Verrucomicrobiales,Verrucomicrobiaceae,Prosthecobacter,NA
ASV_793,Bacteria,Pseudomonadota,Alphaproteobacteria,Ferrovibrionales,Ferrovibrionaceae,Ferrovibrio,NA
ASV_794,Bacteria,Pseudomonadota,Gammaproteobacteria,Burkholderiales,Rhodocyclaceae,C39,NA
ASV_795,Bacteria,Pseudomonadota,Gammaproteobacteria,Enterobacterales,Alteromonadaceae,Rheinheimera,NA
ASV_796,Bacteria,Pseudomonadota,Gammaproteobacteria,Salinisphaerales,Nevskiaceae,Solimonas,NA
ASV_797,Bacteria,Actinomycetota,Actinobacteria,Frankiales,Sporichthyaceae,hgcI clade,NA
ASV_798,Bacteria,Pseudomonadota,Gammaproteobacteria,Burkholderiales,Comamonadaceae,Aquabacterium,NA
ASV_799,Bacteria,Bacteroidota,Bacteroidia,Flavobacteriales,Crocinitomicaceae,Fluviicola,NA
ASV_800,Bacteria,Verrucomicrobiota,Verrucomicrobiia,Verrucomicrobiales,Verrucomicrobiaceae,Prosthecobacter,NA
ASV_801,Bacteria,Pseudomonadota,Gammaproteobacteria,Burkholderiales,Comamonadaceae,Ramlibacter,NA
ASV_802,Bacteria,Pseudomonadota,Gammaproteobacteria,Burkholderiales,Comamonadaceae,Hydrogenophaga,NA
ASV_803,Bacteria,Chlorobiota,Chlorobia,Chlorobiales,Chlorobiaceae,Chlorobaculum,NA
ASV_804,Bacteria,Campylobacterota,Campylobacteria,Campylobacterales,Arcobacteraceae,Arcobacter,faecis
ASV_805,Bacteria,Pseudomonadota,Alphaproteobacteria,Micavibrionales,Micavibrionaceae,NA,NA
ASV_806,Bacteria,Verrucomicrobiota,Verrucomicrobiia,Verrucomicrobiales,Verrucomicrobiaceae,Brevifollis,NA
ASV_807,Bacteria,Pseudomonadota,Gammaproteobacteria,Enterobacterales,Alteromonadaceae,Rheinheimera,NA
ASV_808,Bacteria,Pseudomonadota,Gammaproteobacteria,Burkholderiales,Neisseriaceae,NA,NA
ASV_809,Bacteria,Pseudomonadota,Gammaproteobacteria,Burkholderiales,Comamonadaceae,Ramlibacter,NA
ASV_810,Bacteria,Verrucomicrobiota,Verrucomicrobiia,Opitutales,Opitutaceae,Cephaloticoccus,NA
ASV_811,Bacteria,Pseudomonadota,Gammaproteobacteria,Burkholderiales,Comamonadaceae,Hydrogenophaga,atypica
ASV_812,Bacteria,Pseudomonadota,Gammaproteobacteria,Lysobacterales,Lysobacteraceae,Arenimonas,NA
ASV_813,Bacteria,Pseudomonadota,Gammaproteobacteria,Enterobacterales,Aeromonadaceae,Tolumonas,NA
ASV_814,Bacteria,Bacteroidota,Bacteroidia,Bacteroidales,Rikenellaceae,NA,NA
ASV_815,Bacteria,Pseudomonadota,Gammaproteobacteria,Burkholderiales,Comamonadaceae,NA,NA
ASV_816,Bacteria,Actinomycetota,Acidimicrobiia,Microtrichales,Ilumatobacteraceae,CL500-29 marine group,NA
ASV_817,Bacteria,Actinomycetota,Actinobacteria,Frankiales,Sporichthyaceae,hgcI clade,NA
ASV_818,Bacteria,Pseudomonadota,Alphaproteobacteria,Sphingomonadales,Sphingomonadaceae,Novosphingobium,NA
ASV_819,Bacteria,Actinomycetota,Acidimicrobiia,Microtrichales,Ilumatobacteraceae,CL500-29 marine group,NA
ASV_820,Bacteria,Pseudomonadota,Alphaproteobacteria,Sphingomonadales,Sphingomonadaceae,Sphingoaurantiacus,NA
ASV_821,Bacteria,Verrucomicrobiota,Verrucomicrobiia,Opitutales,Opitutaceae,IMCC26134,NA
ASV_822,Bacteria,Pseudomonadota,Gammaproteobacteria,Burkholderiales,Comamonadaceae,Hydrogenophaga,NA
ASV_823,Bacteria,Pseudomonadota,Gammaproteobacteria,Legionellales,Legionellaceae,Legionella,NA
ASV_824,Bacteria,Actinomycetota,Actinobacteria,PeM15,NA,NA,NA
ASV_825,Bacteria,Pseudomonadota,Alphaproteobacteria,Sphingomonadales,Sphingomonadaceae,Sphingobium,NA
ASV_826,Bacteria,Bacteroidota,Bacteroidia,Flavobacteriales,Crocinitomicaceae,Fluviicola,NA
ASV_827,Bacteria,Bacteroidota,Bacteroidia,Bacteroidales,Rikenellaceae,NA,NA
ASV_828,Bacteria,Actinomycetota,Acidimicrobiia,Microtrichales,Ilumatobacteraceae,CL500-29 marine group,NA
ASV_829,Bacteria,Pseudomonadota,Gammaproteobacteria,Burkholderiales,Methylophilaceae,Methylophilus,NA
ASV_830,Bacteria,Pseudomonadota,Gammaproteobacteria,Pseudomonadales,NA,NA,NA
ASV_831,Bacteria,Pseudomonadota,Gammaproteobacteria,Burkholderiales,Burkholderiaceae,Polynucleobacter,NA
ASV_832,Bacteria,Pseudomonadota,Gammaproteobacteria,Burkholderiales,Rhodocyclaceae,C39,NA
ASV_833,Bacteria,Bacteroidota,Bacteroidia,Chitinophagales,Chitinophagaceae,Aurantisolimonas,NA
ASV_834,Bacteria,Planctomycetota,Planctomycetes,Pirellulales,Pirellulaceae,Pirellula,NA
ASV_835,Bacteria,Bacteroidota,Bacteroidia,Flavobacteriales,Crocinitomicaceae,Fluviicola,NA
ASV_836,Bacteria,Pseudomonadota,Gammaproteobacteria,Burkholderiales,Burkholderiaceae,Pandoraea,sputorum
ASV_837,Bacteria,Pseudomonadota,Gammaproteobacteria,Enterobacterales,Aeromonadaceae,Tolumonas,osonensis
ASV_838,Bacteria,Planctomycetota,Planctomycetes,Isosphaerales,Isosphaeraceae,NA,NA
ASV_839,Bacteria,Pseudomonadota,Gammaproteobacteria,Burkholderiales,Comamonadaceae,NA,NA
ASV_840,Bacteria,Bacteroidota,Bacteroidia,Cytophagales,Spirosomataceae,Sandaracinomonas,NA
ASV_841,Bacteria,Pseudomonadota,Gammaproteobacteria,Burkholderiales,Comamonadaceae,NA,NA
ASV_842,Bacteria,Pseudomonadota,Gammaproteobacteria,Burkholderiales,Chromobacteriaceae,Vogesella,amnigena
ASV_843,Bacteria,Bacteroidota,Bacteroidia,Flavobacteriales,Crocinitomicaceae,Fluviicola,NA
ASV_844,Bacteria,Bacteroidota,Bacteroidia,Chitinophagales,NA,NA,NA
ASV_845,Bacteria,Pseudomonadota,Gammaproteobacteria,Burkholderiales,Comamonadaceae,Hydrogenophaga,NA
ASV_846,Bacteria,Bacteroidota,Bacteroidia,Cytophagales,Spirosomataceae,Fluviimonas,pallidilutea
ASV_847,Bacteria,Pseudomonadota,Gammaproteobacteria,Burkholderiales,Methylophilaceae,Methylophilus,NA
ASV_848,Bacteria,Fusobacteriota,Fusobacteriia,Fusobacteriales,Leptotrichiaceae,Hypnocyclicus,NA
ASV_849,Bacteria,Pseudomonadota,Alphaproteobacteria,Zavarziniales,Zavarziniaceae,Zavarzinia,NA
ASV_850,Bacteria,Bacteroidota,Bacteroidia,Cytophagales,Spirosomataceae,Sandaracinomonas,NA
ASV_851,Bacteria,Bacteroidota,Bacteroidia,Flavobacteriales,Crocinitomicaceae,Fluviicola,NA
ASV_852,Bacteria,Bacteroidota,Bacteroidia,Bacteroidales,Prolixibacteraceae,NA,NA
ASV_853,Bacteria,Pseudomonadota,Gammaproteobacteria,Burkholderiales,Alcaligenaceae,Achromobacter,NA
ASV_854,Bacteria,Pseudomonadota,Alphaproteobacteria,Tistrellales,Tistrellaceae,Tistrella,mobilis
ASV_855,Bacteria,Verrucomicrobiota,Verrucomicrobiia,Verrucomicrobiales,Verrucomicrobiaceae,Prosthecobacter,NA
ASV_856,Bacteria,Pseudomonadota,Gammaproteobacteria,Lysobacterales,Lysobacteraceae,Thermomonas,NA
ASV_857,Bacteria,Pseudomonadota,Alphaproteobacteria,Zavarziniales,Zavarziniaceae,Zavarzinia,compransoris
ASV_858,Bacteria,Pseudomonadota,Gammaproteobacteria,Burkholderiales,Rhodocyclaceae,Methyloversatilis,universalis
ASV_859,Bacteria,Pseudomonadota,Alphaproteobacteria,Rhodobacterales,Paracoccaceae,NA,NA
ASV_860,Bacteria,Pseudomonadota,Alphaproteobacteria,Acetobacterales,Acetobacteraceae,NA,NA
ASV_861,Bacteria,Pseudomonadota,Gammaproteobacteria,Salinisphaerales,Nevskiaceae,Solimonas,NA
ASV_862,Bacteria,Pseudomonadota,Gammaproteobacteria,Burkholderiales,Burkholderiaceae,Polynucleobacter,acidiphobus
ASV_863,Bacteria,Pseudomonadota,Gammaproteobacteria,Burkholderiales,Comamonadaceae,Ramlibacter,NA
ASV_864,Bacteria,Bdellovibrionota,Bacteriovoracia,Bacteriovoracales,Bacteriovoracaceae,Peredibacter,NA
ASV_865,Bacteria,Pseudomonadota,Gammaproteobacteria,Burkholderiales,Comamonadaceae,Hydrogenophaga,NA
ASV_866,Bacteria,Bacteroidota,Bacteroidia,Chitinophagales,NA,NA,NA
ASV_867,Bacteria,Planctomycetota,Planctomycetes,Pirellulales,Pirellulaceae,Pirellula,NA
ASV_868,Bacteria,Actinomycetota,Actinobacteria,Frankiales,Sporichthyaceae,hgcI clade,NA
ASV_869,Bacteria,Actinomycetota,Actinobacteria,Frankiales,Sporichthyaceae,hgcI clade,NA
ASV_870,Bacteria,Pseudomonadota,Gammaproteobacteria,Burkholderiales,Rhodocyclaceae,Methyloversatilis,universalis
ASV_871,Bacteria,Pseudomonadota,Gammaproteobacteria,Lysobacterales,Lysobacteraceae,Arenimonas,NA
ASV_872,Bacteria,Pseudomonadota,Gammaproteobacteria,Lysobacterales,Lysobacteraceae,Arenimonas,NA
ASV_873,Bacteria,Pseudomonadota,Alphaproteobacteria,Rhodobacterales,Paracoccaceae,Fuscovulum,NA
ASV_874,Bacteria,Bdellovibrionota,Bdellovibrionia,Bdellovibrionales,Pseudobdellovibrionaceae,Bdellovibrio,NA
ASV_875,Bacteria,Pseudomonadota,Gammaproteobacteria,Lysobacterales,Lysobacteraceae,Pseudoxanthomonas,mexicana
ASV_876,Bacteria,Pseudomonadota,Gammaproteobacteria,Pseudomonadales,Pseudomonadaceae,Pseudomonas,NA
ASV_877,Bacteria,Pseudomonadota,Gammaproteobacteria,Burkholderiales,Oxalobacteraceae,Lacisediminimonas,NA
ASV_878,Bacteria,Pseudomonadota,Gammaproteobacteria,Burkholderiales,Comamonadaceae,Aquabacterium,NA
ASV_879,Bacteria,Bacteroidota,Bacteroidia,Cytophagales,Cyclobacteriaceae,Algoriphagus,NA
ASV_880,Bacteria,Bacteroidota,Bacteroidia,Sphingobacteriales,Sphingobacteriaceae,Daejeonella,NA
ASV_881,Bacteria,Pseudomonadota,Gammaproteobacteria,Burkholderiales,Comamonadaceae,Hydrogenophaga,NA
ASV_882,Bacteria,Planctomycetota,Planctomycetes,Isosphaerales,Isosphaeraceae,NA,NA
ASV_883,Bacteria,Pseudomonadota,Gammaproteobacteria,Burkholderiales,Rhodocyclaceae,Thauera,aminoaromatica
ASV_884,Bacteria,Pseudomonadota,Gammaproteobacteria,Burkholderiales,Comamonadaceae,Acidovorax,NA
ASV_885,Bacteria,Bacteroidota,Bacteroidia,Cytophagales,Cyclobacteriaceae,Algoriphagus,NA
ASV_886,Bacteria,Pseudomonadota,Gammaproteobacteria,Burkholderiales,Comamonadaceae,Aquabacterium,NA
ASV_887,Bacteria,Bacteroidota,Bacteroidia,Cytophagales,Cyclobacteriaceae,Algoriphagus,NA
ASV_888,Bacteria,Pseudomonadota,Gammaproteobacteria,Salinisphaerales,Nevskiaceae,NA,NA
ASV_889,Bacteria,Pseudomonadota,Gammaproteobacteria,NA,NA,NA,NA
ASV_890,Bacteria,Bacillota,Bacilli,Erysipelotrichales,Erysipelotrichaceae,Erysipelothrix,NA
ASV_891,Bacteria,Pseudomonadota,Alphaproteobacteria,Hyphomicrobiales,Hyphomicrobiales Incertae Sedis,NA,NA
ASV_892,Bacteria,Pseudomonadota,Gammaproteobacteria,Pseudomonadales,Moraxellaceae,Acinetobacter,NA
ASV_893,Bacteria,Actinomycetota,Actinobacteria,Frankiales,Sporichthyaceae,hgcI clade,NA
ASV_894,Bacteria,Bdellovibrionota,Oligoflexia,Silvanigrellales,Silvanigrellaceae,NA,NA
ASV_895,Bacteria,Pseudomonadota,Gammaproteobacteria,Methylococcales,Methylococcaceae,Methyloparacoccus,murrellii
ASV_896,Bacteria,Actinomycetota,Acidimicrobiia,Microtrichales,NA,NA,NA
ASV_897,Bacteria,Pseudomonadota,Gammaproteobacteria,Burkholderiales,Rhodocyclaceae,Methyloversatilis,discipulorum
ASV_898,Bacteria,Bacteroidota,Bacteroidia,Flavobacteriales,Crocinitomicaceae,Fluviicola,NA
ASV_899,Bacteria,Pseudomonadota,Gammaproteobacteria,Burkholderiales,Comamonadaceae,Aquabacterium,NA
ASV_900,Bacteria,Pseudomonadota,Gammaproteobacteria,Burkholderiales,Comamonadaceae,Hydrogenophaga,NA
ASV_901,Bacteria,Pseudomonadota,Alphaproteobacteria,Ferrovibrionales,Ferrovibrionaceae,Ferrovibrio,NA
ASV_902,Bacteria,Pseudomonadota,Gammaproteobacteria,Lysobacterales,Lysobacteraceae,Arenimonas,NA
ASV_903,Bacteria,Pseudomonadota,Gammaproteobacteria,NA,NA,NA,NA
ASV_904,Bacteria,Pseudomonadota,Alphaproteobacteria,Reyranellales,Reyranellaceae,Reyranella,aquatilis
ASV_905,Bacteria,Bdellovibrionota,Bacteriovoracia,Bacteriovoracales,Bacteriovoracaceae,Bacteriovorax,NA
ASV_906,Bacteria,Bacteroidota,Bacteroidia,Sphingobacteriales,Sphingobacteriaceae,Daejeonella,NA
ASV_907,Bacteria,Pseudomonadota,Gammaproteobacteria,Burkholderiales,Rhodocyclaceae,Methyloversatilis,universalis
ASV_908,Bacteria,Campylobacterota,Campylobacteria,Campylobacterales,Arcobacteraceae,Arcobacter,NA
ASV_909,Bacteria,Pseudomonadota,Alphaproteobacteria,Rhodobacterales,Paracoccaceae,Phaeovulum,NA
ASV_910,Bacteria,Pseudomonadota,Alphaproteobacteria,Sphingomonadales,Sphingomonadaceae,Novosphingobium,NA
ASV_911,Bacteria,Pseudomonadota,Gammaproteobacteria,Burkholderiales,MWH-UniP1 aquatic group,NA,NA
ASV_912,Bacteria,Bacteroidota,Bacteroidia,Flavobacteriales,Crocinitomicaceae,Fluviicola,NA
ASV_913,Bacteria,Pseudomonadota,Alphaproteobacteria,Rhodobacterales,Paracoccaceae,Fuscovulum,NA
ASV_914,Bacteria,Actinomycetota,Actinobacteria,Frankiales,Sporichthyaceae,hgcI clade,NA
ASV_915,Bacteria,Pseudomonadota,Gammaproteobacteria,Burkholderiales,Alcaligenaceae,Saccharedens,NA
ASV_916,Bacteria,Pseudomonadota,Alphaproteobacteria,Rickettsiales,AB1,NA,NA
ASV_917,Bacteria,Pseudomonadota,Gammaproteobacteria,Burkholderiales,Burkholderiaceae,Limnobacter,NA
ASV_918,Bacteria,Bacteroidota,Bacteroidia,Cytophagales,Cyclobacteriaceae,Algoriphagus,NA
ASV_919,Bacteria,Bacteroidota,Bacteroidia,Flavobacteriales,Flavobacteriaceae,Flavobacterium,NA
ASV_920,Bacteria,Pseudomonadota,Gammaproteobacteria,Burkholderiales,Comamonadaceae,Aquabacterium,NA
ASV_921,Bacteria,Pseudomonadota,Gammaproteobacteria,Enterobacterales,Alteromonadaceae,Rheinheimera,NA
ASV_922,Bacteria,Bacteroidota,Bacteroidia,Flavobacteriales,Flavobacteriaceae,Flavobacterium,cheonhonense
ASV_923,Bacteria,Pseudomonadota,Gammaproteobacteria,Burkholderiales,Comamonadaceae,Hydrogenophaga,NA
ASV_924,Bacteria,Pseudomonadota,Gammaproteobacteria,Burkholderiales,Methylophilaceae,NA,NA
ASV_925,Bacteria,Pseudomonadota,Gammaproteobacteria,Burkholderiales,Comamonadaceae,Ottowia,NA
ASV_926,Bacteria,Pseudomonadota,Gammaproteobacteria,Salinisphaerales,Nevskiaceae,Fontimonas,NA
ASV_927,Bacteria,Pseudomonadota,Gammaproteobacteria,Burkholderiales,Comamonadaceae,NA,NA
ASV_928,Bacteria,Pseudomonadota,Gammaproteobacteria,Burkholderiales,Rhodocyclaceae,Azonexus,caeni
ASV_929,Bacteria,Bacillota,Negativicutes,Veillonellales-Selenomonadales,Veillonellaceae,Veillonella,rogosae
ASV_930,Bacteria,Chlamydiota,Chlamydiia,Chlamydiales,Parachlamydiaceae,Neochlamydia,NA
ASV_931,Bacteria,Pseudomonadota,Gammaproteobacteria,Burkholderiales,Methylophilaceae,MM2,NA
ASV_932,Bacteria,Pseudomonadota,Gammaproteobacteria,Lysobacterales,Lysobacteraceae,Arenimonas,NA
ASV_933,Bacteria,Pseudomonadota,Gammaproteobacteria,Lysobacterales,Rhodanobacteraceae,Aquimonas,NA
ASV_934,Bacteria,Pseudomonadota,Gammaproteobacteria,Burkholderiales,Oxalobacteraceae,NA,NA
ASV_935,Bacteria,Pseudomonadota,Gammaproteobacteria,Burkholderiales,Comamonadaceae,Hydrogenophaga,NA
ASV_936,Bacteria,Pseudomonadota,Gammaproteobacteria,NA,NA,NA,NA
ASV_937,Bacteria,Pseudomonadota,Gammaproteobacteria,Pseudomonadales,Halomonadaceae,Halomonas,NA
ASV_938,Bacteria,Pseudomonadota,Gammaproteobacteria,Burkholderiales,Rhodocyclaceae,Thauera,NA
ASV_939,Bacteria,Pseudomonadota,Alphaproteobacteria,Rhodobacterales,Paracoccaceae,NA,NA
ASV_940,Bacteria,Pseudomonadota,Gammaproteobacteria,Burkholderiales,Comamonadaceae,Hydrogenophaga,NA
ASV_941,Bacteria,Actinomycetota,Acidimicrobiia,Microtrichales,Ilumatobacteraceae,CL500-29 marine group,NA
ASV_942,Bacteria,Bacillota,Bacilli,Acholeplasmatales,Acholeplasmataceae,Acholeplasma,NA
ASV_943,Bacteria,Pseudomonadota,Alphaproteobacteria,Rhodobacterales,Paracoccaceae,NA,NA
ASV_944,Bacteria,Pseudomonadota,Gammaproteobacteria,Burkholderiales,Comamonadaceae,NA,NA
ASV_945,Bacteria,Pseudomonadota,Gammaproteobacteria,Salinisphaerales,Nevskiaceae,Fontimonas,NA
ASV_946,Bacteria,Pseudomonadota,Gammaproteobacteria,Burkholderiales,Burkholderiaceae,Limnobacter,NA
ASV_947,Bacteria,Pseudomonadota,Gammaproteobacteria,Burkholderiales,Alcaligenaceae,Saccharedens,NA
ASV_948,Bacteria,Pseudomonadota,Gammaproteobacteria,Burkholderiales,Comamonadaceae,Ramlibacter,NA
ASV_949,Bacteria,Actinomycetota,Acidimicrobiia,Microtrichales,Ilumatobacteraceae,CL500-29 marine group,NA
ASV_950,Bacteria,Thermodesulfobacteriota,Desulfovibrionia,Desulfovibrionales,Desulfomicrobiaceae,Desulfomicrobium,aestuarii
ASV_951,Bacteria,Pseudomonadota,Alphaproteobacteria,Zavarziniales,Zavarziniaceae,Zavarzinia,compransoris
ASV_952,Bacteria,Pseudomonadota,Gammaproteobacteria,Burkholderiales,Oxalobacteraceae,CM1G08,NA
ASV_953,Bacteria,Verrucomicrobiota,Verrucomicrobiia,Verrucomicrobiales,Verrucomicrobiaceae,Prosthecobacter,NA
ASV_954,Bacteria,Pseudomonadota,Gammaproteobacteria,Burkholderiales,Comamonadaceae,NA,NA
ASV_955,Bacteria,Bdellovibrionota,Bacteriovoracia,Bacteriovoracales,Bacteriovoracaceae,Peredibacter,NA
ASV_956,Bacteria,Verrucomicrobiota,Verrucomicrobiia,Opitutales,Opitutaceae,Cephaloticoccus,NA
ASV_957,Bacteria,Bacteroidota,Bacteroidia,Flavobacteriales,Cryomorphaceae,NA,NA
ASV_958,Bacteria,Pseudomonadota,Alphaproteobacteria,Paracaedibacterales,Paracaedibacteraceae,NA,NA
ASV_959,Bacteria,Pseudomonadota,Alphaproteobacteria,Rickettsiales,NA,NA,NA
ASV_960,Bacteria,Bacteroidota,Bacteroidia,Chitinophagales,NA,NA,NA
ASV_961,Bacteria,Bacteroidota,Bacteroidia,Sphingobacteriales,Sphingobacteriaceae,Daejeonella,NA
ASV_962,Bacteria,Bacillota,Bacilli,Erysipelotrichales,Erysipelotrichaceae,Erysipelothrix,NA
ASV_963,Bacteria,Actinomycetota,Acidimicrobiia,Microtrichales,Ilumatobacteraceae,CL500-29 marine group,NA
ASV_964,Bacteria,Verrucomicrobiota,Verrucomicrobiia,Verrucomicrobiales,Verrucomicrobiaceae,Prosthecobacter,NA
ASV_965,Bacteria,Pseudomonadota,Gammaproteobacteria,Burkholderiales,Rhodocyclaceae,Methyloversatilis,universalis
ASV_966,Bacteria,Pseudomonadota,Gammaproteobacteria,Salinisphaerales,Nevskiaceae,Solimonas,NA
ASV_967,Bacteria,Pseudomonadota,Gammaproteobacteria,Lysobacterales,Rhodanobacteraceae,Aquimonas,NA
ASV_968,Bacteria,Pseudomonadota,Gammaproteobacteria,Burkholderiales,Comamonadaceae,Inhella,NA
ASV_969,Bacteria,Cyanobacteriota,Vampirivibrionia,Obscuribacterales,Obscuribacteraceae,Candidatus Obscuribacter,NA
ASV_970,Bacteria,Pseudomonadota,Gammaproteobacteria,Burkholderiales,Comamonadaceae,Hydrogenophaga,NA
ASV_971,Bacteria,Bacteroidota,Bacteroidia,Chitinophagales,Chitinophagaceae,Terrimonas,NA
ASV_972,Bacteria,Pseudomonadota,Gammaproteobacteria,Burkholderiales,Neisseriaceae,Neisseria,NA
ASV_973,Bacteria,Pseudomonadota,Gammaproteobacteria,Burkholderiales,Comamonadaceae,Aquabacterium,NA
ASV_974,Bacteria,Pseudomonadota,Alphaproteobacteria,Hyphomicrobiales,Hyphomicrobiales Incertae Sedis,Alsobacter,NA
ASV_975,Bacteria,Pseudomonadota,Gammaproteobacteria,Pseudomonadales,Moraxellaceae,Acinetobacter,junii
ASV_976,Bacteria,Pseudomonadota,Gammaproteobacteria,Burkholderiales,Comamonadaceae,Hydrogenophaga,NA
ASV_977,Bacteria,Pseudomonadota,Alphaproteobacteria,Sphingomonadales,Sphingomonadaceae,Novosphingobium,NA
ASV_978,Bacteria,Pseudomonadota,Alphaproteobacteria,Reyranellales,Reyranellaceae,Reyranella,NA
ASV_979,Bacteria,Actinomycetota,Actinobacteria,Frankiales,Sporichthyaceae,hgcI clade,NA
ASV_980,Bacteria,Pseudomonadota,Gammaproteobacteria,Burkholderiales,Comamonadaceae,NA,NA
ASV_981,Bacteria,Bacteroidota,Bacteroidia,Flavobacteriales,NS9 marine group,NA,NA
ASV_982,Bacteria,Verrucomicrobiota,Verrucomicrobiia,Opitutales,Opitutaceae,Cephaloticoccus,NA
ASV_983,Bacteria,Pseudomonadota,Alphaproteobacteria,Azospirillales,Azospirillaceae,Azospirillum,NA
ASV_984,Bacteria,Pseudomonadota,Gammaproteobacteria,Burkholderiales,Methylophilaceae,NA,NA
ASV_985,Bacteria,Pseudomonadota,Gammaproteobacteria,Pseudomonadales,Pseudomonadaceae,Pseudomonas,NA
ASV_986,Bacteria,Actinomycetota,Acidimicrobiia,Microtrichales,Ilumatobacteraceae,CL500-29 marine group,NA
ASV_987,Bacteria,Verrucomicrobiota,Verrucomicrobiia,Opitutales,Opitutaceae,Opitutus,NA
ASV_988,Bacteria,Pseudomonadota,Gammaproteobacteria,Pseudomonadales,NA,NA,NA
ASV_989,Bacteria,Pseudomonadota,Gammaproteobacteria,Burkholderiales,Comamonadaceae,Aquabacterium,NA
ASV_990,Bacteria,Pseudomonadota,Alphaproteobacteria,Ferrovibrionales,Ferrovibrionaceae,Ferrovibrio,NA
ASV_991,Bacteria,Actinomycetota,Actinobacteria,Frankiales,Sporichthyaceae,hgcI clade,NA
ASV_992,Bacteria,Actinomycetota,Actinobacteria,PeM15,NA,NA,NA
ASV_993,Bacteria,Pseudomonadota,Gammaproteobacteria,Pseudomonadales,NA,NA,NA
ASV_994,Bacteria,Pseudomonadota,Gammaproteobacteria,Pseudomonadales,Pseudomonadaceae,Pseudomonas,NA
ASV_995,Bacteria,Pseudomonadota,Gammaproteobacteria,Burkholderiales,Nitrosomonadaceae,Nitrosomonas,NA
ASV_996,Bacteria,Pseudomonadota,Alphaproteobacteria,Rickettsiales,Rickettsiaceae,Candidatus Megaira,NA
ASV_997,Bacteria,Bdellovibrionota,Oligoflexia,0319-6G20,NA,NA,NA
ASV_998,Bacteria,Pseudomonadota,Gammaproteobacteria,Pseudomonadales,Moraxellaceae,Perlucidibaca,piscinae
ASV_999,Bacteria,Pseudomonadota,Gammaproteobacteria,Burkholderiales,Alcaligenaceae,Saccharedens,NA
ASV_1000,Bacteria,Pseudomonadota,Gammaproteobacteria,Burkholderiales,Comamonadaceae,Sphaerotilus,NA
ASV_1001,Bacteria,Thermodesulfobacteriota,Desulfuromonadia,Bradymonadales,Incertae Sedis,SKP-2,NA
ASV_1002,Bacteria,Bacteroidota,Bacteroidia,Sphingobacteriales,NS11-12 marine group,NA,NA
ASV_1003,Bacteria,Pseudomonadota,Gammaproteobacteria,Burkholderiales,Comamonadaceae,Ramlibacter,NA
ASV_1004,Bacteria,Pseudomonadota,Gammaproteobacteria,Burkholderiales,Comamonadaceae,Aquabacterium,NA
ASV_1005,Bacteria,Verrucomicrobiota,Verrucomicrobiia,Verrucomicrobiales,Verrucomicrobiaceae,Prosthecobacter,NA
ASV_1006,Bacteria,Pseudomonadota,Gammaproteobacteria,Burkholderiales,Chromobacteriaceae,Vogesella,amnigena
ASV_1007,Bacteria,Pseudomonadota,Gammaproteobacteria,Burkholderiales,Alcaligenaceae,Saccharedens,NA
ASV_1008,Bacteria,Bacteroidota,Bacteroidia,Chitinophagales,Saprospiraceae,NA,NA
ASV_1009,Bacteria,Pseudomonadota,Gammaproteobacteria,Burkholderiales,Rhodocyclaceae,Thauera,NA
ASV_1010,Bacteria,Bacteroidota,Bacteroidia,Flavobacteriales,Flavobacteriaceae,NA,NA
ASV_1011,Bacteria,Pseudomonadota,Gammaproteobacteria,Burkholderiales,Rhodocyclaceae,C39,NA
ASV_1012,Bacteria,Pseudomonadota,Gammaproteobacteria,Burkholderiales,Comamonadaceae,NA,NA
ASV_1013,Bacteria,SAR324 clade(Marine group B),Incertae Sedis,Incertae Sedis,Incertae Sedis,Candidatus Nitrosoarchaeum,NA
ASV_1014,Bacteria,Pseudomonadota,Gammaproteobacteria,Lysobacterales,Rhodanobacteraceae,Aquimonas,NA
ASV_1015,Bacteria,Pseudomonadota,Gammaproteobacteria,Burkholderiales,Rhodocyclaceae,Methyloversatilis,universalis
ASV_1016,Bacteria,Pseudomonadota,Gammaproteobacteria,Burkholderiales,Burkholderiaceae,Limnobacter,NA
ASV_1017,Bacteria,Bacteroidota,Bacteroidia,Bacteroidales,Porphyromonadaceae,Porphyromonas,NA
ASV_1018,Bacteria,Pseudomonadota,Gammaproteobacteria,Burkholderiales,Rhodocyclaceae,Azonexus,caeni
ASV_1019,Bacteria,Actinomycetota,Actinobacteria,Frankiales,Sporichthyaceae,hgcI clade,NA
ASV_1020,Bacteria,Pseudomonadota,Gammaproteobacteria,Burkholderiales,Comamonadaceae,Hydrogenophaga,NA
ASV_1021,Bacteria,Actinomycetota,Actinobacteria,Micrococcales,Microbacteriaceae,Leucobacter,NA
ASV_1022,Bacteria,Pseudomonadota,Alphaproteobacteria,Micavibrionales,Micavibrionaceae,NA,NA
ASV_1023,Bacteria,Pseudomonadota,Gammaproteobacteria,Pseudomonadales,Porticoccaceae,C1-B045,NA
ASV_1024,Bacteria,Pseudomonadota,Gammaproteobacteria,Pseudomonadales,Moraxellaceae,Perlucidibaca,NA
ASV_1025,Bacteria,Actinomycetota,Actinobacteria,PeM15,NA,NA,NA
ASV_1026,Bacteria,Pseudomonadota,Gammaproteobacteria,Burkholderiales,Methylophilaceae,NA,NA
ASV_1027,Bacteria,Pseudomonadota,Gammaproteobacteria,Burkholderiales,Alcaligenaceae,Saccharedens,NA
ASV_1028,Bacteria,Pseudomonadota,Gammaproteobacteria,Salinisphaerales,Nevskiaceae,Solimonas,NA
ASV_1029,Bacteria,Bacteroidota,Bacteroidia,Flavobacteriales,Cryomorphaceae,NA,NA
ASV_1030,Bacteria,Planctomycetota,Planctomycetes,Pirellulales,Pirellulaceae,Pirellula,NA
ASV_1031,Bacteria,Pseudomonadota,Gammaproteobacteria,Burkholderiales,Comamonadaceae,Hydrogenophaga,NA
ASV_1032,Bacteria,Pseudomonadota,Gammaproteobacteria,Burkholderiales,Comamonadaceae,Hydrogenophaga,NA
ASV_1033,Bacteria,Pseudomonadota,Gammaproteobacteria,Burkholderiales,Comamonadaceae,Macromonas,NA
ASV_1034,Bacteria,Bacillota,Bacilli,Erysipelotrichales,Erysipelotrichaceae,Erysipelothrix,NA
ASV_1035,Bacteria,Actinomycetota,Actinobacteria,Frankiales,Sporichthyaceae,hgcI clade,NA
ASV_1036,Bacteria,Verrucomicrobiota,Verrucomicrobiia,Verrucomicrobiales,Verrucomicrobiaceae,Brevifollis,NA
ASV_1037,Bacteria,Pseudomonadota,Gammaproteobacteria,Burkholderiales,Comamonadaceae,Aquabacterium,parvum
ASV_1038,Bacteria,Actinomycetota,Actinobacteria,NA,NA,NA,NA
ASV_1039,Bacteria,Pseudomonadota,Gammaproteobacteria,Enterobacterales,Alteromonadaceae,Rheinheimera,NA
ASV_1040,Bacteria,Pseudomonadota,Alphaproteobacteria,Sphingomonadales,Sphingomonadaceae,Rhizorhapis,NA
ASV_1041,Bacteria,Bacillota,Clostridia,Peptostreptococcales-Tissierellales,Anaerovoracaceae,NA,NA
ASV_1042,Bacteria,Pseudomonadota,Gammaproteobacteria,Pseudomonadales,Pseudomonadaceae,Pseudomonas,NA
ASV_1043,Bacteria,Pseudomonadota,Alphaproteobacteria,Rickettsiales,NA,NA,NA
ASV_1044,Bacteria,Bacteroidota,Bacteroidia,Flavobacteriales,Crocinitomicaceae,Fluviicola,NA
ASV_1045,Bacteria,Bacteroidota,Bacteroidia,Cytophagales,Cyclobacteriaceae,Algoriphagus,aquatilis
ASV_1046,Bacteria,Bacillota,Bacilli,Erysipelotrichales,Erysipelotrichaceae,Erysipelothrix,NA
ASV_1047,Bacteria,Pseudomonadota,Gammaproteobacteria,Gammaproteobacteria Incertae Sedis,Unknown Family,Acidibacter,NA
ASV_1048,Bacteria,Bacteroidota,Bacteroidia,Chitinophagales,Saprospiraceae,Haliscomenobacter,NA
ASV_1049,Bacteria,Pseudomonadota,Gammaproteobacteria,Enterobacterales,Alteromonadaceae,Rheinheimera,NA
ASV_1050,Bacteria,Pseudomonadota,Gammaproteobacteria,Burkholderiales,Methylophilaceae,NA,NA
ASV_1051,Bacteria,Bacillota,Bacilli,Staphylococcales,Gemellaceae,Gemella,NA
ASV_1052,Bacteria,Pseudomonadota,Gammaproteobacteria,Salinisphaerales,Nevskiaceae,Fontimonas,NA
ASV_1053,Bacteria,Pseudomonadota,Gammaproteobacteria,Enterobacterales,Alteromonadaceae,Rheinheimera,NA
ASV_1054,Bacteria,Pseudomonadota,Gammaproteobacteria,Gammaproteobacteria Incertae Sedis,Unknown Family,Acidibacter,NA
ASV_1055,Bacteria,Bacteroidota,Bacteroidia,Chitinophagales,Chitinophagaceae,Aurantisolimonas,NA
ASV_1056,Bacteria,Pseudomonadota,Gammaproteobacteria,Competibacterales,Competibacteraceae,Plasticicumulans,NA
ASV_1057,Bacteria,Pseudomonadota,Gammaproteobacteria,R7C24,NA,NA,NA
ASV_1058,Bacteria,Pseudomonadota,Gammaproteobacteria,Lysobacterales,Lysobacteraceae,Thermomonas,NA
ASV_1059,Bacteria,Pseudomonadota,Gammaproteobacteria,Pseudomonadales,Moraxellaceae,Perlucidibaca,piscinae
ASV_1060,Bacteria,Pseudomonadota,Gammaproteobacteria,Methylococcales,Methylococcaceae,Methyloparacoccus,murrellii
ASV_1061,Bacteria,Bacteroidota,Bacteroidia,Bacteroidales,Prolixibacteraceae,NA,NA
ASV_1062,Bacteria,Pseudomonadota,Gammaproteobacteria,Pseudomonadales,Pseudohongiellaceae,Pseudohongiella,NA
ASV_1063,Bacteria,Pseudomonadota,Gammaproteobacteria,Salinisphaerales,Nevskiaceae,Fontimonas,NA
ASV_1064,Bacteria,Pseudomonadota,Gammaproteobacteria,Burkholderiales,Chromobacteriaceae,Vogesella,amnigena
ASV_1065,Bacteria,Pseudomonadota,Gammaproteobacteria,Salinisphaerales,Nevskiaceae,Fontimonas,NA
ASV_1066,Bacteria,Bacteroidota,Bacteroidia,Flavobacteriales,Crocinitomicaceae,Fluviicola,NA
ASV_1067,Bacteria,Pseudomonadota,Alphaproteobacteria,Sphingomonadales,Sphingomonadaceae,Novosphingobium,NA
ASV_1068,Bacteria,Pseudomonadota,Gammaproteobacteria,Pseudomonadales,Moraxellaceae,Perlucidibaca,NA
ASV_1069,Bacteria,Pseudomonadota,Alphaproteobacteria,Micropepsales,Micropepsaceae,NA,NA
ASV_1070,Bacteria,Actinomycetota,Actinobacteria,Frankiales,Sporichthyaceae,hgcI clade,NA
ASV_1071,Bacteria,Bacteroidota,Bacteroidia,Sphingobacteriales,Lentimicrobiaceae,Lentimicrobium,NA
ASV_1072,Bacteria,Pseudomonadota,Gammaproteobacteria,Methylococcales,Methylococcaceae,Methyloparacoccus,murrellii
ASV_1073,Bacteria,Pseudomonadota,Gammaproteobacteria,Salinisphaerales,Nevskiaceae,Solimonas,NA
ASV_1074,Bacteria,Pseudomonadota,Alphaproteobacteria,Rhodobacterales,Paracoccaceae,Rhodobacter,NA
ASV_1075,Bacteria,Actinomycetota,Actinobacteria,Frankiales,Sporichthyaceae,hgcI clade,NA
ASV_1076,Bacteria,Pseudomonadota,Gammaproteobacteria,Burkholderiales,Comamonadaceae,Hydrogenophaga,NA
ASV_1077,Bacteria,Bacillota,Clostridia,Peptostreptococcales-Tissierellales,Anaerovoracaceae,NA,NA
ASV_1078,Bacteria,Bacteroidota,Bacteroidia,Flavobacteriales,Crocinitomicaceae,Fluviicola,NA
ASV_1079,Bacteria,Bacteroidota,Bacteroidia,Chitinophagales,Chitinophagaceae,Terrimonas,NA
ASV_1080,Bacteria,Pseudomonadota,Gammaproteobacteria,Chromatiales,Chromatiaceae,Allochromatium,NA
ASV_1081,Bacteria,Pseudomonadota,Gammaproteobacteria,Burkholderiales,Alcaligenaceae,Saccharedens,NA
ASV_1082,Bacteria,Bacillota,Bacilli,Bacillales,Bacillaceae,Halolactibacillus,NA
ASV_1083,Bacteria,Bacteroidota,Bacteroidia,Chitinophagales,NA,NA,NA
ASV_1084,Bacteria,Thermodesulfobacteriota,Desulfuromonadia,PB19,NA,NA,NA
ASV_1085,Bacteria,Pseudomonadota,Gammaproteobacteria,Burkholderiales,Rhodocyclaceae,Methyloversatilis,NA
ASV_1086,Bacteria,Actinomycetota,Acidimicrobiia,Microtrichales,Ilumatobacteraceae,CL500-29 marine group,NA
ASV_1087,Bacteria,Fusobacteriota,Fusobacteriia,Fusobacteriales,Fusobacteriaceae,Fusobacterium,nucleatum
ASV_1088,Bacteria,Bdellovibrionota,Oligoflexia,Silvanigrellales,Silvanigrellaceae,NA,NA
ASV_1089,Bacteria,Pseudomonadota,Gammaproteobacteria,Enterobacterales,Alteromonadaceae,Rheinheimera,NA
ASV_1090,Bacteria,Pseudomonadota,Gammaproteobacteria,Burkholderiales,Rhodocyclaceae,Thauera,NA
ASV_1091,Bacteria,Pseudomonadota,Gammaproteobacteria,Burkholderiales,Comamonadaceae,Hydrogenophaga,NA
ASV_1092,Bacteria,Pseudomonadota,Gammaproteobacteria,Burkholderiales,Alcaligenaceae,Saccharedens,NA
ASV_1093,Bacteria,Pseudomonadota,Gammaproteobacteria,Burkholderiales,Comamonadaceae,Inhella,NA
ASV_1094,Bacteria,Bacteroidota,Bacteroidia,Cytophagales,Cyclobacteriaceae,Algoriphagus,aquatilis
ASV_1095,Bacteria,Verrucomicrobiota,Verrucomicrobiia,Verrucomicrobiales,Verrucomicrobiaceae,Brevifollis,NA
ASV_1096,Bacteria,Bacteroidota,Bacteroidia,Cytophagales,Cyclobacteriaceae,Algoriphagus,NA
ASV_1097,Bacteria,Bacteroidota,Bacteroidia,Bacteroidetes VC2.1 Bac22,NA,NA,NA
ASV_1098,Bacteria,Verrucomicrobiota,Verrucomicrobiia,Verrucomicrobiales,Verrucomicrobiaceae,Prosthecobacter,NA
ASV_1099,Bacteria,Pseudomonadota,Alphaproteobacteria,Paracaedibacterales,Paracaedibacteraceae,NA,NA
ASV_1100,Bacteria,Bacteroidota,Bacteroidia,Chitinophagales,37-13,NA,NA
ASV_1101,Bacteria,Verrucomicrobiota,Verrucomicrobiia,Verrucomicrobiales,Verrucomicrobiaceae,Brevifollis,NA
ASV_1102,Bacteria,Pseudomonadota,Gammaproteobacteria,Burkholderiales,Comamonadaceae,Hydrogenophaga,atypica
ASV_1103,Bacteria,Bacteroidota,Bacteroidia,Bacteroidales,Prolixibacteraceae,NA,NA
ASV_1104,Bacteria,Pseudomonadota,Alphaproteobacteria,Azospirillales,Azospirillaceae,Azospirillum,NA
ASV_1105,Bacteria,Pseudomonadota,Gammaproteobacteria,Halothiobacillales,Halothiobacillaceae,Thiovirga,NA
ASV_1106,Bacteria,Pseudomonadota,Gammaproteobacteria,Burkholderiales,Alcaligenaceae,Saccharedens,NA
ASV_1107,Bacteria,Pseudomonadota,Alphaproteobacteria,Hyphomicrobiales,Hyphomicrobiales Incertae Sedis,NA,NA
ASV_1108,Bacteria,Pseudomonadota,Alphaproteobacteria,Rhodobacterales,Paracoccaceae,Fuscovulum,NA
ASV_1109,Bacteria,Pseudomonadota,Gammaproteobacteria,Burkholderiales,Methylophilaceae,Methylotenera,NA
ASV_1110,Bacteria,Actinomycetota,Actinobacteria,Micrococcales,Microbacteriaceae,ML602J-51,NA
ASV_1111,Bacteria,Pseudomonadota,Alphaproteobacteria,Sphingomonadales,Sphingomonadaceae,Novosphingobium,NA
ASV_1112,Bacteria,Pseudomonadota,Alphaproteobacteria,Rhodobacterales,Paracoccaceae,NA,NA
ASV_1113,Bacteria,Pseudomonadota,Gammaproteobacteria,Pseudomonadales,Moraxellaceae,Perlucidibaca,NA
ASV_1114,Bacteria,SAR324 clade(Marine group B),Incertae Sedis,Incertae Sedis,Incertae Sedis,Candidatus Nitrosoarchaeum,NA
ASV_1115,Bacteria,Cyanobacteriota,Sericytochromatia,NA,NA,NA,NA
ASV_1116,Bacteria,Pseudomonadota,Gammaproteobacteria,Burkholderiales,Rhodocyclaceae,Thauera,NA
ASV_1117,Bacteria,Bacteroidota,Bacteroidia,Sphingobacteriales,NS11-12 marine group,NA,NA
ASV_1118,Bacteria,Bacteroidota,Bacteroidia,Bacteroidales,Porphyromonadaceae,Porphyromonas,pasteri
ASV_1119,Bacteria,Actinomycetota,Actinobacteria,NA,NA,NA,NA
ASV_1120,Bacteria,Actinomycetota,Actinobacteria,Frankiales,Sporichthyaceae,hgcI clade,NA
ASV_1121,Bacteria,Pseudomonadota,Gammaproteobacteria,Enterobacterales,Pasteurellaceae,Haemophilus,NA
ASV_1122,Bacteria,Pseudomonadota,Gammaproteobacteria,Burkholderiales,Comamonadaceae,Aquabacterium,NA
ASV_1123,Bacteria,Pseudomonadota,Alphaproteobacteria,Paracaedibacterales,Paracaedibacteraceae,NA,NA
ASV_1124,Bacteria,Pseudomonadota,Gammaproteobacteria,Burkholderiales,Rhodocyclaceae,Dechlorobacter,NA
ASV_1125,Bacteria,Pseudomonadota,Gammaproteobacteria,Burkholderiales,Comamonadaceae,Ramlibacter,NA
ASV_1126,Bacteria,Pseudomonadota,Gammaproteobacteria,Burkholderiales,Comamonadaceae,Hydrogenophaga,NA
ASV_1127,Bacteria,Bacteroidota,Bacteroidia,Cytophagales,Cyclobacteriaceae,Algoriphagus,NA
ASV_1128,Bacteria,Pseudomonadota,Alphaproteobacteria,Caulobacterales,Caulobacteraceae,Phenylobacterium,NA
ASV_1129,Bacteria,Pseudomonadota,Gammaproteobacteria,Halothiobacillales,Halothiobacillaceae,Thiovirga,NA
ASV_1130,Bacteria,Thermodesulfobacteriota,Desulfuromonadia,Geobacterales,Geobacteraceae,Trichlorobacter,NA
ASV_1131,Bacteria,Pseudomonadota,Gammaproteobacteria,Burkholderiales,Comamonadaceae,Hydrogenophaga,NA
ASV_1132,Bacteria,Pseudomonadota,Alphaproteobacteria,Micropepsales,Micropepsaceae,NA,NA
ASV_1133,Bacteria,Pseudomonadota,Gammaproteobacteria,Lysobacterales,Rhodanobacteraceae,Aquimonas,NA
ASV_1134,Bacteria,Verrucomicrobiota,Verrucomicrobiia,Pedosphaerales,Pedosphaeraceae,SH3-11,NA
ASV_1135,Bacteria,Pseudomonadota,Gammaproteobacteria,Burkholderiales,Comamonadaceae,Hydrogenophaga,atypica
ASV_1136,Bacteria,Pseudomonadota,Gammaproteobacteria,Burkholderiales,Methylophilaceae,Methylotenera,NA
ASV_1137,Bacteria,Pseudomonadota,Gammaproteobacteria,Salinisphaerales,Nevskiaceae,NA,NA
ASV_1138,Bacteria,Bacteroidota,Bacteroidia,Chitinophagales,Chitinophagaceae,Aurantisolimonas,NA
ASV_1139,Bacteria,Pseudomonadota,Gammaproteobacteria,Salinisphaerales,Nevskiaceae,Solimonas,NA
ASV_1140,Bacteria,Bacteroidota,Bacteroidia,Cytophagales,Spirosomataceae,Sandaracinomonas,NA
ASV_1141,Bacteria,Pseudomonadota,Alphaproteobacteria,Reyranellales,Reyranellaceae,Reyranella,NA
ASV_1142,Bacteria,Bdellovibrionota,Bacteriovoracia,Bacteriovoracales,Bacteriovoracaceae,Bacteriovorax,NA
ASV_1143,Bacteria,Campylobacterota,Campylobacteria,Campylobacterales,Sulfurospirillaceae,Sulfurospirillum,NA
ASV_1144,Bacteria,Thermodesulfobacteriota,Desulfuromonadia,Geobacterales,Geobacteraceae,Trichlorobacter,NA
ASV_1145,Bacteria,Bacteroidota,Bacteroidia,Sphingobacteriales,Lentimicrobiaceae,Lentimicrobium,NA
ASV_1146,Bacteria,Campylobacterota,Campylobacteria,Campylobacterales,Campylobacteraceae,Campylobacter,concisus
ASV_1147,Bacteria,Bacteroidota,Bacteroidia,Cytophagales,Cyclobacteriaceae,Algoriphagus,NA
ASV_1148,Bacteria,Dependentiae,Babeliae,Babeliales,Vermiphilaceae,NA,NA
ASV_1149,Bacteria,Verrucomicrobiota,Verrucomicrobiia,Opitutales,Opitutaceae,Cephaloticoccus,NA
ASV_1150,Bacteria,Pseudomonadota,Gammaproteobacteria,Burkholderiales,Comamonadaceae,Ramlibacter,NA
ASV_1151,Bacteria,Pseudomonadota,Gammaproteobacteria,Burkholderiales,Aquaspirillaceae,Aquaspirillum,NA
ASV_1152,Bacteria,Pseudomonadota,Gammaproteobacteria,Pseudomonadales,Porticoccaceae,C1-B045,NA
ASV_1153,Bacteria,Pseudomonadota,Alphaproteobacteria,Caulobacterales,Caulobacteraceae,Phenylobacterium,NA
ASV_1154,Bacteria,Pseudomonadota,Alphaproteobacteria,Sphingomonadales,Sphingomonadaceae,Novosphingobium,NA
ASV_1155,Bacteria,Pseudomonadota,Gammaproteobacteria,Burkholderiales,Comamonadaceae,NA,NA
ASV_1156,Bacteria,Bacteroidota,Bacteroidia,Chitinophagales,Saprospiraceae,NA,NA
ASV_1157,Bacteria,Pseudomonadota,Gammaproteobacteria,Burkholderiales,Comamonadaceae,NA,NA
ASV_1158,Bacteria,Pseudomonadota,Gammaproteobacteria,Burkholderiales,MWH-UniP1 aquatic group,NA,NA
ASV_1159,Bacteria,Planctomycetota,Planctomycetes,Planctomycetales,NA,NA,NA
ASV_1160,Bacteria,Fusobacteriota,Fusobacteriia,Fusobacteriales,Leptotrichiaceae,Pseudoleptotrichia,NA
ASV_1161,Bacteria,Pseudomonadota,Gammaproteobacteria,Pseudomonadales,Pseudomonadaceae,Pseudomonas,NA
ASV_1162,Bacteria,Pseudomonadota,Alphaproteobacteria,Paracaedibacterales,Paracaedibacteraceae,NA,NA
ASV_1163,Bacteria,Actinomycetota,Actinobacteria,PeM15,NA,NA,NA
ASV_1164,Bacteria,Pseudomonadota,Gammaproteobacteria,Burkholderiales,Comamonadaceae,Hydrogenophaga,atypica
ASV_1165,Bacteria,Verrucomicrobiota,Verrucomicrobiia,Verrucomicrobiales,Verrucomicrobiaceae,Brevifollis,NA
ASV_1166,Bacteria,Campylobacterota,Campylobacteria,Campylobacterales,Sulfurimonadaceae,Sulfuricurvum,NA
ASV_1167,Bacteria,Bacteroidota,Bacteroidia,Flavobacteriales,Cryomorphaceae,NA,NA
ASV_1168,Bacteria,Pseudomonadota,Gammaproteobacteria,Burkholderiales,Comamonadaceae,NA,NA
ASV_1169,Bacteria,Bacteroidota,Bacteroidia,Bacteroidales,Prolixibacteraceae,WCHB1-32,NA
ASV_1170,Bacteria,Pseudomonadota,Gammaproteobacteria,Lysobacterales,Rhodanobacteraceae,Aquimonas,voraii
ASV_1171,Bacteria,Pseudomonadota,Gammaproteobacteria,Lysobacterales,Lysobacteraceae,Stenotrophomonas,maltophilia
ASV_1172,Bacteria,Bacteroidota,Bacteroidia,Chitinophagales,Chitinophagaceae,Dinghuibacter,NA
ASV_1173,Bacteria,Planctomycetota,Planctomycetes,Isosphaerales,Isosphaeraceae,NA,NA
ASV_1174,Bacteria,Bacteroidota,Bacteroidia,Chitinophagales,NA,NA,NA
ASV_1175,Bacteria,Actinomycetota,Actinobacteria,Frankiales,Sporichthyaceae,hgcI clade,NA
ASV_1176,Bacteria,Pseudomonadota,Gammaproteobacteria,Pseudomonadales,Moraxellaceae,Acinetobacter,venetianus
ASV_1177,Bacteria,Pseudomonadota,Gammaproteobacteria,Burkholderiales,Comamonadaceae,Ramlibacter,NA
ASV_1178,Bacteria,Bacteroidota,Bacteroidia,Chitinophagales,Chitinophagaceae,Nemorincola,NA
ASV_1179,Bacteria,Pseudomonadota,Gammaproteobacteria,Burkholderiales,Comamonadaceae,Hydrogenophaga,NA
ASV_1180,Bacteria,Pseudomonadota,Alphaproteobacteria,Rhodobacterales,Paracoccaceae,Fuscovulum,NA
ASV_1181,Bacteria,Bacteroidota,Bacteroidia,Cytophagales,Cyclobacteriaceae,Algoriphagus,aquatilis
ASV_1182,Bacteria,Pseudomonadota,Alphaproteobacteria,Paracaedibacterales,Paracaedibacteraceae,NA,NA
ASV_1183,Bacteria,Bacteroidota,Bacteroidia,Bacteroidales,Rikenellaceae,NA,NA
ASV_1184,Bacteria,Pseudomonadota,Gammaproteobacteria,Burkholderiales,Burkholderiaceae,Limnobacter,NA
ASV_1185,Bacteria,Pseudomonadota,Alphaproteobacteria,Rickettsiales,NA,NA,NA
ASV_1186,Bacteria,Pseudomonadota,Gammaproteobacteria,NA,NA,NA,NA
ASV_1187,Bacteria,Pseudomonadota,Alphaproteobacteria,Sphingomonadales,Sphingomonadaceae,Sphingoaurantiacus,NA
ASV_1188,Bacteria,Pseudomonadota,Gammaproteobacteria,Salinisphaerales,Nevskiaceae,Solimonas,NA
ASV_1189,Bacteria,Thermodesulfobacteriota,Desulfuromonadia,Bradymonadales,Incertae Sedis,SKP-2,NA
ASV_1190,Bacteria,Planctomycetota,Planctomycetes,Pirellulales,Pirellulaceae,Pirellula,NA
ASV_1191,Bacteria,Pseudomonadota,Gammaproteobacteria,Methylococcales,Methylococcaceae,Methyloparacoccus,NA
ASV_1192,Bacteria,Pseudomonadota,Gammaproteobacteria,Competibacterales,Competibacteraceae,Plasticicumulans,NA
ASV_1193,Bacteria,Pseudomonadota,Gammaproteobacteria,Burkholderiales,Comamonadaceae,NA,NA
ASV_1194,Bacteria,Bacteroidota,Bacteroidia,Chitinophagales,Chitinophagaceae,Aurantisolimonas,NA
ASV_1195,Bacteria,Actinomycetota,Actinobacteria,Frankiales,NA,NA,NA
ASV_1196,Bacteria,Pseudomonadota,Alphaproteobacteria,Rhodobacterales,Paracoccaceae,Fuscovulum,NA
ASV_1197,Bacteria,Pseudomonadota,Gammaproteobacteria,Lysobacterales,Lysobacteraceae,Lysobacter,brunescens
ASV_1198,Bacteria,Pseudomonadota,Alphaproteobacteria,Rickettsiales,NA,NA,NA
ASV_1199,Bacteria,Pseudomonadota,Alphaproteobacteria,Rickettsiales,Midichloriaceae,NA,NA
ASV_1200,Bacteria,Pseudomonadota,Gammaproteobacteria,Burkholderiales,Rhodocyclaceae,Thauera,NA
ASV_1201,Bacteria,Pseudomonadota,Alphaproteobacteria,Rhodobacterales,Paracoccaceae,Gemmobacter,NA
ASV_1202,Bacteria,Actinomycetota,Actinobacteria,Micrococcales,Microbacteriaceae,Aurantimicrobium,NA
ASV_1203,Bacteria,Pseudomonadota,Gammaproteobacteria,Lysobacterales,Lysobacteraceae,Arenimonas,NA
ASV_1204,Bacteria,Bacillota,Bacilli,Exiguobacterales,Exiguobacteraceae,Exiguobacterium,NA
ASV_1205,Bacteria,Bacillota,Clostridia,Peptostreptococcales-Tissierellales,Anaerovoracaceae,Anaerovorax,NA
ASV_1206,Bacteria,Pseudomonadota,Gammaproteobacteria,Salinisphaerales,Nevskiaceae,Solimonas,NA
ASV_1207,Bacteria,Pseudomonadota,Gammaproteobacteria,Gammaproteobacteria Incertae Sedis,Unknown Family,Acidibacter,NA
ASV_1208,Bacteria,Pseudomonadota,Gammaproteobacteria,Burkholderiales,Burkholderiaceae,Pandoraea,sputorum
ASV_1209,Bacteria,Pseudomonadota,Gammaproteobacteria,Burkholderiales,Comamonadaceae,Sphaerotilus,NA
ASV_1210,Bacteria,Bacteroidota,Bacteroidia,Flavobacteriales,Crocinitomicaceae,Fluviicola,NA
ASV_1211,Bacteria,Pseudomonadota,Gammaproteobacteria,Salinisphaerales,Nevskiaceae,Solimonas,NA
ASV_1212,Bacteria,Pseudomonadota,Alphaproteobacteria,Rhodospirillales,Rhodospirillaceae,NA,NA
ASV_1213,Bacteria,Bacteroidota,Bacteroidia,Flavobacteriales,Crocinitomicaceae,Fluviicola,NA
ASV_1214,Bacteria,Pseudomonadota,Gammaproteobacteria,Enterobacterales,Alteromonadaceae,Rheinheimera,NA
ASV_1215,Bacteria,Pseudomonadota,Alphaproteobacteria,Sphingomonadales,Sphingomonadaceae,Novosphingobium,arvoryzae
ASV_1216,Bacteria,Actinomycetota,Actinobacteria,PeM15,NA,NA,NA
ASV_1217,Bacteria,Pseudomonadota,Alphaproteobacteria,Rhodospirillales,NA,NA,NA
ASV_1218,Bacteria,Pseudomonadota,Gammaproteobacteria,Enterobacterales,Alteromonadaceae,Rheinheimera,NA
ASV_1219,Bacteria,Pseudomonadota,Gammaproteobacteria,Burkholderiales,Comamonadaceae,Ramlibacter,NA
ASV_1220,Bacteria,Chlamydiota,Chlamydiia,Chlamydiales,Parachlamydiaceae,Neochlamydia,NA
ASV_1221,Bacteria,Pseudomonadota,Alphaproteobacteria,Rhodobacterales,Paracoccaceae,NA,NA
ASV_1222,Bacteria,Verrucomicrobiota,Verrucomicrobiia,Verrucomicrobiales,Verrucomicrobiaceae,Brevifollis,NA
ASV_1223,Bacteria,Pseudomonadota,Gammaproteobacteria,Burkholderiales,Comamonadaceae,NA,NA
ASV_1224,Bacteria,Verrucomicrobiota,Verrucomicrobiia,Verrucomicrobiales,Verrucomicrobiaceae,Prosthecobacter,NA
ASV_1225,Bacteria,Pseudomonadota,Gammaproteobacteria,Burkholderiales,Comamonadaceae,Acidovorax,NA
ASV_1226,Bacteria,Pseudomonadota,Gammaproteobacteria,Pseudomonadales,Pseudomonadaceae,Pseudomonas,NA
ASV_1227,Bacteria,Pseudomonadota,Alphaproteobacteria,Sphingomonadales,Sphingomonadaceae,Novosphingobium,NA
ASV_1228,Bacteria,Bacteroidota,Bacteroidia,Bacteroidales,Prolixibacteraceae,WCHB1-32,NA
ASV_1229,Bacteria,Actinomycetota,Actinobacteria,Frankiales,Sporichthyaceae,hgcI clade,NA
ASV_1230,Bacteria,Campylobacterota,Campylobacteria,Campylobacterales,Sulfurimonadaceae,Sulfuricurvum,NA
ASV_1231,Bacteria,Pseudomonadota,Gammaproteobacteria,Pseudomonadales,Moraxellaceae,Perlucidibaca,NA
ASV_1232,Bacteria,Pseudomonadota,Alphaproteobacteria,Sphingomonadales,Sphingomonadaceae,Rhizorhabdus,NA
ASV_1233,Bacteria,Pseudomonadota,Gammaproteobacteria,Pseudomonadales,Pseudomonadaceae,Pseudomonas,otitidis
ASV_1234,Bacteria,Pseudomonadota,Gammaproteobacteria,Burkholderiales,Rhodocyclaceae,Thauera,NA
ASV_1235,Bacteria,Pseudomonadota,Gammaproteobacteria,Burkholderiales,Rhodocyclaceae,Thauera,NA
ASV_1236,Bacteria,Verrucomicrobiota,Verrucomicrobiia,Verrucomicrobiales,Verrucomicrobiaceae,Prosthecobacter,NA
ASV_1237,Bacteria,Bacteroidota,Bacteroidia,Chitinophagales,Chitinophagaceae,Terrimonas,NA
ASV_1238,Bacteria,Pseudomonadota,Gammaproteobacteria,Salinisphaerales,Nevskiaceae,Sinimarinibacterium,NA
ASV_1239,Bacteria,Pseudomonadota,Gammaproteobacteria,Pseudomonadales,Moraxellaceae,Perlucidibaca,piscinae
ASV_1240,Bacteria,Pseudomonadota,Alphaproteobacteria,Rickettsiales,NA,NA,NA
ASV_1241,Bacteria,Pseudomonadota,Gammaproteobacteria,Enterobacterales,Aeromonadaceae,Tolumonas,NA
ASV_1242,Bacteria,Actinomycetota,Acidimicrobiia,Microtrichales,Ilumatobacteraceae,CL500-29 marine group,NA
ASV_1243,Bacteria,Pseudomonadota,Gammaproteobacteria,Pseudomonadales,Pseudomonadaceae,Azotobacter,NA
ASV_1244,Bacteria,Pseudomonadota,Alphaproteobacteria,Ferrovibrionales,Ferrovibrionaceae,Ferrovibrio,NA
ASV_1245,Bacteria,Patescibacteria,Parcubacteria,Candidatus Nomurabacteria,NA,NA,NA
ASV_1246,Bacteria,Pseudomonadota,Gammaproteobacteria,Burkholderiales,Burkholderiaceae,Limnobacter,NA
ASV_1247,Bacteria,Pseudomonadota,Gammaproteobacteria,Burkholderiales,Comamonadaceae,Ottowia,NA
ASV_1248,Bacteria,Pseudomonadota,Gammaproteobacteria,Pseudomonadales,Pseudomonadaceae,Pseudomonas,NA
ASV_1249,Bacteria,Actinomycetota,Actinobacteria,NA,NA,NA,NA
ASV_1250,Bacteria,Pseudomonadota,Alphaproteobacteria,Rickettsiales,Rickettsiaceae,NA,NA
ASV_1251,Bacteria,Pseudomonadota,Alphaproteobacteria,Sphingomonadales,Sphingomonadaceae,NA,NA
ASV_1252,Bacteria,Verrucomicrobiota,Verrucomicrobiia,Opitutales,Opitutaceae,Opitutus,NA
ASV_1253,Bacteria,Pseudomonadota,Gammaproteobacteria,NA,NA,NA,NA
ASV_1254,Bacteria,Pseudomonadota,Alphaproteobacteria,Rhodospirillales,NA,NA,NA
ASV_1255,Bacteria,Bacteroidota,Bacteroidia,Flavobacteriales,Crocinitomicaceae,Fluviicola,NA
ASV_1256,Bacteria,Pseudomonadota,Gammaproteobacteria,Burkholderiales,Comamonadaceae,NA,NA
ASV_1257,Bacteria,Verrucomicrobiota,Verrucomicrobiia,Verrucomicrobiales,Verrucomicrobiaceae,Prosthecobacter,NA
ASV_1258,Bacteria,Pseudomonadota,Gammaproteobacteria,Burkholderiales,Comamonadaceae,Curvibacter,NA
ASV_1259,Bacteria,Actinomycetota,Actinobacteria,Frankiales,Sporichthyaceae,hgcI clade,NA
ASV_1260,Bacteria,Pseudomonadota,Gammaproteobacteria,Burkholderiales,Comamonadaceae,NA,NA
ASV_1261,Bacteria,Pseudomonadota,Gammaproteobacteria,Burkholderiales,Methylophilaceae,MM2,NA
ASV_1262,Bacteria,Bacteroidota,Bacteroidia,Bacteroidetes VC2.1 Bac22,NA,NA,NA
ASV_1263,Bacteria,Pseudomonadota,Gammaproteobacteria,Burkholderiales,Comamonadaceae,Hydrogenophaga,atypica
ASV_1264,Bacteria,Pseudomonadota,Alphaproteobacteria,Reyranellales,Reyranellaceae,Reyranella,aquatilis
ASV_1265,Bacteria,Actinomycetota,Actinobacteria,Micrococcales,Microbacteriaceae,Leucobacter,NA
ASV_1266,Bacteria,Pseudomonadota,Gammaproteobacteria,Pseudomonadales,Porticoccaceae,C1-B045,NA
ASV_1267,Bacteria,Bacteroidota,Bacteroidia,Chitinophagales,37-13,NA,NA
ASV_1268,Bacteria,Pseudomonadota,Gammaproteobacteria,Burkholderiales,Hydrogenophilaceae,NA,NA
ASV_1269,Bacteria,Actinomycetota,Actinobacteria,Micrococcales,Microbacteriaceae,Leucobacter,NA
ASV_1270,Bacteria,Bacteroidota,Bacteroidia,Flavobacteriales,Cryomorphaceae,NA,NA
ASV_1271,Bacteria,Bacillota,Bacilli,Erysipelotrichales,Erysipelatoclostridiaceae,UCG-004,NA
ASV_1272,Bacteria,Actinomycetota,Acidimicrobiia,Microtrichales,Ilumatobacteraceae,CL500-29 marine group,NA
ASV_1273,Bacteria,Pseudomonadota,Gammaproteobacteria,Burkholderiales,Rhodocyclaceae,Methyloversatilis,universalis
ASV_1274,Bacteria,Pseudomonadota,Gammaproteobacteria,Burkholderiales,Comamonadaceae,Hydrogenophaga,NA
ASV_1275,Bacteria,Pseudomonadota,Gammaproteobacteria,Burkholderiales,Rhodocyclaceae,Thauera,NA
ASV_1276,Bacteria,Pseudomonadota,Gammaproteobacteria,Burkholderiales,Comamonadaceae,NA,NA
ASV_1277,Bacteria,Pseudomonadota,Gammaproteobacteria,Burkholderiales,Comamonadaceae,Curvibacter,NA
ASV_1278,Bacteria,Pseudomonadota,Gammaproteobacteria,Lysobacterales,Lysobacteraceae,Thermomonas,NA
ASV_1279,Bacteria,Pseudomonadota,Gammaproteobacteria,Lysobacterales,Lysobacteraceae,Arenimonas,NA
ASV_1280,Bacteria,Pseudomonadota,Gammaproteobacteria,Pseudomonadales,Pseudomonadaceae,Pseudomonas,NA
ASV_1281,Bacteria,Pseudomonadota,Gammaproteobacteria,Burkholderiales,Oxalobacteraceae,NA,NA
ASV_1282,Bacteria,Thermodesulfobacteriota,Desulfuromonadia,PB19,NA,NA,NA
ASV_1283,Bacteria,Bdellovibrionota,Bdellovibrionia,Bdellovibrionales,Pseudobdellovibrionaceae,Bdellovibrio,NA
ASV_1284,Bacteria,Bacteroidota,Bacteroidia,Chitinophagales,NA,NA,NA
ASV_1285,Bacteria,Pseudomonadota,Gammaproteobacteria,Enterobacterales,Aeromonadaceae,Aeromonas,NA
ASV_1286,Bacteria,Pseudomonadota,Gammaproteobacteria,Enterobacterales,Pasteurellaceae,Aggregatibacter,segnis
ASV_1287,Bacteria,Verrucomicrobiota,Verrucomicrobiia,Opitutales,Opitutaceae,Oleiharenicola,NA
ASV_1288,Bacteria,Pseudomonadota,Alphaproteobacteria,Hyphomicrobiales,Hyphomicrobiales Incertae Sedis,Alsobacter,NA
ASV_1289,Bacteria,Pseudomonadota,Gammaproteobacteria,Burkholderiales,Comamonadaceae,Hydrogenophaga,bisanensis
ASV_1290,Bacteria,Pseudomonadota,Gammaproteobacteria,Burkholderiales,Rhodocyclaceae,C39,NA
ASV_1291,Bacteria,Pseudomonadota,Gammaproteobacteria,Salinisphaerales,Nevskiaceae,Solimonas,NA
ASV_1292,Bacteria,Pseudomonadota,Gammaproteobacteria,Burkholderiales,Comamonadaceae,Candidatus Symbiobacter,NA
ASV_1293,Bacteria,Verrucomicrobiota,Verrucomicrobiia,Verrucomicrobiales,Verrucomicrobiaceae,Prosthecobacter,NA
ASV_1294,Bacteria,Pseudomonadota,Gammaproteobacteria,Burkholderiales,Rhodocyclaceae,Methyloversatilis,universalis
ASV_1295,Bacteria,Pseudomonadota,Alphaproteobacteria,Rhodobacterales,Paracoccaceae,Fuscovulum,NA
ASV_1296,Bacteria,Pseudomonadota,Gammaproteobacteria,Burkholderiales,Alcaligenaceae,Achromobacter,NA
ASV_1297,Bacteria,Pseudomonadota,Gammaproteobacteria,Burkholderiales,Burkholderiaceae,Pandoraea,sputorum
ASV_1298,Bacteria,Bacteroidota,Bacteroidia,Flavobacteriales,Crocinitomicaceae,Fluviicola,NA
ASV_1299,Bacteria,Pseudomonadota,Alphaproteobacteria,Azospirillales,Azospirillaceae,Azospirillum,NA
ASV_1300,Bacteria,Actinomycetota,Acidimicrobiia,Microtrichales,Ilumatobacteraceae,CL500-29 marine group,NA
ASV_1301,Bacteria,Pseudomonadota,Gammaproteobacteria,Burkholderiales,Alcaligenaceae,Saccharedens,NA
ASV_1302,Bacteria,Bacillota,Bacilli,Bacillales,Planococcaceae,Jeotgalibacillus,NA
ASV_1303,Bacteria,Pseudomonadota,Gammaproteobacteria,Burkholderiales,Methylophilaceae,MM2,NA
ASV_1304,Bacteria,Bdellovibrionota,Bdellovibrionia,Bdellovibrionales,Pseudobdellovibrionaceae,Bdellovibrio,NA
ASV_1305,Bacteria,Pseudomonadota,Alphaproteobacteria,Rickettsiales,Rickettsiaceae,Candidatus Megaira,NA
ASV_1306,Bacteria,Actinomycetota,Acidimicrobiia,Microtrichales,Ilumatobacteraceae,CL500-29 marine group,NA
ASV_1307,Bacteria,Pseudomonadota,Alphaproteobacteria,Sphingomonadales,Sphingomonadaceae,Sphingoaurantiacus,NA
ASV_1308,Bacteria,Bacteroidota,Bacteroidia,Chitinophagales,Chitinophagaceae,Aurantisolimonas,NA
ASV_1309,Bacteria,Pseudomonadota,Alphaproteobacteria,Rickettsiales,Rickettsiaceae,Candidatus Megaira,NA
ASV_1310,Bacteria,Pseudomonadota,Gammaproteobacteria,Competibacterales,Competibacteraceae,Plasticicumulans,NA
ASV_1311,Bacteria,Actinomycetota,Actinobacteria,Frankiales,Sporichthyaceae,hgcI clade,NA
ASV_1312,Bacteria,Actinomycetota,Actinobacteria,PeM15,NA,NA,NA
ASV_1313,Bacteria,Pseudomonadota,Alphaproteobacteria,Reyranellales,Reyranellaceae,Reyranella,aquatilis
ASV_1314,Bacteria,Pseudomonadota,Gammaproteobacteria,Pseudomonadales,Moraxellaceae,Acinetobacter,NA
ASV_1315,Bacteria,Pseudomonadota,Alphaproteobacteria,Ferrovibrionales,Ferrovibrionaceae,Ferrovibrio,NA
ASV_1316,Bacteria,Pseudomonadota,Gammaproteobacteria,Burkholderiales,Methylophilaceae,UBA6140,NA
ASV_1317,Bacteria,Pseudomonadota,Gammaproteobacteria,Burkholderiales,MWH-UniP1 aquatic group,NA,NA
ASV_1318,Bacteria,Pseudomonadota,Gammaproteobacteria,Gammaproteobacteria Incertae Sedis,Unknown Family,Acidibacter,NA
ASV_1319,Bacteria,Bacteroidota,Bacteroidia,Sphingobacteriales,NS11-12 marine group,NA,NA
ASV_1320,Bacteria,Pseudomonadota,Gammaproteobacteria,Run-SP154,NA,NA,NA
ASV_1321,Bacteria,Bacteroidota,Bacteroidia,Cytophagales,Cyclobacteriaceae,Algoriphagus,NA
ASV_1322,Bacteria,Bacteroidota,Bacteroidia,Sphingobacteriales,NS11-12 marine group,NA,NA
ASV_1323,Bacteria,Pseudomonadota,Gammaproteobacteria,Burkholderiales,Comamonadaceae,Ottowia,NA
ASV_1324,Bacteria,Actinomycetota,Actinobacteria,Frankiales,Sporichthyaceae,hgcI clade,NA
ASV_1325,Bacteria,Bacteroidota,Bacteroidia,Chitinophagales,NA,NA,NA
ASV_1326,Bacteria,Pseudomonadota,Gammaproteobacteria,Enterobacterales,Aeromonadaceae,Tolumonas,osonensis
ASV_1327,Bacteria,Pseudomonadota,Gammaproteobacteria,Burkholderiales,Comamonadaceae,Ramlibacter,NA
ASV_1328,Bacteria,Pseudomonadota,Gammaproteobacteria,Lysobacterales,Rhodanobacteraceae,Aquimonas,NA
ASV_1329,Bacteria,Pseudomonadota,Alphaproteobacteria,Zavarziniales,Zavarziniaceae,Zavarzinia,NA
ASV_1330,Bacteria,Pseudomonadota,Gammaproteobacteria,Burkholderiales,Alcaligenaceae,Saccharedens,NA
ASV_1331,Bacteria,Pseudomonadota,Alphaproteobacteria,Ferrovibrionales,Ferrovibrionaceae,Ferrovibrio,NA
ASV_1332,Bacteria,Pseudomonadota,Gammaproteobacteria,Burkholderiales,Comamonadaceae,Hydrogenophaga,NA
ASV_1333,Bacteria,Pseudomonadota,Gammaproteobacteria,Pseudomonadales,Halomonadaceae,Halomonas,NA
ASV_1334,Bacteria,Pseudomonadota,Alphaproteobacteria,Acetobacterales,Acetobacteraceae,NA,NA
ASV_1335,Bacteria,Pseudomonadota,Alphaproteobacteria,Rhodospirillales,Rhodospirillaceae,NA,NA
ASV_1336,Bacteria,Actinomycetota,Actinobacteria,Frankiales,Sporichthyaceae,hgcI clade,NA
ASV_1337,Bacteria,Pseudomonadota,Gammaproteobacteria,Burkholderiales,Burkholderiaceae,Pandoraea,sputorum
ASV_1338,Bacteria,Campylobacterota,Campylobacteria,Campylobacterales,Arcobacteraceae,Arcobacter,NA
ASV_1339,Bacteria,Actinomycetota,Actinobacteria,PeM15,NA,NA,NA
ASV_1340,Bacteria,Pseudomonadota,Gammaproteobacteria,Burkholderiales,Comamonadaceae,Hydrogenophaga,NA
ASV_1341,Bacteria,Pseudomonadota,Alphaproteobacteria,Acetobacterales,Acetobacteraceae,Roseomonas,NA
ASV_1342,Bacteria,Pseudomonadota,Alphaproteobacteria,Reyranellales,Reyranellaceae,Reyranella,aquatilis
ASV_1343,Bacteria,Chloroflexota,Anaerolineae,Anaerolineales,Anaerolineaceae,NA,NA
ASV_1344,Bacteria,Thermodesulfobacteriota,Desulfuromonadia,Bradymonadales,Incertae Sedis,SKP-2,NA
ASV_1345,Bacteria,Pseudomonadota,Gammaproteobacteria,Burkholderiales,Alcaligenaceae,Saccharedens,NA
ASV_1346,Bacteria,Pseudomonadota,Gammaproteobacteria,Burkholderiales,Comamonadaceae,NA,NA
ASV_1347,Bacteria,Bacteroidota,Bacteroidia,Cytophagales,Cyclobacteriaceae,Algoriphagus,NA
ASV_1348,Bacteria,Actinomycetota,Actinobacteria,Micrococcales,Microbacteriaceae,Aurantimicrobium,NA
ASV_1349,Bacteria,Thermodesulfobacteriota,Desulfuromonadia,Bradymonadales,Incertae Sedis,SKP-2,NA
ASV_1350,Bacteria,Pseudomonadota,Gammaproteobacteria,Burkholderiales,Alcaligenaceae,Saccharedens,NA
ASV_1351,Bacteria,Pseudomonadota,Gammaproteobacteria,Burkholderiales,Burkholderiaceae,Pandoraea,sputorum
ASV_1352,Bacteria,Pseudomonadota,Gammaproteobacteria,Burkholderiales,Oxalobacteraceae,Lacisediminimonas,NA
ASV_1353,Bacteria,Pseudomonadota,Gammaproteobacteria,Burkholderiales,Comamonadaceae,Hydrogenophaga,NA
ASV_1354,Bacteria,Verrucomicrobiota,Verrucomicrobiia,Verrucomicrobiales,Verrucomicrobiaceae,Brevifollis,NA
ASV_1355,Bacteria,Pseudomonadota,Gammaproteobacteria,Run-SP154,NA,NA,NA
ASV_1356,Bacteria,Pseudomonadota,Gammaproteobacteria,Pseudomonadales,Moraxellaceae,Perlucidibaca,NA
ASV_1357,Bacteria,Bacteroidota,Bacteroidia,Sphingobacteriales,NS11-12 marine group,NA,NA
ASV_1358,Bacteria,Pseudomonadota,Gammaproteobacteria,Burkholderiales,Rhodocyclaceae,C39,NA
ASV_1359,Bacteria,Pseudomonadota,Gammaproteobacteria,Burkholderiales,Rhodocyclaceae,Dechloromonas,NA
ASV_1360,Bacteria,Pseudomonadota,Gammaproteobacteria,Burkholderiales,Chromobacteriaceae,Vogesella,amnigena
ASV_1361,Bacteria,Pseudomonadota,Gammaproteobacteria,Burkholderiales,Rhodocyclaceae,Dechlorobacter,NA
ASV_1362,Bacteria,Pseudomonadota,Gammaproteobacteria,Enterobacterales,Enterobacteriaceae,Enterobacter,NA
ASV_1363,Bacteria,Bacteroidota,Bacteroidia,Sphingobacteriales,NS11-12 marine group,NA,NA
ASV_1364,Bacteria,Pseudomonadota,Alphaproteobacteria,Rhodobacterales,Paracoccaceae,Fuscovulum,NA
ASV_1365,Bacteria,Pseudomonadota,Gammaproteobacteria,Burkholderiales,MWH-UniP1 aquatic group,NA,NA
ASV_1366,Bacteria,Bdellovibrionota,Bacteriovoracia,Bacteriovoracales,Bacteriovoracaceae,Bacteriovorax,NA
ASV_1367,Bacteria,Verrucomicrobiota,Verrucomicrobiia,Verrucomicrobiales,Verrucomicrobiaceae,Brevifollis,NA
ASV_1368,Bacteria,Chlamydiota,Chlamydiia,Chlamydiales,Parachlamydiaceae,Neochlamydia,NA
ASV_1369,Bacteria,Verrucomicrobiota,Verrucomicrobiia,Opitutales,Opitutaceae,Opitutus,NA
ASV_1370,Bacteria,Pseudomonadota,Gammaproteobacteria,Burkholderiales,Comamonadaceae,Hydrogenophaga,NA
ASV_1371,Bacteria,Pseudomonadota,Gammaproteobacteria,Burkholderiales,Burkholderiaceae,Limnobacter,NA
ASV_1372,Bacteria,Pseudomonadota,Gammaproteobacteria,Salinisphaerales,Nevskiaceae,Sinimarinibacterium,NA
ASV_1373,Bacteria,Pseudomonadota,Gammaproteobacteria,Lysobacterales,Lysobacteraceae,Silanimonas,NA
ASV_1374,Bacteria,Pseudomonadota,Gammaproteobacteria,Burkholderiales,Methylophilaceae,MM2,NA
ASV_1375,Bacteria,Pseudomonadota,Alphaproteobacteria,Hyphomicrobiales,Hyphomicrobiales Incertae Sedis,NA,NA
ASV_1376,Bacteria,Pseudomonadota,Gammaproteobacteria,Enterobacterales,Aeromonadaceae,Tolumonas,NA
ASV_1377,Bacteria,Pseudomonadota,Gammaproteobacteria,Burkholderiales,Comamonadaceae,Ramlibacter,NA
ASV_1378,Bacteria,Chloroflexota,Chloroflexia,Chloroflexales,Roseiflexaceae,NA,NA
ASV_1379,Bacteria,Pseudomonadota,Alphaproteobacteria,Rhodobacterales,Paracoccaceae,Gemmobacter,NA
ASV_1380,Bacteria,Pseudomonadota,Gammaproteobacteria,Salinisphaerales,Nevskiaceae,Sinimarinibacterium,NA
ASV_1381,Bacteria,Pseudomonadota,Gammaproteobacteria,Burkholderiales,Comamonadaceae,NA,NA
ASV_1382,Bacteria,Pseudomonadota,Gammaproteobacteria,Lysobacterales,Lysobacteraceae,Stenotrophomonas,maltophilia
ASV_1383,Bacteria,Bacteroidota,Bacteroidia,Flavobacteriales,Crocinitomicaceae,Fluviicola,NA
ASV_1384,Bacteria,Pseudomonadota,Alphaproteobacteria,Hyphomicrobiales,Hyphomicrobiales Incertae Sedis,Alsobacter,NA
ASV_1385,Bacteria,Actinomycetota,Actinobacteria,Frankiales,Sporichthyaceae,hgcI clade,NA
ASV_1386,Bacteria,Bacteroidota,Bacteroidia,Bacteroidales,Bacteroidaceae,Bacteroides,graminisolvens
ASV_1387,Bacteria,Pseudomonadota,Gammaproteobacteria,Burkholderiales,Comamonadaceae,Hydrogenophaga,soli
ASV_1388,Bacteria,Pseudomonadota,Gammaproteobacteria,Run-SP154,NA,NA,NA
ASV_1389,Bacteria,Pseudomonadota,Gammaproteobacteria,Run-SP154,NA,NA,NA
ASV_1390,Bacteria,Pseudomonadota,Gammaproteobacteria,Burkholderiales,Comamonadaceae,NA,NA
ASV_1391,Bacteria,Bacteroidota,Bacteroidia,Flavobacteriales,Crocinitomicaceae,Fluviicola,NA
ASV_1392,Bacteria,Pseudomonadota,Gammaproteobacteria,Burkholderiales,Comamonadaceae,Hydrogenophaga,NA
ASV_1393,Bacteria,Pseudomonadota,Gammaproteobacteria,Burkholderiales,Comamonadaceae,Ottowia,NA
ASV_1394,Bacteria,Verrucomicrobiota,Verrucomicrobiia,Opitutales,Opitutaceae,Oleiharenicola,NA
ASV_1395,Bacteria,Pseudomonadota,Gammaproteobacteria,Burkholderiales,Methylophilaceae,Methylophilus,NA
ASV_1396,Bacteria,Pseudomonadota,Gammaproteobacteria,Pseudomonadales,Moraxellaceae,Perlucidibaca,NA
ASV_1397,Bacteria,Pseudomonadota,Alphaproteobacteria,Sphingomonadales,Sphingomonadaceae,Sphingobium,NA
ASV_1398,Bacteria,Pseudomonadota,Gammaproteobacteria,Pseudomonadales,Moraxellaceae,Perlucidibaca,NA
ASV_1399,Bacteria,Actinomycetota,Actinobacteria,NA,NA,NA,NA
ASV_1400,Bacteria,Pseudomonadota,Gammaproteobacteria,Burkholderiales,Comamonadaceae,Candidatus Symbiobacter,NA
ASV_1401,Bacteria,Fusobacteriota,Fusobacteriia,Fusobacteriales,Leptotrichiaceae,Hypnocyclicus,NA
ASV_1402,Bacteria,Pseudomonadota,Gammaproteobacteria,Burkholderiales,Comamonadaceae,Ottowia,NA
ASV_1403,Bacteria,Pseudomonadota,Gammaproteobacteria,Pseudomonadales,Spongiibacteraceae,BD1-7 clade,NA
ASV_1404,Bacteria,Pseudomonadota,Gammaproteobacteria,Pseudomonadales,Spongiibacteraceae,BD1-7 clade,NA
ASV_1405,Bacteria,Pseudomonadota,Gammaproteobacteria,NA,NA,NA,NA
ASV_1406,Bacteria,Pseudomonadota,Gammaproteobacteria,Burkholderiales,Rhodocyclaceae,Dechlorobacter,NA
ASV_1407,Bacteria,Pseudomonadota,Alphaproteobacteria,Sphingomonadales,Sphingomonadaceae,Novosphingobium,NA
ASV_1408,Bacteria,Pseudomonadota,Alphaproteobacteria,NA,NA,NA,NA
ASV_1409,Bacteria,Bacillota,Bacilli,Erysipelotrichales,Erysipelatoclostridiaceae,UCG-004,NA
ASV_1410,Bacteria,Pseudomonadota,Gammaproteobacteria,Burkholderiales,Comamonadaceae,Aquabacterium,NA
ASV_1411,Bacteria,Pseudomonadota,Gammaproteobacteria,Lysobacterales,Lysobacteraceae,Stenotrophomonas,maltophilia
ASV_1412,Bacteria,Pseudomonadota,Gammaproteobacteria,Pseudomonadales,Pseudohongiellaceae,Pseudohongiella,NA
ASV_1413,Bacteria,Pseudomonadota,Alphaproteobacteria,Acetobacterales,Acetobacteraceae,NA,NA
ASV_1414,Bacteria,Pseudomonadota,Gammaproteobacteria,Pseudomonadales,NA,NA,NA
ASV_1415,Bacteria,Pseudomonadota,Alphaproteobacteria,Micavibrionales,Micavibrionaceae,NA,NA
ASV_1416,Bacteria,Bacteroidota,Bacteroidia,Bacteroidales,Prolixibacteraceae,WCHB1-32,NA
ASV_1417,Bacteria,Pseudomonadota,Gammaproteobacteria,Burkholderiales,Rhodocyclaceae,Thauera,NA
ASV_1418,Bacteria,Pseudomonadota,Gammaproteobacteria,Burkholderiales,Methylophilaceae,Methylotenera,NA
ASV_1419,Bacteria,Pseudomonadota,Gammaproteobacteria,Burkholderiales,Comamonadaceae,Ramlibacter,NA
ASV_1420,Bacteria,Actinomycetota,Actinobacteria,Micrococcales,Microbacteriaceae,Leucobacter,chromiireducens
ASV_1421,Bacteria,Pseudomonadota,Alphaproteobacteria,Rhodospirillales,NA,NA,NA
ASV_1422,Bacteria,Pseudomonadota,Gammaproteobacteria,Burkholderiales,Comamonadaceae,NA,NA
ASV_1423,Bacteria,Actinomycetota,Acidimicrobiia,Microtrichales,Ilumatobacteraceae,CL500-29 marine group,NA
ASV_1424,Bacteria,Pseudomonadota,Gammaproteobacteria,Burkholderiales,Rhodocyclaceae,Dechlorobacter,NA
ASV_1425,Bacteria,Pseudomonadota,Gammaproteobacteria,Lysobacterales,Lysobacteraceae,Lysobacter,brunescens
ASV_1426,Bacteria,Pseudomonadota,Gammaproteobacteria,Burkholderiales,Comamonadaceae,Acidovorax,NA
ASV_1427,Bacteria,Bacillota,Clostridia,Peptostreptococcales-Tissierellales,Anaerovoracaceae,Anaerovorax,NA
ASV_1428,Bacteria,Pseudomonadota,Gammaproteobacteria,Burkholderiales,Oxalobacteraceae,Lacisediminimonas,NA
ASV_1429,Bacteria,Pseudomonadota,Gammaproteobacteria,Burkholderiales,Comamonadaceae,NA,NA
ASV_1430,Bacteria,Actinomycetota,Acidimicrobiia,Microtrichales,NA,NA,NA
ASV_1431,Bacteria,Actinomycetota,Actinobacteria,Micrococcales,Microbacteriaceae,Leucobacter,NA
ASV_1432,Bacteria,Bacteroidota,Bacteroidia,Bacteroidales,Prevotellaceae,Alloprevotella,NA
ASV_1433,Bacteria,Pseudomonadota,Gammaproteobacteria,Burkholderiales,Comamonadaceae,NA,NA
ASV_1434,Bacteria,Actinomycetota,Actinobacteria,Micrococcales,Microbacteriaceae,Klugiella,NA
ASV_1435,Bacteria,Pseudomonadota,Gammaproteobacteria,Burkholderiales,Comamonadaceae,NA,NA
ASV_1436,Bacteria,Bacillota,Clostridia,Oscillospirales,[Eubacterium] coprostanoligenes group,NA,NA
ASV_1437,Bacteria,Pseudomonadota,Gammaproteobacteria,Burkholderiales,Rhodocyclaceae,Thauera,NA
ASV_1438,Bacteria,Pseudomonadota,Gammaproteobacteria,Burkholderiales,Alcaligenaceae,Saccharedens,NA
ASV_1439,Bacteria,Pseudomonadota,Gammaproteobacteria,Burkholderiales,Rhodocyclaceae,Dechloromonas,NA
ASV_1440,Bacteria,Actinomycetota,Actinobacteria,PeM15,NA,NA,NA
ASV_1441,Bacteria,Pseudomonadota,Alphaproteobacteria,Rickettsiales,AB1,NA,NA
ASV_1442,Bacteria,Pseudomonadota,Gammaproteobacteria,Pseudomonadales,NA,NA,NA
ASV_1443,Bacteria,Pseudomonadota,Alphaproteobacteria,Rickettsiales,NA,NA,NA
ASV_1444,Bacteria,Pseudomonadota,Gammaproteobacteria,Salinisphaerales,Nevskiaceae,NA,NA
ASV_1445,Bacteria,Pseudomonadota,Gammaproteobacteria,NA,NA,NA,NA
ASV_1446,Bacteria,Pseudomonadota,Gammaproteobacteria,Burkholderiales,Comamonadaceae,NA,NA
ASV_1447,Bacteria,Bacteroidota,Bacteroidia,NA,NA,NA,NA
ASV_1448,Bacteria,Pseudomonadota,Gammaproteobacteria,Salinisphaerales,Nevskiaceae,Solimonas,NA
ASV_1449,Bacteria,Pseudomonadota,Gammaproteobacteria,Burkholderiales,Comamonadaceae,Aquabacterium,NA
ASV_1450,Bacteria,Pseudomonadota,Gammaproteobacteria,NA,NA,NA,NA
ASV_1451,Bacteria,Bacteroidota,Bacteroidia,Chitinophagales,Chitinophagaceae,Rurimicrobium,NA
ASV_1452,Bacteria,Pseudomonadota,Gammaproteobacteria,Burkholderiales,Rhodocyclaceae,C39,NA
ASV_1453,Bacteria,Pseudomonadota,Gammaproteobacteria,Burkholderiales,Rhodocyclaceae,Methyloversatilis,discipulorum
ASV_1454,Bacteria,Pseudomonadota,Alphaproteobacteria,Hyphomicrobiales,Hyphomicrobiales Incertae Sedis,Alsobacter,NA
ASV_1455,Bacteria,Pseudomonadota,Gammaproteobacteria,Burkholderiales,Oxalobacteraceae,NA,NA
ASV_1456,Bacteria,Pseudomonadota,Gammaproteobacteria,Burkholderiales,Alcaligenaceae,Saccharedens,NA
ASV_1457,Bacteria,Thermodesulfobacteriota,Desulfuromonadia,PB19,NA,NA,NA
ASV_1458,Bacteria,Pseudomonadota,Gammaproteobacteria,Pseudomonadales,Pseudomonadaceae,Pseudomonas,NA
ASV_1459,Bacteria,Pseudomonadota,Alphaproteobacteria,Sphingomonadales,Sphingomonadaceae,NA,NA
ASV_1460,Bacteria,Pseudomonadota,Alphaproteobacteria,Rhodobacterales,Paracoccaceae,NA,NA
ASV_1461,Bacteria,Pseudomonadota,Gammaproteobacteria,Burkholderiales,Rhodocyclaceae,Thauera,NA
ASV_1462,Bacteria,Pseudomonadota,Gammaproteobacteria,Burkholderiales,Comamonadaceae,Ottowia,NA
ASV_1463,Bacteria,Pseudomonadota,Gammaproteobacteria,Burkholderiales,Comamonadaceae,NA,NA
ASV_1464,Bacteria,Pseudomonadota,Alphaproteobacteria,Sphingomonadales,Sphingomonadaceae,Novosphingobium,NA
ASV_1465,Bacteria,Pseudomonadota,Gammaproteobacteria,Burkholderiales,Comamonadaceae,Aquabacterium,NA
ASV_1466,Bacteria,Actinomycetota,Actinobacteria,Frankiales,Sporichthyaceae,hgcI clade,NA
ASV_1467,Bacteria,Bacillota,Clostridia,Peptostreptococcales-Tissierellales,Anaerovoracaceae,Anaerovorax,NA
ASV_1468,Bacteria,Pseudomonadota,Gammaproteobacteria,Salinisphaerales,Nevskiaceae,Solimonas,NA
ASV_1469,Bacteria,Verrucomicrobiota,Verrucomicrobiia,Pedosphaerales,Pedosphaeraceae,SH3-11,NA
ASV_1470,Bacteria,Actinomycetota,Actinobacteria,Frankiales,Sporichthyaceae,hgcI clade,NA
ASV_1471,Bacteria,Verrucomicrobiota,Verrucomicrobiia,Verrucomicrobiales,Verrucomicrobiaceae,Brevifollis,NA
ASV_1472,Bacteria,Pseudomonadota,Gammaproteobacteria,Enterobacterales,Aeromonadaceae,Aeromonas,NA
ASV_1473,Bacteria,Actinomycetota,Actinobacteria,Micrococcales,Microbacteriaceae,Candidatus Aquiluna,NA
ASV_1474,Bacteria,Verrucomicrobiota,Verrucomicrobiia,Opitutales,Opitutaceae,Cephaloticoccus,NA
ASV_1475,Bacteria,Bdellovibrionota,Bacteriovoracia,Bacteriovoracales,Bacteriovoracaceae,Peredibacter,NA
ASV_1476,Bacteria,Pseudomonadota,Alphaproteobacteria,Caulobacterales,Caulobacteraceae,Phenylobacterium,NA
ASV_1477,Bacteria,Verrucomicrobiota,Verrucomicrobiia,Opitutales,Opitutaceae,Oleiharenicola,NA
ASV_1478,Bacteria,Pseudomonadota,Gammaproteobacteria,Pseudomonadales,Moraxellaceae,Acinetobacter,NA
ASV_1479,Bacteria,Pseudomonadota,Gammaproteobacteria,Burkholderiales,Comamonadaceae,Hydrogenophaga,NA
ASV_1480,Bacteria,Bacteroidota,Bacteroidia,Cytophagales,Spirosomataceae,Dyadobacter,NA
ASV_1481,Bacteria,Pseudomonadota,Alphaproteobacteria,Sphingomonadales,Sphingomonadaceae,Altericroceibacterium,NA
ASV_1482,Bacteria,Bacteroidota,Bacteroidia,Bacteroidales,Prevotellaceae,Prevotella,melaninogenica
ASV_1483,Bacteria,Pseudomonadota,Alphaproteobacteria,Hyphomicrobiales,Rhizobiaceae,Brucella,NA
ASV_1484,Bacteria,Planctomycetota,Planctomycetes,Planctomycetales,NA,NA,NA
ASV_1485,Bacteria,Pseudomonadota,Gammaproteobacteria,NA,NA,NA,NA
ASV_1486,Bacteria,Bacteroidota,Bacteroidia,Bacteroidales,Marinilabiliaceae,NA,NA
ASV_1487,Bacteria,Verrucomicrobiota,Verrucomicrobiia,Verrucomicrobiales,Verrucomicrobiaceae,Prosthecobacter,NA
ASV_1488,Bacteria,Bdellovibrionota,Bdellovibrionia,Bdellovibrionales,Pseudobdellovibrionaceae,Bdellovibrio,NA
ASV_1489,Bacteria,Pseudomonadota,Gammaproteobacteria,Burkholderiales,MWH-UniP1 aquatic group,NA,NA
ASV_1490,Bacteria,Campylobacterota,Campylobacteria,Campylobacterales,Arcobacteraceae,Arcobacter,NA
ASV_1491,Bacteria,Fusobacteriota,Fusobacteriia,Fusobacteriales,Fusobacteriaceae,Fusobacterium,periodonticum
ASV_1492,Bacteria,Bdellovibrionota,Oligoflexia,Oligoflexales,Oligoflexaceae,NA,NA
ASV_1493,Bacteria,Actinomycetota,Actinobacteria,Micrococcales,Microbacteriaceae,Leucobacter,NA
ASV_1494,Bacteria,Bacillota,Clostridia,Oscillospirales,[Eubacterium] coprostanoligenes group,NA,NA
ASV_1495,Bacteria,Actinomycetota,Actinobacteria,Micrococcales,Microbacteriaceae,NA,NA
ASV_1496,Bacteria,Verrucomicrobiota,Verrucomicrobiia,Pedosphaerales,Pedosphaeraceae,DEV114,NA
ASV_1497,Bacteria,Pseudomonadota,Gammaproteobacteria,Enterobacterales,Alteromonadaceae,Rheinheimera,NA
ASV_1498,Bacteria,Pseudomonadota,Gammaproteobacteria,Salinisphaerales,Nevskiaceae,Fontimonas,NA
ASV_1499,Bacteria,Pseudomonadota,Alphaproteobacteria,Acetobacterales,Acetobacteraceae,Roseomonas,NA
ASV_1500,Bacteria,Bacteroidota,Bacteroidia,Chitinophagales,Chitinophagaceae,Rurimicrobium,NA
ASV_1501,Bacteria,Bacteroidota,Bacteroidia,Flavobacteriales,Crocinitomicaceae,Fluviicola,NA
ASV_1502,Bacteria,Pseudomonadota,Gammaproteobacteria,Pseudomonadales,Pseudomonadaceae,Pseudomonas,NA
ASV_1503,Bacteria,Pseudomonadota,Gammaproteobacteria,Enterobacterales,Alteromonadaceae,Rheinheimera,NA
ASV_1504,Bacteria,Pseudomonadota,Alphaproteobacteria,Rhodobacterales,Paracoccaceae,Fuscovulum,NA
ASV_1505,Bacteria,Pseudomonadota,Alphaproteobacteria,Tistrellales,Tistrellaceae,Tistrella,mobilis
ASV_1506,Bacteria,Pseudomonadota,Gammaproteobacteria,Salinisphaerales,Nevskiaceae,Solimonas,NA
ASV_1507,Bacteria,Bacteroidota,Bacteroidia,Bacteroidales,NA,NA,NA
ASV_1508,Bacteria,Bdellovibrionota,Bacteriovoracia,Bacteriovoracales,Bacteriovoracaceae,Bacteriovorax,NA
ASV_1509,Bacteria,Pseudomonadota,Gammaproteobacteria,Burkholderiales,Alcaligenaceae,Parapusillimonas,NA
ASV_1510,Bacteria,Pseudomonadota,Alphaproteobacteria,Rhodobacterales,Paracoccaceae,Fuscovulum,NA
ASV_1511,Bacteria,Actinomycetota,Actinobacteria,Frankiales,Sporichthyaceae,hgcI clade,NA
ASV_1512,Bacteria,Pseudomonadota,Gammaproteobacteria,Pseudomonadales,Moraxellaceae,Acinetobacter,NA
ASV_1513,Bacteria,Pseudomonadota,Gammaproteobacteria,Burkholderiales,Rhodocyclaceae,Methyloversatilis,universalis
ASV_1514,Bacteria,Pseudomonadota,Gammaproteobacteria,Burkholderiales,Alcaligenaceae,Saccharedens,NA
ASV_1515,Bacteria,Pseudomonadota,Gammaproteobacteria,Burkholderiales,Comamonadaceae,Hydrogenophaga,NA
ASV_1516,Bacteria,Pseudomonadota,Gammaproteobacteria,Burkholderiales,Comamonadaceae,Hydrogenophaga,NA
ASV_1517,Bacteria,Pseudomonadota,Alphaproteobacteria,Acetobacterales,Acetobacteraceae,Roseomonas,NA
ASV_1518,Bacteria,Bacteroidota,Bacteroidia,Bacteroidales,Prolixibacteraceae,NA,NA
ASV_1519,Bacteria,Pseudomonadota,Alphaproteobacteria,Sphingomonadales,Sphingomonadaceae,Novosphingobium,NA
ASV_1520,Bacteria,Pseudomonadota,Gammaproteobacteria,Burkholderiales,Alcaligenaceae,Achromobacter,NA
ASV_1521,Bacteria,Pseudomonadota,Gammaproteobacteria,Enterobacterales,Aeromonadaceae,Tolumonas,NA
ASV_1522,Bacteria,Pseudomonadota,Gammaproteobacteria,Burkholderiales,Comamonadaceae,Hydrogenophaga,bisanensis
ASV_1523,Bacteria,Pseudomonadota,Gammaproteobacteria,Burkholderiales,Alcaligenaceae,Saccharedens,NA
ASV_1524,Bacteria,Bacteroidota,Bacteroidia,Flavobacteriales,Crocinitomicaceae,Fluviicola,NA
ASV_1525,Bacteria,Pseudomonadota,Alphaproteobacteria,Hyphomicrobiales,Beijerinckiaceae,alphaI cluster,NA
ASV_1526,Bacteria,Actinomycetota,Actinobacteria,PeM15,NA,NA,NA
ASV_1527,Bacteria,Verrucomicrobiota,Verrucomicrobiia,Pedosphaerales,Pedosphaeraceae,SH3-11,NA
ASV_1528,Bacteria,Pseudomonadota,Alphaproteobacteria,Azospirillales,Azospirillales Incertae Sedis,Stella,NA
ASV_1529,Bacteria,Bacteroidota,Bacteroidia,Bacteroidales,Marinilabiliaceae,NA,NA
ASV_1530,Bacteria,Actinomycetota,Actinobacteria,Micrococcales,Microbacteriaceae,Klugiella,NA
ASV_1531,Bacteria,Pseudomonadota,Alphaproteobacteria,Reyranellales,Reyranellaceae,Reyranella,NA
ASV_1532,Bacteria,Pseudomonadota,Gammaproteobacteria,Salinisphaerales,Nevskiaceae,Solimonas,NA
ASV_1533,Bacteria,Chloroflexota,Anaerolineae,Anaerolineales,Anaerolineaceae,NA,NA
ASV_1534,Bacteria,Pseudomonadota,Alphaproteobacteria,Sphingomonadales,Sphingomonadaceae,Rhizorhabdus,NA
ASV_1535,Bacteria,Pseudomonadota,Gammaproteobacteria,Chromatiales,Chromatiaceae,Allochromatium,NA
ASV_1536,Bacteria,Patescibacteria,Parcubacteria,Candidatus Nomurabacteria,NA,NA,NA
ASV_1537,Bacteria,Bacteroidota,Bacteroidia,Chitinophagales,Chitinophagaceae,Sediminibacterium,NA
ASV_1538,Bacteria,Pseudomonadota,Alphaproteobacteria,Zavarziniales,Zavarziniaceae,Zavarzinia,NA
ASV_1539,Bacteria,Thermodesulfobacteriota,Desulfobacteria,Desulfobacterales,Desulfobacteraceae,NA,NA
ASV_1540,Bacteria,Pseudomonadota,Gammaproteobacteria,Burkholderiales,Comamonadaceae,Hydrogenophaga,bisanensis
ASV_1541,Bacteria,Pseudomonadota,Gammaproteobacteria,Burkholderiales,Comamonadaceae,Hydrogenophaga,atypica
ASV_1542,Bacteria,Pseudomonadota,Gammaproteobacteria,Burkholderiales,Burkholderiaceae,Limnobacter,NA
ASV_1543,Bacteria,Pseudomonadota,Gammaproteobacteria,Pseudomonadales,Porticoccaceae,C1-B045,NA
ASV_1544,Bacteria,Pseudomonadota,Gammaproteobacteria,Burkholderiales,Comamonadaceae,NA,NA
ASV_1545,Bacteria,Pseudomonadota,Gammaproteobacteria,Burkholderiales,Comamonadaceae,Hydrogenophaga,atypica
ASV_1546,Bacteria,Pseudomonadota,Gammaproteobacteria,Pseudomonadales,Pseudomonadaceae,Pseudomonas,NA
ASV_1547,Bacteria,Pseudomonadota,Gammaproteobacteria,Pseudomonadales,NA,NA,NA
ASV_1548,Bacteria,Pseudomonadota,Gammaproteobacteria,Burkholderiales,Oxalobacteraceae,NA,NA
ASV_1549,Bacteria,Thermodesulfobacteriota,Desulfuromonadia,Bradymonadales,NA,NA,NA
ASV_1550,Bacteria,Pseudomonadota,Gammaproteobacteria,Lysobacterales,Rhodanobacteraceae,Aquimonas,NA
ASV_1551,Bacteria,Pseudomonadota,Gammaproteobacteria,Lysobacterales,Lysobacteraceae,Stenotrophomonas,maltophilia
ASV_1552,Bacteria,Chlamydiota,Chlamydiia,Chlamydiales,Parachlamydiaceae,NA,NA
ASV_1553,Bacteria,Planctomycetota,Planctomycetes,Planctomycetales,NA,NA,NA
ASV_1554,Bacteria,Pseudomonadota,Gammaproteobacteria,Pseudomonadales,Pseudomonadaceae,Pseudomonas,NA
ASV_1555,Bacteria,Pseudomonadota,Gammaproteobacteria,Lysobacterales,Lysobacteraceae,Arenimonas,NA
ASV_1556,Bacteria,Chlamydiota,Chlamydiia,Chlamydiales,Parachlamydiaceae,Neochlamydia,NA
ASV_1557,Bacteria,Pseudomonadota,Gammaproteobacteria,Pseudomonadales,NA,NA,NA
ASV_1558,Bacteria,Pseudomonadota,Gammaproteobacteria,Enterobacterales,Alteromonadaceae,Rheinheimera,NA
ASV_1559,Bacteria,Pseudomonadota,Alphaproteobacteria,Rhodospirillales,NA,NA,NA
ASV_1560,Bacteria,Pseudomonadota,Alphaproteobacteria,Sphingomonadales,Sphingomonadaceae,Rhizorhapis,NA
ASV_1561,Bacteria,Pseudomonadota,Alphaproteobacteria,Caulobacterales,Caulobacteraceae,Phenylobacterium,muchangponense
ASV_1562,Bacteria,Bacteroidota,Bacteroidia,Chitinophagales,NA,NA,NA
ASV_1563,Bacteria,Pseudomonadota,Gammaproteobacteria,Chromatiales,Chromatiaceae,Allochromatium,NA
ASV_1564,Bacteria,Bacteroidota,Bacteroidia,Bacteroidales,Prolixibacteraceae,NA,NA
ASV_1565,Bacteria,Pseudomonadota,Alphaproteobacteria,Rhodospirillales,Rhodospirillaceae,NA,NA
ASV_1566,Bacteria,Pseudomonadota,Alphaproteobacteria,Caulobacterales,Caulobacteraceae,Phenylobacterium,NA
ASV_1567,Bacteria,Pseudomonadota,Gammaproteobacteria,Burkholderiales,Rhodocyclaceae,Dechloromonas,agitata
ASV_1568,Bacteria,Bacteroidota,Bacteroidia,Bacteroidales,Prolixibacteraceae,NA,NA
ASV_1569,Bacteria,Pseudomonadota,Gammaproteobacteria,Burkholderiales,Rhodocyclaceae,Thauera,NA
ASV_1570,Bacteria,Pseudomonadota,Gammaproteobacteria,Methylococcales,Methylococcaceae,Methyloparacoccus,murrellii
ASV_1571,Bacteria,Pseudomonadota,Alphaproteobacteria,Rhodobacterales,Paracoccaceae,Fuscovulum,NA
ASV_1572,Bacteria,Pseudomonadota,Gammaproteobacteria,Salinisphaerales,Nevskiaceae,NA,NA
ASV_1573,Bacteria,Bacteroidota,Bacteroidia,Sphingobacteriales,Lentimicrobiaceae,Lentimicrobium,NA
ASV_1574,Bacteria,Planctomycetota,Planctomycetes,Pirellulales,Pirellulaceae,Pirellula,NA
ASV_1575,Bacteria,Bacillota,Bacilli,Acholeplasmatales,Acholeplasmataceae,Acholeplasma,NA
ASV_1576,Bacteria,Verrucomicrobiota,Verrucomicrobiia,Opitutales,Opitutaceae,Oleiharenicola,NA
ASV_1577,Bacteria,Pseudomonadota,Alphaproteobacteria,Micropepsales,Micropepsaceae,NA,NA
ASV_1578,Bacteria,Pseudomonadota,Gammaproteobacteria,Burkholderiales,Burkholderiaceae,Limnobacter,NA
ASV_1579,Bacteria,Patescibacteria,Saccharimonadia,Saccharimonadales,Saccharimonadaceae,Candidatus Saccharimonas,NA
ASV_1580,Bacteria,Pseudomonadota,Gammaproteobacteria,Burkholderiales,Methylophilaceae,Methylophilus,NA
ASV_1581,Bacteria,Actinomycetota,Actinobacteria,PeM15,NA,NA,NA
ASV_1582,Bacteria,Pseudomonadota,Gammaproteobacteria,NA,NA,NA,NA
ASV_1583,Bacteria,Pseudomonadota,Gammaproteobacteria,Burkholderiales,Comamonadaceae,Ottowia,NA
ASV_1584,Bacteria,Verrucomicrobiota,Verrucomicrobiia,Opitutales,Opitutaceae,Cephaloticoccus,NA
ASV_1585,Bacteria,Cyanobacteriota,Vampirivibrionia,Obscuribacterales,Obscuribacteraceae,Candidatus Obscuribacter,NA
ASV_1586,Bacteria,Verrucomicrobiota,Verrucomicrobiia,Verrucomicrobiales,Verrucomicrobiaceae,Prosthecobacter,NA
ASV_1587,Bacteria,Pseudomonadota,Gammaproteobacteria,Lysobacterales,Rhodanobacteraceae,Aquimonas,voraii
ASV_1588,Bacteria,Pseudomonadota,Alphaproteobacteria,Rhodospirillales,Rhodospirillaceae,NA,NA
ASV_1589,Bacteria,Pseudomonadota,Alphaproteobacteria,Hyphomicrobiales,Hyphomicrobiales Incertae Sedis,NA,NA
ASV_1590,Bacteria,Pseudomonadota,Gammaproteobacteria,Burkholderiales,Alcaligenaceae,Saccharedens,NA
ASV_1591,Bacteria,Pseudomonadota,Gammaproteobacteria,Burkholderiales,Comamonadaceae,Hydrogenophaga,atypica
ASV_1592,Bacteria,Pseudomonadota,Alphaproteobacteria,Ferrovibrionales,Ferrovibrionaceae,Ferrovibrio,NA
ASV_1593,Bacteria,Patescibacteria,Parcubacteria,Candidatus Nomurabacteria,NA,NA,NA
ASV_1594,Bacteria,Pseudomonadota,Gammaproteobacteria,Burkholderiales,Burkholderiaceae,Lautropia,NA
ASV_1595,Bacteria,Pseudomonadota,Gammaproteobacteria,Burkholderiales,Comamonadaceae,Hydrogenophaga,NA
ASV_1596,Bacteria,Pseudomonadota,Gammaproteobacteria,Burkholderiales,Comamonadaceae,Candidatus Symbiobacter,NA
ASV_1597,Bacteria,Pseudomonadota,Alphaproteobacteria,Rhodobacterales,Paracoccaceae,Fuscovulum,NA
ASV_1598,Bacteria,Bacillota,Clostridia,Peptostreptococcales-Tissierellales,Anaerovoracaceae,NA,NA
ASV_1599,Bacteria,Pseudomonadota,Gammaproteobacteria,Burkholderiales,Oxalobacteraceae,Lacisediminimonas,NA
ASV_1600,Bacteria,Pseudomonadota,Gammaproteobacteria,Pseudomonadales,Porticoccaceae,C1-B045,NA
ASV_1601,Bacteria,Actinomycetota,Actinobacteria,Micrococcales,Microbacteriaceae,Aurantimicrobium,NA
ASV_1602,Bacteria,Chloroflexota,Anaerolineae,Anaerolineales,Anaerolineaceae,NA,NA
ASV_1603,Bacteria,Pseudomonadota,Alphaproteobacteria,Sphingomonadales,Sphingomonadaceae,Blastomonas,NA
ASV_1604,Bacteria,Pseudomonadota,Alphaproteobacteria,Rickettsiales,NA,NA,NA
ASV_1605,Bacteria,Pseudomonadota,Gammaproteobacteria,Burkholderiales,Rhodocyclaceae,Thauera,NA
ASV_1606,Bacteria,Pseudomonadota,Gammaproteobacteria,Burkholderiales,Comamonadaceae,Candidatus Symbiobacter,NA
ASV_1607,Bacteria,Bacillota,Clostridia,Peptostreptococcales-Tissierellales,Anaerovoracaceae,Anaerovorax,NA
ASV_1608,Bacteria,Actinomycetota,Actinobacteria,Micrococcales,Microbacteriaceae,Leucobacter,NA
ASV_1609,Bacteria,Pseudomonadota,Gammaproteobacteria,Enterobacterales,Alteromonadaceae,Rheinheimera,NA
ASV_1610,Bacteria,Pseudomonadota,Gammaproteobacteria,Salinisphaerales,Nevskiaceae,Fontimonas,NA
ASV_1611,Bacteria,Bacillota,Bacilli,Acholeplasmatales,Acholeplasmataceae,Acholeplasma,NA
ASV_1612,Bacteria,Verrucomicrobiota,Verrucomicrobiia,Opitutales,Opitutaceae,Cephaloticoccus,NA
ASV_1613,Bacteria,Actinomycetota,Acidimicrobiia,Microtrichales,Ilumatobacteraceae,CL500-29 marine group,NA
ASV_1614,Bacteria,Pseudomonadota,Gammaproteobacteria,Burkholderiales,Comamonadaceae,Hydrogenophaga,caeni
ASV_1615,Bacteria,Actinomycetota,Acidimicrobiia,Microtrichales,NA,NA,NA
ASV_1616,Bacteria,Bacillota,Bacilli,Lactobacillales,Streptococcaceae,Streptococcus,cristatus
ASV_1617,Bacteria,Pseudomonadota,Gammaproteobacteria,NA,NA,NA,NA
ASV_1618,Bacteria,Cyanobacteriota,Vampirivibrionia,Obscuribacterales,Obscuribacteraceae,Candidatus Obscuribacter,NA
ASV_1619,Bacteria,Pseudomonadota,Gammaproteobacteria,Burkholderiales,Methylophilaceae,UBA6140,NA
ASV_1620,Bacteria,Pseudomonadota,Gammaproteobacteria,Legionellales,Legionellaceae,Legionella,NA
ASV_1621,Bacteria,Bacteroidota,Bacteroidia,Flavobacteriales,Weeksellaceae,Cloacibacterium,normanense
ASV_1622,Bacteria,Pseudomonadota,Gammaproteobacteria,Legionellales,Legionellaceae,Legionella,NA
ASV_1623,Bacteria,Pseudomonadota,Gammaproteobacteria,Burkholderiales,Rhodocyclaceae,Thauera,NA
ASV_1624,Bacteria,Bacillota,Bacilli,Erysipelotrichales,Erysipelotrichaceae,Erysipelothrix,NA
ASV_1625,Bacteria,Pseudomonadota,Gammaproteobacteria,Burkholderiales,Rhodocyclaceae,Methyloversatilis,discipulorum
ASV_1626,Bacteria,Pseudomonadota,Gammaproteobacteria,Lysobacterales,Rhodanobacteraceae,Ahniella,NA
ASV_1627,Bacteria,Pseudomonadota,Gammaproteobacteria,Burkholderiales,Comamonadaceae,Ottowia,NA
ASV_1628,Bacteria,Pseudomonadota,Gammaproteobacteria,Chromatiales,Chromatiaceae,Allochromatium,NA
ASV_1629,Bacteria,Verrucomicrobiota,Verrucomicrobiia,Opitutales,Opitutaceae,Oleiharenicola,NA
ASV_1630,Bacteria,Pseudomonadota,Alphaproteobacteria,Hyphomicrobiales,Devosiaceae,Devosia,NA
ASV_1631,Bacteria,Verrucomicrobiota,Verrucomicrobiia,Verrucomicrobiales,Verrucomicrobiaceae,Brevifollis,NA
ASV_1632,Bacteria,Verrucomicrobiota,Verrucomicrobiia,Opitutales,Opitutaceae,Cephaloticoccus,NA
ASV_1633,Bacteria,Bacteroidota,Bacteroidia,Bacteroidales,Rikenellaceae,NA,NA
ASV_1634,Bacteria,Pseudomonadota,Gammaproteobacteria,Burkholderiales,Alcaligenaceae,NA,NA
ASV_1635,Bacteria,Pseudomonadota,Gammaproteobacteria,Burkholderiales,Oxalobacteraceae,Lacisediminimonas,NA
ASV_1636,Bacteria,Pseudomonadota,Gammaproteobacteria,Burkholderiales,Sutterellaceae,NA,NA
ASV_1637,Bacteria,Pseudomonadota,Alphaproteobacteria,Hyphomicrobiales,Hyphomicrobiales Incertae Sedis,NA,NA
ASV_1638,Bacteria,Pseudomonadota,Alphaproteobacteria,Rhodobacterales,Paracoccaceae,Gemmobacter,NA
ASV_1639,Bacteria,Pseudomonadota,Gammaproteobacteria,Burkholderiales,Burkholderiaceae,Lautropia,NA
ASV_1640,Bacteria,Chlamydiota,Chlamydiia,Chlamydiales,Parachlamydiaceae,Neochlamydia,NA
ASV_1641,Bacteria,Pseudomonadota,Gammaproteobacteria,Pseudomonadales,NA,NA,NA
ASV_1642,Bacteria,Actinomycetota,Actinobacteria,Frankiales,Sporichthyaceae,hgcI clade,NA
ASV_1643,Bacteria,Bacteroidota,Bacteroidia,Sphingobacteriales,Sphingobacteriaceae,Solitalea,NA
ASV_1644,Bacteria,Pseudomonadota,Gammaproteobacteria,Burkholderiales,Methylophilaceae,Methylophilus,NA
ASV_1645,Bacteria,Pseudomonadota,Gammaproteobacteria,Burkholderiales,Comamonadaceae,Malikia,NA
ASV_1646,Bacteria,Pseudomonadota,Gammaproteobacteria,Methylococcales,Methylococcaceae,Methyloparacoccus,murrellii
ASV_1647,Bacteria,Pseudomonadota,Gammaproteobacteria,Burkholderiales,Comamonadaceae,Hydrogenophaga,soli
ASV_1648,Bacteria,Pseudomonadota,Gammaproteobacteria,Salinisphaerales,Nevskiaceae,Solimonas,NA
ASV_1649,Bacteria,Bacteroidota,Bacteroidia,Bacteroidales,Paludibacteraceae,Paludibacter,NA
ASV_1650,Bacteria,Pseudomonadota,Gammaproteobacteria,Burkholderiales,Methylophilaceae,Methylotenera,NA
ASV_1651,Bacteria,Pseudomonadota,Gammaproteobacteria,Pseudomonadales,Moraxellaceae,Perlucidibaca,piscinae
ASV_1652,Bacteria,Verrucomicrobiota,Verrucomicrobiia,Verrucomicrobiales,Verrucomicrobiaceae,Prosthecobacter,NA
ASV_1653,Bacteria,Pseudomonadota,Gammaproteobacteria,Pseudomonadales,Pseudomonadaceae,Pseudomonas,NA
ASV_1654,Bacteria,Pseudomonadota,Gammaproteobacteria,Burkholderiales,Comamonadaceae,NA,NA
ASV_1655,Bacteria,Pseudomonadota,Gammaproteobacteria,Pseudomonadales,Moraxellaceae,Perlucidibaca,NA
ASV_1656,Bacteria,Bacteroidota,Bacteroidia,Bacteroidales,Prolixibacteraceae,WCHB1-32,NA
ASV_1657,Bacteria,Pseudomonadota,Gammaproteobacteria,Pseudomonadales,Moraxellaceae,Perlucidibaca,NA
ASV_1658,Bacteria,Pseudomonadota,Alphaproteobacteria,Caulobacterales,Caulobacteraceae,Phenylobacterium,NA
ASV_1659,Bacteria,Bacillota,Bacilli,Acholeplasmatales,Acholeplasmataceae,Acholeplasma,NA
ASV_1660,Bacteria,Pseudomonadota,Gammaproteobacteria,Burkholderiales,Alcaligenaceae,Parapusillimonas,NA
ASV_1661,Bacteria,Pseudomonadota,Gammaproteobacteria,Burkholderiales,Alcaligenaceae,Achromobacter,NA
ASV_1662,Bacteria,Pseudomonadota,Gammaproteobacteria,R7C24,NA,NA,NA
ASV_1663,Bacteria,Pseudomonadota,Gammaproteobacteria,Burkholderiales,Burkholderiaceae,Limnobacter,NA
ASV_1664,Bacteria,Pseudomonadota,Gammaproteobacteria,Burkholderiales,Rhodocyclaceae,Thauera,NA
ASV_1665,Bacteria,Bdellovibrionota,Bacteriovoracia,Bacteriovoracales,Bacteriovoracaceae,Peredibacter,NA
ASV_1666,Bacteria,Pseudomonadota,Alphaproteobacteria,Sphingomonadales,Sphingomonadaceae,Sphingoaurantiacus,NA
ASV_1667,Bacteria,Pseudomonadota,Gammaproteobacteria,Burkholderiales,Comamonadaceae,Hydrogenophaga,NA
ASV_1668,Bacteria,Pseudomonadota,Alphaproteobacteria,Paracaedibacterales,Paracaedibacteraceae,Candidatus Captivus,NA
ASV_1669,Bacteria,Bacteroidota,Bacteroidia,Cytophagales,Cyclobacteriaceae,Algoriphagus,NA
ASV_1670,Bacteria,Pseudomonadota,Gammaproteobacteria,Enterobacterales,Enterobacteriaceae,NA,NA
ASV_1671,Bacteria,Pseudomonadota,Gammaproteobacteria,Legionellales,Legionellaceae,Legionella,NA
ASV_1672,Bacteria,Pseudomonadota,Gammaproteobacteria,Pseudomonadales,Moraxellaceae,Perlucidibaca,NA
ASV_1673,Bacteria,Pseudomonadota,Gammaproteobacteria,Enterobacterales,Alteromonadaceae,Rheinheimera,NA
ASV_1674,Bacteria,Pseudomonadota,Gammaproteobacteria,Burkholderiales,Burkholderiaceae,Limnobacter,NA
ASV_1675,Bacteria,Pseudomonadota,Alphaproteobacteria,Sphingomonadales,Sphingomonadaceae,Rhizorhabdus,NA
ASV_1676,Bacteria,Pseudomonadota,Alphaproteobacteria,Hyphomicrobiales,Rhizobiaceae,Brucella,NA
ASV_1677,Bacteria,Pseudomonadota,Gammaproteobacteria,Burkholderiales,Hydrogenophilaceae,NA,NA
ASV_1678,Bacteria,Bdellovibrionota,Bacteriovoracia,Bacteriovoracales,Bacteriovoracaceae,Peredibacter,NA
ASV_1679,Bacteria,Actinomycetota,Actinobacteria,Micrococcales,Microbacteriaceae,Leucobacter,NA
ASV_1680,Bacteria,Pseudomonadota,Gammaproteobacteria,Pseudomonadales,Alcanivoracaceae,Ketobacter,NA
ASV_1681,Bacteria,Pseudomonadota,Gammaproteobacteria,Burkholderiales,Comamonadaceae,Hydrogenophaga,NA
ASV_1682,Bacteria,Pseudomonadota,Gammaproteobacteria,Enterobacterales,Aeromonadaceae,Aeromonas,NA
ASV_1683,Bacteria,Bacillota,Bacilli,Erysipelotrichales,Erysipelotrichaceae,Erysipelothrix,NA
ASV_1684,Bacteria,Pseudomonadota,Gammaproteobacteria,Burkholderiales,Rhodocyclaceae,Thauera,aminoaromatica
ASV_1685,Bacteria,Pseudomonadota,Gammaproteobacteria,Burkholderiales,Rhodocyclaceae,Dechloromonas,agitata
ASV_1686,Bacteria,Pseudomonadota,Gammaproteobacteria,Burkholderiales,Comamonadaceae,Inhella,NA
ASV_1687,Bacteria,Pseudomonadota,Gammaproteobacteria,Burkholderiales,MWH-UniP1 aquatic group,NA,NA
ASV_1688,Bacteria,Bacillota,Bacilli,Bacillales,Bacillaceae,Rossellomorea,NA
ASV_1689,Bacteria,Bacteroidota,Bacteroidia,Flavobacteriales,Flavobacteriaceae,Capnocytophaga,NA
ASV_1690,Bacteria,Pseudomonadota,Gammaproteobacteria,Burkholderiales,Comamonadaceae,NA,NA
ASV_1691,Bacteria,Pseudomonadota,Alphaproteobacteria,Rickettsiales,NA,NA,NA
ASV_1692,Bacteria,Pseudomonadota,Gammaproteobacteria,Burkholderiales,Rhodocyclaceae,Thauera,NA
ASV_1693,Bacteria,Actinomycetota,Actinobacteria,Micrococcales,Microbacteriaceae,Aurantimicrobium,minutum
ASV_1694,Bacteria,Pseudomonadota,Gammaproteobacteria,Burkholderiales,Comamonadaceae,Aquabacterium,NA
ASV_1695,Bacteria,Pseudomonadota,Alphaproteobacteria,Rhodospirillales,NA,NA,NA
ASV_1696,Bacteria,Pseudomonadota,Gammaproteobacteria,Methylococcales,Methylococcaceae,Methyloparacoccus,NA
ASV_1697,Bacteria,Pseudomonadota,Gammaproteobacteria,Pseudomonadales,Moraxellaceae,Perlucidibaca,NA
ASV_1698,Bacteria,Pseudomonadota,Alphaproteobacteria,Sphingomonadales,Sphingomonadaceae,Novosphingobium,NA
ASV_1699,Bacteria,Pseudomonadota,Gammaproteobacteria,Burkholderiales,Comamonadaceae,Acidovorax,NA
ASV_1700,Bacteria,Pseudomonadota,Alphaproteobacteria,Azospirillales,Azospirillaceae,Niveispirillum,NA
ASV_1701,Bacteria,Planctomycetota,OM190,NA,NA,NA,NA
ASV_1702,Bacteria,Bacteroidota,Bacteroidia,Flavobacteriales,NS9 marine group,NA,NA
ASV_1703,Bacteria,Pseudomonadota,Alphaproteobacteria,Sphingomonadales,Sphingomonadaceae,Rhizorhabdus,NA
ASV_1704,Bacteria,Pseudomonadota,Gammaproteobacteria,Salinisphaerales,Nevskiaceae,Sinimarinibacterium,NA
ASV_1705,Bacteria,Pseudomonadota,Gammaproteobacteria,Methylococcales,Methylococcaceae,Methyloparacoccus,NA
ASV_1706,Bacteria,Pseudomonadota,Gammaproteobacteria,Burkholderiales,Comamonadaceae,Hydrogenophaga,NA
ASV_1707,Bacteria,Pseudomonadota,Alphaproteobacteria,Caulobacterales,Caulobacteraceae,Phenylobacterium,NA
ASV_1708,Bacteria,Pseudomonadota,Alphaproteobacteria,Sphingomonadales,Sphingomonadaceae,Sphingoaurantiacus,NA
ASV_1709,Bacteria,Pseudomonadota,Gammaproteobacteria,Burkholderiales,Comamonadaceae,Aquabacterium,NA
ASV_1710,Bacteria,Pseudomonadota,Gammaproteobacteria,Lysobacterales,Rhodanobacteraceae,Aquimonas,voraii
ASV_1711,Bacteria,Myxococcota,Polyangiia,Blfdi19,NA,NA,NA
ASV_1712,Bacteria,Pseudomonadota,Gammaproteobacteria,Burkholderiales,MWH-UniP1 aquatic group,NA,NA
ASV_1713,Bacteria,Pseudomonadota,Gammaproteobacteria,Enterobacterales,Alteromonadaceae,Rheinheimera,NA
ASV_1714,Bacteria,Pseudomonadota,Gammaproteobacteria,Burkholderiales,Rhodocyclaceae,Thauera,NA
ASV_1715,Bacteria,Actinomycetota,Acidimicrobiia,Microtrichales,Ilumatobacteraceae,CL500-29 marine group,NA
ASV_1716,Bacteria,Patescibacteria,Gracilibacteria,JGI 0000069-P22,NA,NA,NA
ASV_1717,Bacteria,Pseudomonadota,Gammaproteobacteria,Burkholderiales,Burkholderiaceae,Lautropia,NA
ASV_1718,Bacteria,Actinomycetota,Actinobacteria,Frankiales,Sporichthyaceae,hgcI clade,NA
ASV_1719,Bacteria,Pseudomonadota,Alphaproteobacteria,Rickettsiales,NA,NA,NA
ASV_1720,Bacteria,Pseudomonadota,Gammaproteobacteria,Enterobacterales,Alteromonadaceae,Rheinheimera,NA
ASV_1721,Bacteria,Bacillota,Bacilli,Erysipelotrichales,Erysipelatoclostridiaceae,UCG-004,NA
ASV_1722,Bacteria,Bdellovibrionota,Bacteriovoracia,Bacteriovoracales,Bacteriovoracaceae,Peredibacter,NA
ASV_1723,Bacteria,Pseudomonadota,Gammaproteobacteria,Enterobacterales,Alteromonadaceae,Rheinheimera,NA
ASV_1724,Bacteria,Pseudomonadota,Gammaproteobacteria,Burkholderiales,Rhodocyclaceae,Methyloversatilis,discipulorum
ASV_1725,Bacteria,Cyanobacteriota,Sericytochromatia,NA,NA,NA,NA
ASV_1726,Bacteria,Bacteroidota,Bacteroidia,Bacteroidales,Prolixibacteraceae,NA,NA
ASV_1727,Bacteria,Verrucomicrobiota,Verrucomicrobiia,Verrucomicrobiales,Verrucomicrobiaceae,Prosthecobacter,NA
ASV_1728,Bacteria,Pseudomonadota,Alphaproteobacteria,Rhodospirillales,NA,NA,NA
ASV_1729,Bacteria,Candidatus Kapabacteria,Kapabacteria,Kapabacteriales,NA,NA,NA
ASV_1730,Bacteria,Bacteroidota,Bacteroidia,Cytophagales,Cyclobacteriaceae,Algoriphagus,NA
ASV_1731,Bacteria,Pseudomonadota,Alphaproteobacteria,Rhodobacterales,Paracoccaceae,NA,NA
ASV_1732,Bacteria,Bacteroidota,Bacteroidia,Bacteroidales,Prevotellaceae,NA,NA
ASV_1733,Bacteria,Pseudomonadota,Alphaproteobacteria,Rhodobacterales,Paracoccaceae,NA,NA
ASV_1734,Bacteria,Pseudomonadota,Gammaproteobacteria,Burkholderiales,Rhodocyclaceae,Dechlorobacter,NA
ASV_1735,Bacteria,Verrucomicrobiota,Verrucomicrobiia,Verrucomicrobiales,Verrucomicrobiaceae,Brevifollis,NA
ASV_1736,Bacteria,Thermodesulfobacteriota,Desulfuromonadia,Geobacterales,Geobacteraceae,Trichlorobacter,NA
ASV_1737,Bacteria,Bacteroidota,Bacteroidia,Flavobacteriales,Crocinitomicaceae,Fluviicola,NA
ASV_1738,Bacteria,Bacillota,Bacilli,Izemoplasmatales,Izemoplasmataceae,NA,NA
ASV_1739,Bacteria,Pseudomonadota,Alphaproteobacteria,Hyphomicrobiales,Hyphomicrobiaceae,Pedomicrobium,NA
ASV_1740,Bacteria,Bacteroidota,Bacteroidia,Chitinophagales,37-13,NA,NA
ASV_1741,Bacteria,Pseudomonadota,Gammaproteobacteria,Salinisphaerales,Nevskiaceae,NA,NA
ASV_1742,Bacteria,Actinomycetota,Acidimicrobiia,Microtrichales,Ilumatobacteraceae,CL500-29 marine group,NA
ASV_1743,Bacteria,Pseudomonadota,Gammaproteobacteria,Burkholderiales,Comamonadaceae,Polaromonas,NA
ASV_1744,Bacteria,Verrucomicrobiota,Verrucomicrobiia,Opitutales,Opitutaceae,Cephaloticoccus,NA
ASV_1745,Bacteria,Bacteroidota,Bacteroidia,Chitinophagales,37-13,NA,NA
ASV_1746,Bacteria,Actinomycetota,Actinobacteria,Micrococcales,Microbacteriaceae,NA,NA
ASV_1747,Bacteria,Pseudomonadota,Gammaproteobacteria,Burkholderiales,Alcaligenaceae,NA,NA
ASV_1748,Bacteria,Bacteroidota,Bacteroidia,Flavobacteriales,Cryomorphaceae,NA,NA
ASV_1749,Bacteria,Pseudomonadota,Gammaproteobacteria,Burkholderiales,Neisseriaceae,Neisseria,NA
ASV_1750,Bacteria,Pseudomonadota,Alphaproteobacteria,Rickettsiales,Rickettsiaceae,NA,NA
ASV_1751,Bacteria,Pseudomonadota,Gammaproteobacteria,Burkholderiales,Comamonadaceae,Aquabacterium,NA
ASV_1752,Bacteria,Bacteroidota,Bacteroidia,Sphingobacteriales,Sphingobacteriaceae,Daejeonella,NA
ASV_1753,Bacteria,Bacillota,Bacilli,Erysipelotrichales,Erysipelatoclostridiaceae,UCG-004,NA
ASV_1754,Bacteria,Planctomycetota,Planctomycetes,Pirellulales,Pirellulaceae,Pirellula,NA
ASV_1755,Bacteria,Bacteroidota,Bacteroidia,Flavobacteriales,Crocinitomicaceae,Fluviicola,NA
ASV_1756,Bacteria,Planctomycetota,OM190,NA,NA,NA,NA
ASV_1757,Bacteria,Bacillota,Negativicutes,Veillonellales-Selenomonadales,Veillonellaceae,Veillonella,atypica
ASV_1758,Bacteria,Pseudomonadota,Gammaproteobacteria,Burkholderiales,Rhodocyclaceae,Thauera,NA
ASV_1759,Bacteria,Pseudomonadota,Gammaproteobacteria,Burkholderiales,Comamonadaceae,Hydrogenophaga,NA
ASV_1760,Bacteria,Pseudomonadota,Alphaproteobacteria,Sphingomonadales,Sphingomonadaceae,Novosphingobium,ginsenosidimutans
ASV_1761,Bacteria,Pseudomonadota,Gammaproteobacteria,Burkholderiales,Comamonadaceae,Ramlibacter,NA
ASV_1762,Bacteria,Verrucomicrobiota,Verrucomicrobiia,Opitutales,Opitutaceae,Oleiharenicola,NA
ASV_1763,Bacteria,Pseudomonadota,Gammaproteobacteria,Enterobacterales,Alteromonadaceae,Rheinheimera,NA
ASV_1764,Bacteria,Pseudomonadota,Gammaproteobacteria,Burkholderiales,Burkholderiaceae,Pandoraea,sputorum
ASV_1765,Bacteria,Pseudomonadota,Alphaproteobacteria,Rickettsiales,Rickettsiaceae,NA,NA
ASV_1766,Bacteria,Actinomycetota,Actinobacteria,PeM15,NA,NA,NA
ASV_1767,Bacteria,Pseudomonadota,Gammaproteobacteria,Burkholderiales,Burkholderiaceae,Polynucleobacter,NA
ASV_1768,Bacteria,Pseudomonadota,Gammaproteobacteria,Burkholderiales,Comamonadaceae,Hydrogenophaga,NA
ASV_1769,Bacteria,Pseudomonadota,Gammaproteobacteria,Burkholderiales,Methylophilaceae,Methylophilus,rhizosphaerae
ASV_1770,Bacteria,Pseudomonadota,Gammaproteobacteria,Burkholderiales,Methylophilaceae,UBA6140,NA
ASV_1771,Bacteria,Pseudomonadota,Alphaproteobacteria,Azospirillales,Azospirillaceae,Niveispirillum,NA
ASV_1772,Bacteria,Pseudomonadota,Gammaproteobacteria,Burkholderiales,Comamonadaceae,NA,NA
ASV_1773,Bacteria,Pseudomonadota,Gammaproteobacteria,Burkholderiales,Comamonadaceae,Hydrogenophaga,NA
ASV_1774,Bacteria,Pseudomonadota,Gammaproteobacteria,Gammaproteobacteria Incertae Sedis,Unknown Family,Acidibacter,NA
ASV_1775,Bacteria,Thermodesulfobacteriota,Desulfuromonadia,Geobacterales,Geobacteraceae,Trichlorobacter,NA
ASV_1776,Bacteria,Pseudomonadota,Gammaproteobacteria,Burkholderiales,Neisseriaceae,Neisseria,NA
ASV_1777,Bacteria,Pseudomonadota,Alphaproteobacteria,Caulobacterales,Caulobacteraceae,Phenylobacterium,conjunctum
ASV_1778,Bacteria,Pseudomonadota,Gammaproteobacteria,Burkholderiales,Burkholderiaceae,Lautropia,NA
ASV_1779,Bacteria,Pseudomonadota,Alphaproteobacteria,Parvibaculales,Parvibaculaceae,Parvibaculum,NA
ASV_1780,Bacteria,Verrucomicrobiota,Verrucomicrobiia,Verrucomicrobiales,Verrucomicrobiaceae,Prosthecobacter,NA
ASV_1781,Bacteria,Bacteroidota,Bacteroidia,Flavobacteriales,Crocinitomicaceae,Fluviicola,NA
ASV_1782,Bacteria,Bdellovibrionota,Bacteriovoracia,Bacteriovoracales,Bacteriovoracaceae,Peredibacter,NA
ASV_1783,Bacteria,Pseudomonadota,Gammaproteobacteria,Burkholderiales,Methylophilaceae,Methylophilus,rhizosphaerae
ASV_1784,Bacteria,Pseudomonadota,Alphaproteobacteria,Hyphomicrobiales,Devosiaceae,Devosia,NA
ASV_1785,Bacteria,Actinomycetota,Actinobacteria,Frankiales,Sporichthyaceae,hgcI clade,NA
ASV_1786,Bacteria,Pseudomonadota,Gammaproteobacteria,Burkholderiales,Burkholderiaceae,Polynucleobacter,cosmopolitanus
ASV_1787,Bacteria,Pseudomonadota,Gammaproteobacteria,Burkholderiales,Comamonadaceae,Hydrogenophaga,NA
ASV_1788,Bacteria,Pseudomonadota,Alphaproteobacteria,Hyphomicrobiales,Hyphomicrobiales Incertae Sedis,NA,NA
ASV_1789,Bacteria,Pseudomonadota,Gammaproteobacteria,Burkholderiales,Comamonadaceae,Hydrogenophaga,NA
ASV_1790,Bacteria,Pseudomonadota,Alphaproteobacteria,Sphingomonadales,Sphingomonadaceae,Novosphingobium,NA
ASV_1791,Bacteria,Chloroflexota,Anaerolineae,Anaerolineales,Anaerolineaceae,NA,NA
ASV_1792,Bacteria,Pseudomonadota,Gammaproteobacteria,Burkholderiales,Alcaligenaceae,Saccharedens,NA
ASV_1793,Bacteria,Bacteroidota,Bacteroidia,Bacteroidales,Paludibacteraceae,Paludibacter,NA
ASV_1794,Bacteria,Actinomycetota,Actinobacteria,PeM15,NA,NA,NA
ASV_1795,Bacteria,Patescibacteria,Parcubacteria,Candidatus Nomurabacteria,NA,NA,NA
ASV_1796,Bacteria,Pseudomonadota,Gammaproteobacteria,Methylococcales,Methylococcaceae,Methyloparacoccus,murrellii
ASV_1797,Bacteria,Pseudomonadota,Gammaproteobacteria,Burkholderiales,Alcaligenaceae,Saccharedens,NA
ASV_1798,Bacteria,Pseudomonadota,Gammaproteobacteria,Burkholderiales,Burkholderiaceae,Lautropia,NA
ASV_1799,Bacteria,Pseudomonadota,Alphaproteobacteria,Rhodobacterales,Paracoccaceae,NA,NA
ASV_1800,Bacteria,Bacteroidota,Bacteroidia,Cytophagales,Cyclobacteriaceae,Algoriphagus,NA
ASV_1801,Bacteria,Pseudomonadota,Gammaproteobacteria,Competibacterales,Competibacteraceae,Plasticicumulans,NA
ASV_1802,Bacteria,Bacteroidota,Bacteroidia,Chitinophagales,Chitinophagaceae,Rurimicrobium,NA
ASV_1803,Bacteria,Pseudomonadota,Gammaproteobacteria,Methylococcales,Methylococcaceae,Methyloparacoccus,NA
ASV_1804,Bacteria,Pseudomonadota,Gammaproteobacteria,Burkholderiales,Comamonadaceae,Ottowia,NA
ASV_1805,Bacteria,Pseudomonadota,Gammaproteobacteria,Burkholderiales,Comamonadaceae,Acidovorax,NA
ASV_1806,Bacteria,Candidatus Kapabacteria,Kapabacteria,Kapabacteriales,NA,NA,NA
ASV_1807,Bacteria,Pseudomonadota,Alphaproteobacteria,Rickettsiales,Mitochondria,NA,NA
ASV_1808,Bacteria,Bacteroidota,Bacteroidia,Sphingobacteriales,Sphingobacteriaceae,Solitalea,NA
ASV_1809,Bacteria,Pseudomonadota,Gammaproteobacteria,Burkholderiales,Comamonadaceae,Candidatus Symbiobacter,NA
ASV_1810,Bacteria,Pseudomonadota,Gammaproteobacteria,Enterobacterales,Aeromonadaceae,Tolumonas,NA
ASV_1811,Bacteria,Actinomycetota,Actinobacteria,Micrococcales,Microbacteriaceae,Aurantimicrobium,minutum
ASV_1812,Bacteria,Bacillota,Bacilli,Erysipelotrichales,Erysipelatoclostridiaceae,UCG-004,NA
ASV_1813,Bacteria,Actinomycetota,Actinobacteria,Frankiales,Sporichthyaceae,hgcI clade,NA
ASV_1814,Bacteria,Pseudomonadota,Alphaproteobacteria,Caulobacterales,Hyphomonadaceae,Hyphomonas,NA
ASV_1815,Bacteria,Actinomycetota,Actinobacteria,Micrococcales,Microbacteriaceae,Leucobacter,NA
ASV_1816,Bacteria,Pseudomonadota,Alphaproteobacteria,Caulobacterales,Caulobacteraceae,Phenylobacterium,NA
ASV_1817,Bacteria,Synergistota,Synergistia,Synergistales,Synergistaceae,NA,NA
ASV_1818,Bacteria,Pseudomonadota,Alphaproteobacteria,Rhodobacterales,Paracoccaceae,NA,NA
ASV_1819,Bacteria,Pseudomonadota,Alphaproteobacteria,Caulobacterales,Hyphomonadaceae,Hirschia,NA
ASV_1820,Bacteria,Pseudomonadota,Gammaproteobacteria,Burkholderiales,Methylophilaceae,NA,NA
ASV_1821,Bacteria,Pseudomonadota,Alphaproteobacteria,Hyphomicrobiales,Hyphomicrobiales Incertae Sedis,NA,NA
ASV_1822,Bacteria,Pseudomonadota,Gammaproteobacteria,Enterobacterales,Aeromonadaceae,Tolumonas,NA
ASV_1823,Bacteria,Actinomycetota,Actinobacteria,Micrococcales,Microbacteriaceae,Klugiella,NA
ASV_1824,Bacteria,Pseudomonadota,Gammaproteobacteria,Enterobacterales,Alteromonadaceae,Rheinheimera,NA
ASV_1825,Bacteria,Verrucomicrobiota,Verrucomicrobiia,Opitutales,Opitutaceae,Oleiharenicola,NA
ASV_1826,Bacteria,Pseudomonadota,Alphaproteobacteria,Sphingomonadales,Sphingomonadaceae,Rhizorhapis,NA
ASV_1827,Bacteria,Pseudomonadota,Alphaproteobacteria,Parvibaculales,Parvibaculaceae,Parvibaculum,NA
ASV_1828,Bacteria,Pseudomonadota,Gammaproteobacteria,Burkholderiales,Comamonadaceae,Hydrogenophaga,NA
ASV_1829,Bacteria,Bacteroidota,Bacteroidia,Flavobacteriales,Crocinitomicaceae,Fluviicola,NA
ASV_1830,Bacteria,Pseudomonadota,Gammaproteobacteria,Run-SP154,NA,NA,NA
ASV_1831,Bacteria,Bacteroidota,Bacteroidia,Flavobacteriales,NS9 marine group,NA,NA
ASV_1832,Bacteria,Actinomycetota,Actinobacteria,PeM15,NA,NA,NA
ASV_1833,Bacteria,Pseudomonadota,Gammaproteobacteria,Methylococcales,Methylococcaceae,Methyloparacoccus,murrellii
ASV_1834,Bacteria,Pseudomonadota,Gammaproteobacteria,Burkholderiales,Rhodocyclaceae,Thauera,NA
ASV_1835,Bacteria,Actinomycetota,Actinobacteria,Micrococcales,Microbacteriaceae,Candidatus Aquiluna,NA
ASV_1836,Bacteria,Actinomycetota,Actinobacteria,Micrococcales,Microbacteriaceae,Leifsonia,NA
ASV_1837,Bacteria,Bacillota,Clostridia,Peptostreptococcales-Tissierellales,Anaerovoracaceae,Anaerovorax,NA
ASV_1838,Bacteria,Bacillota,Desulfitobacteriia,Desulfitobacteriales,Incertae Sedis,TC1,NA
ASV_1839,Bacteria,Pseudomonadota,Gammaproteobacteria,Burkholderiales,Oxalobacteraceae,NA,NA
ASV_1840,Bacteria,Bacteroidota,Bacteroidia,Chitinophagales,Saprospiraceae,NA,NA
ASV_1841,Bacteria,Pseudomonadota,Gammaproteobacteria,Lysobacterales,Rhodanobacteraceae,Ahniella,NA
ASV_1842,Bacteria,Synergistota,Synergistia,Synergistales,Synergistaceae,NA,NA
ASV_1843,Bacteria,Bacillota,Bacilli,Bacillales,Bacillaceae,Halolactibacillus,NA
ASV_1844,Bacteria,Pseudomonadota,Gammaproteobacteria,Methylococcales,Methylococcaceae,Methyloparacoccus,NA
ASV_1845,Bacteria,Pseudomonadota,Gammaproteobacteria,Halothiobacillales,Halothiobacillaceae,Thiovirga,NA
ASV_1846,Bacteria,Actinomycetota,Actinobacteria,Frankiales,Sporichthyaceae,hgcI clade,NA
ASV_1847,Bacteria,Pseudomonadota,Gammaproteobacteria,Burkholderiales,Rhodocyclaceae,Thauera,NA
ASV_1848,Bacteria,Pseudomonadota,Gammaproteobacteria,Salinisphaerales,Nevskiaceae,Fontimonas,NA
ASV_1849,Bacteria,Pseudomonadota,Gammaproteobacteria,Burkholderiales,Comamonadaceae,NA,NA
ASV_1850,Bacteria,Bacillota,Bacilli,Erysipelotrichales,Erysipelotrichaceae,Erysipelothrix,NA
ASV_1851,Bacteria,Pseudomonadota,Alphaproteobacteria,Caulobacterales,Caulobacteraceae,Phenylobacterium,NA
ASV_1852,Bacteria,Thermodesulfobacteriota,Desulfuromonadia,Bradymonadales,NA,NA,NA
ASV_1853,Bacteria,Pseudomonadota,Alphaproteobacteria,Azospirillales,Azospirillales Incertae Sedis,Stella,NA
ASV_1854,Bacteria,Pseudomonadota,Gammaproteobacteria,Burkholderiales,Comamonadaceae,Hydrogenophaga,NA
ASV_1855,Bacteria,Pseudomonadota,Gammaproteobacteria,Burkholderiales,Comamonadaceae,NA,NA
ASV_1856,Bacteria,Bacteroidota,Bacteroidia,Flavobacteriales,Crocinitomicaceae,Fluviicola,NA
ASV_1857,Bacteria,Pseudomonadota,Alphaproteobacteria,Sphingomonadales,Sphingomonadaceae,Altericroceibacterium,NA
ASV_1858,Bacteria,Bacteroidota,Bacteroidia,Sphingobacteriales,Lentimicrobiaceae,Lentimicrobium,NA
ASV_1859,Bacteria,Bacteroidota,Bacteroidia,Sphingobacteriales,Sphingobacteriaceae,Daejeonella,NA
ASV_1860,Bacteria,Thermodesulfobacteriota,Desulfovibrionia,Desulfovibrionales,Desulfomicrobiaceae,Desulfomicrobium,salsuginis
ASV_1861,Bacteria,Actinomycetota,Actinobacteria,PeM15,NA,NA,NA
ASV_1862,Bacteria,Dependentiae,Babeliae,Babeliales,Vermiphilaceae,NA,NA
ASV_1863,Bacteria,Pseudomonadota,Alphaproteobacteria,Sphingomonadales,Sphingomonadaceae,Novosphingobium,NA
ASV_1864,Bacteria,Bacteroidota,Bacteroidia,Bacteroidales,Tannerellaceae,Macellibacteroides,fermentans
ASV_1865,Bacteria,Pseudomonadota,Alphaproteobacteria,Sphingomonadales,Sphingomonadaceae,Rhizorhapis,NA
ASV_1866,Bacteria,Pseudomonadota,Gammaproteobacteria,Burkholderiales,Oxalobacteraceae,Lacisediminimonas,NA
ASV_1867,Bacteria,Pseudomonadota,Gammaproteobacteria,Burkholderiales,Comamonadaceae,Aquabacterium,NA
ASV_1868,Bacteria,Actinomycetota,Actinobacteria,Micrococcales,Microbacteriaceae,NA,NA
ASV_1869,Bacteria,Pseudomonadota,Alphaproteobacteria,Rickettsiales,NA,NA,NA
ASV_1870,Bacteria,Pseudomonadota,Gammaproteobacteria,Enterobacterales,Alteromonadaceae,Rheinheimera,NA
ASV_1871,Bacteria,Actinomycetota,Actinobacteria,Micrococcales,Microbacteriaceae,Klugiella,NA
ASV_1872,Bacteria,Bacteroidota,Bacteroidia,Cytophagales,Cyclobacteriaceae,Algoriphagus,NA
ASV_1873,Bacteria,Pseudomonadota,Alphaproteobacteria,Tistrellales,Tistrellaceae,Tistrella,mobilis
ASV_1874,Bacteria,Pseudomonadota,Alphaproteobacteria,Rhodobacterales,Paracoccaceae,Fuscovulum,NA
ASV_1875,Bacteria,Pseudomonadota,Gammaproteobacteria,Chromatiales,Chromatiaceae,Allochromatium,NA
ASV_1876,Bacteria,Bacteroidota,Bacteroidia,Flavobacteriales,Crocinitomicaceae,Fluviicola,NA
ASV_1877,Bacteria,Pseudomonadota,Gammaproteobacteria,Burkholderiales,Comamonadaceae,Acidovorax,NA
ASV_1878,Bacteria,Pseudomonadota,Gammaproteobacteria,Burkholderiales,Comamonadaceae,Hydrogenophaga,NA
ASV_1879,Bacteria,Pseudomonadota,Alphaproteobacteria,Acetobacterales,Acetobacteraceae,NA,NA
ASV_1880,Bacteria,Pseudomonadota,Gammaproteobacteria,Burkholderiales,Comamonadaceae,Acidovorax,NA
ASV_1881,Bacteria,Pseudomonadota,Alphaproteobacteria,Rhodobacterales,Paracoccaceae,Fuscovulum,NA
ASV_1882,Bacteria,Bacillota,Bacilli,Erysipelotrichales,Erysipelatoclostridiaceae,UCG-004,NA
ASV_1883,Bacteria,Bacteroidota,Bacteroidia,Bacteroidales,Rikenellaceae,Bact-08,NA
ASV_1884,Bacteria,Verrucomicrobiota,Omnitrophia,Omnitrophales,Omnitrophaceae,Candidatus Omnitrophus,NA
ASV_1885,Bacteria,Pseudomonadota,Gammaproteobacteria,Pseudomonadales,Moraxellaceae,Perlucidibaca,NA
ASV_1886,Bacteria,Actinomycetota,Acidimicrobiia,Microtrichales,Ilumatobacteraceae,CL500-29 marine group,NA
ASV_1887,Bacteria,Pseudomonadota,Gammaproteobacteria,Burkholderiales,Rhodocyclaceae,NA,NA
ASV_1888,Bacteria,Actinomycetota,Actinobacteria,Micrococcales,Microbacteriaceae,NA,NA
ASV_1889,Bacteria,Bdellovibrionota,Oligoflexia,Silvanigrellales,Silvanigrellaceae,NA,NA
ASV_1890,Bacteria,Bacteroidota,Bacteroidia,Flavobacteriales,Crocinitomicaceae,Fluviicola,NA
ASV_1891,Bacteria,Pseudomonadota,Alphaproteobacteria,Azospirillales,Azospirillaceae,Niveispirillum,NA
ASV_1892,Bacteria,Pseudomonadota,Gammaproteobacteria,Burkholderiales,Rhodocyclaceae,Thauera,NA
ASV_1893,Bacteria,Pseudomonadota,Alphaproteobacteria,Rickettsiales,AB1,NA,NA
ASV_1894,Bacteria,Verrucomicrobiota,Verrucomicrobiia,Verrucomicrobiales,Verrucomicrobiaceae,Brevifollis,NA
ASV_1895,Bacteria,Verrucomicrobiota,Verrucomicrobiia,Opitutales,Opitutaceae,IMCC26134,NA
ASV_1896,Bacteria,Pseudomonadota,Gammaproteobacteria,Burkholderiales,Comamonadaceae,Sphaerotilus,NA
ASV_1897,Bacteria,Pseudomonadota,Gammaproteobacteria,Salinisphaerales,Nevskiaceae,Solimonas,NA
ASV_1898,Bacteria,Pseudomonadota,Gammaproteobacteria,Burkholderiales,Burkholderiaceae,Lautropia,NA
ASV_1899,Bacteria,Pseudomonadota,Gammaproteobacteria,Burkholderiales,Comamonadaceae,NA,NA
ASV_1900,Bacteria,Actinomycetota,Actinobacteria,Micrococcales,Microbacteriaceae,Leucobacter,NA
ASV_1901,Bacteria,Pseudomonadota,Alphaproteobacteria,Sphingomonadales,Sphingomonadaceae,Rhizorhabdus,NA
ASV_1902,Bacteria,Bacillota,Bacilli,Staphylococcales,Gemellaceae,Gemella,morbillorum
ASV_1903,Bacteria,Pseudomonadota,Gammaproteobacteria,Burkholderiales,Methylophilaceae,Methylotenera,NA
ASV_1904,Bacteria,Pseudomonadota,Gammaproteobacteria,Burkholderiales,Comamonadaceae,Sphaerotilus,NA
ASV_1905,Bacteria,Pseudomonadota,Gammaproteobacteria,Methylococcales,Methylococcaceae,Methyloparacoccus,NA
ASV_1906,Bacteria,Planctomycetota,Planctomycetes,Pirellulales,Pirellulaceae,Pirellula,NA
ASV_1907,Bacteria,Pseudomonadota,Gammaproteobacteria,Burkholderiales,Hydrogenophilaceae,NA,NA
ASV_1908,Bacteria,Pseudomonadota,Gammaproteobacteria,Burkholderiales,MWH-UniP1 aquatic group,NA,NA
ASV_1909,Bacteria,Pseudomonadota,Gammaproteobacteria,Salinisphaerales,Nevskiaceae,NA,NA
ASV_1910,Bacteria,Pseudomonadota,Alphaproteobacteria,Hyphomicrobiales,Rhizobiaceae,Brucella,NA
ASV_1911,Bacteria,Pseudomonadota,Gammaproteobacteria,Burkholderiales,Comamonadaceae,Candidatus Symbiobacter,NA
ASV_1912,Bacteria,Pseudomonadota,Gammaproteobacteria,Enterobacterales,Alteromonadaceae,Rheinheimera,NA
ASV_1913,Bacteria,Dependentiae,Babeliae,Babeliales,Vermiphilaceae,NA,NA
ASV_1914,Bacteria,Planctomycetota,Planctomycetes,Gemmatales,Gemmataceae,Tuwongella,NA
ASV_1915,Bacteria,Bacillota,Bacilli,Acholeplasmatales,Acholeplasmataceae,Acholeplasma,NA
ASV_1916,Bacteria,Pseudomonadota,Alphaproteobacteria,Rhodobacterales,Paracoccaceae,NA,NA
ASV_1917,Bacteria,Acidobacteriota,Acidobacteriae,Bryobacterales,Bryobacteraceae,Paludibaculum,NA
ASV_1918,Bacteria,Pseudomonadota,Alphaproteobacteria,Rhodobacterales,Paracoccaceae,NA,NA
ASV_1919,Bacteria,Pseudomonadota,Gammaproteobacteria,Lysobacterales,Lysobacteraceae,Pseudoxanthomonas,mexicana
ASV_1920,Bacteria,Bacillota,Clostridia,Peptostreptococcales-Tissierellales,Anaerovoracaceae,NA,NA
ASV_1921,Bacteria,Pseudomonadota,Gammaproteobacteria,Burkholderiales,Comamonadaceae,Rubrivivax,NA
ASV_1922,Bacteria,Bacteroidota,Bacteroidia,Flavobacteriales,Crocinitomicaceae,Fluviicola,NA
ASV_1923,Bacteria,Pseudomonadota,Alphaproteobacteria,Hyphomicrobiales,Hyphomicrobiaceae,Pedomicrobium,NA
ASV_1924,Bacteria,Bacteroidota,Bacteroidia,Bacteroidales,Marinilabiliaceae,NA,NA
ASV_1925,Bacteria,Pseudomonadota,Gammaproteobacteria,Burkholderiales,Comamonadaceae,Aquabacterium,parvum
ASV_1926,Bacteria,Actinomycetota,Actinobacteria,PeM15,NA,NA,NA
ASV_1927,Bacteria,Pseudomonadota,Alphaproteobacteria,Tistrellales,Tistrellaceae,Tistrella,mobilis
ASV_1928,Bacteria,Pseudomonadota,Gammaproteobacteria,Burkholderiales,Comamonadaceae,Hydrogenophaga,NA
ASV_1929,Bacteria,Pseudomonadota,Gammaproteobacteria,Burkholderiales,Alcaligenaceae,Saccharedens,NA
ASV_1930,Bacteria,Pseudomonadota,Gammaproteobacteria,Chromatiales,Chromatiaceae,Allochromatium,NA
ASV_1931,Bacteria,Pseudomonadota,Alphaproteobacteria,Rhodobacterales,Paracoccaceae,Fuscovulum,NA
ASV_1932,Bacteria,Pseudomonadota,Gammaproteobacteria,Enterobacterales,Alteromonadaceae,Rheinheimera,NA
ASV_1933,Bacteria,Pseudomonadota,Gammaproteobacteria,Burkholderiales,Comamonadaceae,Ramlibacter,NA
ASV_1934,Bacteria,Actinomycetota,Acidimicrobiia,Microtrichales,Ilumatobacteraceae,CL500-29 marine group,NA
ASV_1935,Bacteria,Pseudomonadota,Alphaproteobacteria,Rickettsiales,NA,NA,NA
ASV_1936,Bacteria,Actinomycetota,Actinobacteria,Micrococcales,Microbacteriaceae,Leucobacter,NA
ASV_1937,Bacteria,Bacteroidota,Bacteroidia,Sphingobacteriales,Sphingobacteriaceae,Solitalea,NA
ASV_1938,Bacteria,Pseudomonadota,Alphaproteobacteria,Rickettsiales,AB1,NA,NA
ASV_1939,Bacteria,Verrucomicrobiota,Verrucomicrobiia,Verrucomicrobiales,Verrucomicrobiaceae,Prosthecobacter,NA
ASV_1940,Bacteria,Bacteroidota,Bacteroidia,Bacteroidales,Prolixibacteraceae,NA,NA
ASV_1941,Bacteria,Bacillota,Bacilli,Erysipelotrichales,Erysipelotrichaceae,Erysipelothrix,NA
ASV_1942,Bacteria,Pseudomonadota,Gammaproteobacteria,Burkholderiales,Comamonadaceae,NA,NA
ASV_1943,Bacteria,Pseudomonadota,Gammaproteobacteria,Burkholderiales,Methylophilaceae,MM2,NA
ASV_1944,Bacteria,Pseudomonadota,Gammaproteobacteria,Salinisphaerales,Nevskiaceae,Solimonas,NA
ASV_1945,Bacteria,Pseudomonadota,Alphaproteobacteria,Zavarziniales,Zavarziniaceae,Zavarzinia,NA
ASV_1946,Bacteria,Planctomycetota,Planctomycetes,Pirellulales,Pirellulaceae,Pirellula,NA
ASV_1947,Bacteria,Pseudomonadota,Gammaproteobacteria,Burkholderiales,Rhodocyclaceae,Zoogloea,NA
ASV_1948,Bacteria,Pseudomonadota,Gammaproteobacteria,Burkholderiales,Rhodocyclaceae,Thauera,NA
ASV_1949,Bacteria,Candidatus Kapabacteria,Kapabacteria,Kapabacteriales,NA,NA,NA
ASV_1950,Bacteria,Pseudomonadota,Gammaproteobacteria,Pseudomonadales,Moraxellaceae,Perlucidibaca,NA
ASV_1951,Bacteria,Pseudomonadota,Alphaproteobacteria,Rickettsiales,Mitochondria,NA,NA
ASV_1952,Bacteria,Bacteroidota,Bacteroidia,Sphingobacteriales,NS11-12 marine group,NA,NA
ASV_1953,Bacteria,Actinomycetota,Actinobacteria,Micrococcales,Microbacteriaceae,Aurantimicrobium,NA
ASV_1954,Bacteria,Pseudomonadota,Alphaproteobacteria,Paracaedibacterales,Paracaedibacteraceae,NA,NA
ASV_1955,Bacteria,Pseudomonadota,Gammaproteobacteria,Burkholderiales,Rhodocyclaceae,Thauera,NA
ASV_1956,Bacteria,Pseudomonadota,Gammaproteobacteria,Salinisphaerales,Nevskiaceae,Panacagrimonas,NA
ASV_1957,Bacteria,Pseudomonadota,Gammaproteobacteria,Burkholderiales,Rhodocyclaceae,C39,NA
ASV_1958,Bacteria,Pseudomonadota,Gammaproteobacteria,Burkholderiales,Rhodocyclaceae,Methyloversatilis,discipulorum
ASV_1959,Bacteria,Pseudomonadota,Gammaproteobacteria,Pseudomonadales,Pseudomonadaceae,Pseudomonas,NA
ASV_1960,Bacteria,Planctomycetota,Planctomycetes,Planctomycetales,Rubinisphaeraceae,NA,NA
ASV_1961,Bacteria,Pseudomonadota,Gammaproteobacteria,Lysobacterales,Lysobacteraceae,Arenimonas,NA
ASV_1962,Bacteria,Bacteroidota,Bacteroidia,Bacteroidales,Prevotellaceae,Prevotella,melaninogenica
ASV_1963,Bacteria,Pseudomonadota,Gammaproteobacteria,Burkholderiales,Comamonadaceae,Hydrogenophaga,NA
ASV_1964,Bacteria,Pseudomonadota,Gammaproteobacteria,Pseudomonadales,Moraxellaceae,Perlucidibaca,NA
ASV_1965,Bacteria,Pseudomonadota,Gammaproteobacteria,Pseudomonadales,Pseudomonadaceae,Pseudomonas,NA
ASV_1966,Bacteria,Pseudomonadota,Gammaproteobacteria,Run-SP154,NA,NA,NA
ASV_1967,Bacteria,Pseudomonadota,Gammaproteobacteria,Burkholderiales,Burkholderiaceae,Lautropia,NA
ASV_1968,Bacteria,Pseudomonadota,Gammaproteobacteria,Burkholderiales,Comamonadaceae,Hydrogenophaga,NA
ASV_1969,Bacteria,Pseudomonadota,Gammaproteobacteria,Burkholderiales,Rhodocyclaceae,Thauera,NA
ASV_1970,Bacteria,Pseudomonadota,Gammaproteobacteria,Burkholderiales,Rhodocyclaceae,Thauera,NA
ASV_1971,Bacteria,Bacteroidota,Bacteroidia,Bacteroidales,Marinilabiliaceae,NA,NA
ASV_1972,Bacteria,Pseudomonadota,Gammaproteobacteria,Pseudomonadales,Pseudomonadaceae,Pseudomonas,NA
ASV_1973,Bacteria,Actinomycetota,Actinobacteria,PeM15,NA,NA,NA
ASV_1974,Bacteria,Pseudomonadota,Gammaproteobacteria,Lysobacterales,Lysobacteraceae,Stenotrophomonas,maltophilia
ASV_1975,Bacteria,Pseudomonadota,Gammaproteobacteria,Enterobacterales,Enterobacteriaceae,Enterobacter,NA
ASV_1976,Bacteria,Pseudomonadota,Gammaproteobacteria,Pseudomonadales,Pseudomonadaceae,Pseudomonas,NA
ASV_1977,Bacteria,Pseudomonadota,Alphaproteobacteria,Caulobacterales,Caulobacteraceae,Phenylobacterium,NA
ASV_1978,Bacteria,Chloroflexota,Anaerolineae,Anaerolineales,Anaerolineaceae,NA,NA
ASV_1979,Bacteria,Thermodesulfobacteriota,Desulfobacteria,Desulfobacterales,Desulfosarcinaceae,NA,NA
ASV_1980,Bacteria,Pseudomonadota,Alphaproteobacteria,Rhodobacterales,Paracoccaceae,NA,NA
ASV_1981,Bacteria,Pseudomonadota,Gammaproteobacteria,Pseudomonadales,Halomonadaceae,HdN1,NA
ASV_1982,Bacteria,Pseudomonadota,Alphaproteobacteria,Hyphomicrobiales,Beijerinckiaceae,NA,NA
ASV_1983,Bacteria,Pseudomonadota,Gammaproteobacteria,Lysobacterales,Lysobacteraceae,Stenotrophomonas,maltophilia
ASV_1984,Bacteria,Actinomycetota,Actinobacteria,PeM15,NA,NA,NA
ASV_1985,Bacteria,Pseudomonadota,Gammaproteobacteria,Burkholderiales,Burkholderiaceae,Pandoraea,sputorum
ASV_1986,Bacteria,Pseudomonadota,Gammaproteobacteria,Legionellales,Legionellaceae,Legionella,NA
ASV_1987,Bacteria,Actinomycetota,Actinobacteria,PeM15,NA,NA,NA
ASV_1988,Bacteria,Pseudomonadota,Gammaproteobacteria,Burkholderiales,MWH-UniP1 aquatic group,NA,NA
ASV_1989,Bacteria,Bdellovibrionota,Bacteriovoracia,Bacteriovoracales,Bacteriovoracaceae,Peredibacter,NA
ASV_1990,Bacteria,Pseudomonadota,Gammaproteobacteria,Burkholderiales,Comamonadaceae,NA,NA
ASV_1991,Bacteria,Pseudomonadota,Gammaproteobacteria,Burkholderiales,Comamonadaceae,Hydrogenophaga,soli
ASV_1992,Bacteria,Bacteroidota,Bacteroidia,Sphingobacteriales,Lentimicrobiaceae,Lentimicrobium,NA
ASV_1993,Bacteria,Pseudomonadota,Alphaproteobacteria,Hyphomicrobiales,Hyphomicrobiales Incertae Sedis,NA,NA
ASV_1994,Bacteria,Pseudomonadota,Gammaproteobacteria,Enterobacterales,Enterobacteriaceae,Enterobacter,NA
ASV_1995,Bacteria,Pseudomonadota,Gammaproteobacteria,Burkholderiales,Chromobacteriaceae,Vogesella,amnigena
ASV_1996,Bacteria,Pseudomonadota,Gammaproteobacteria,Burkholderiales,Comamonadaceae,NA,NA
ASV_1997,Bacteria,Campylobacterota,Campylobacteria,Campylobacterales,Arcobacteraceae,Arcobacter,cryaerophilus
ASV_1998,Bacteria,Pseudomonadota,Gammaproteobacteria,Burkholderiales,Rhodocyclaceae,Thauera,aminoaromatica
ASV_1999,Bacteria,Planctomycetota,OM190,NA,NA,NA,NA
ASV_2000,Bacteria,Actinomycetota,Actinobacteria,PeM15,NA,NA,NA
ASV_2001,Bacteria,Actinomycetota,Actinobacteria,Micrococcales,Microbacteriaceae,Aurantimicrobium,NA
ASV_2002,Bacteria,Chloroflexota,Anaerolineae,Anaerolineales,Anaerolineaceae,NA,NA
ASV_2003,Bacteria,Actinomycetota,Acidimicrobiia,Microtrichales,Ilumatobacteraceae,CL500-29 marine group,NA
ASV_2004,Bacteria,Pseudomonadota,Alphaproteobacteria,Rickettsiales,Rickettsiaceae,NA,NA
ASV_2005,Bacteria,Pseudomonadota,Alphaproteobacteria,Rhodobacterales,Paracoccaceae,Rhodobacter,NA
ASV_2006,Bacteria,Pseudomonadota,Alphaproteobacteria,Sphingomonadales,Sphingomonadaceae,Rhizorhapis,NA
ASV_2007,Bacteria,Pseudomonadota,Gammaproteobacteria,Burkholderiales,Nitrosomonadaceae,Nitrosomonas,NA
ASV_2008,Bacteria,Verrucomicrobiota,Verrucomicrobiia,Pedosphaerales,Pedosphaeraceae,SH3-11,NA
ASV_2009,Bacteria,Bacteroidota,Bacteroidia,Chitinophagales,37-13,NA,NA
ASV_2010,Bacteria,Pseudomonadota,Alphaproteobacteria,Sphingomonadales,Sphingomonadaceae,Novosphingobium,NA
ASV_2011,Bacteria,Cyanobacteriota,Cyanobacteriia,Cyanobacteriales,Phormidiaceae,Planktothrix NIVA-CYA 15,NA
ASV_2012,Bacteria,Pseudomonadota,Gammaproteobacteria,Pseudomonadales,Marinobacteraceae,Marinobacter,NA
ASV_2013,Bacteria,Pseudomonadota,Alphaproteobacteria,NA,NA,NA,NA
ASV_2014,Bacteria,Bacteroidota,Bacteroidia,Cytophagales,Cyclobacteriaceae,Algoriphagus,NA
ASV_2015,Bacteria,Bdellovibrionota,Bdellovibrionia,Bdellovibrionales,Pseudobdellovibrionaceae,Bdellovibrio,NA
ASV_2016,Bacteria,Bacteroidota,Bacteroidia,Cytophagales,Spirosomataceae,Dyadobacter,NA
ASV_2017,Bacteria,Pseudomonadota,Gammaproteobacteria,Pseudomonadales,Spongiibacteraceae,BD1-7 clade,NA
ASV_2018,Bacteria,Pseudomonadota,Gammaproteobacteria,Lysobacterales,Lysobacteraceae,Thermomonas,NA
ASV_2019,Bacteria,Pseudomonadota,Gammaproteobacteria,Enterobacterales,Alteromonadaceae,Rheinheimera,NA
ASV_2020,Bacteria,Pseudomonadota,Gammaproteobacteria,Burkholderiales,Burkholderiaceae,Polynucleobacter,NA
ASV_2021,Bacteria,Pseudomonadota,Alphaproteobacteria,Sphingomonadales,Sphingomonadaceae,Rhizorhabdus,NA
ASV_2022,Bacteria,Bacteroidota,Bacteroidia,Chitinophagales,NA,NA,NA
ASV_2023,Bacteria,Planctomycetota,Planctomycetes,Pirellulales,Pirellulaceae,Pirellula,NA
ASV_2024,Bacteria,Actinomycetota,Acidimicrobiia,Microtrichales,Ilumatobacteraceae,CL500-29 marine group,NA
ASV_2025,Bacteria,Pseudomonadota,Alphaproteobacteria,Sphingomonadales,Sphingomonadaceae,Novosphingobium,NA
ASV_2026,Bacteria,Pseudomonadota,Gammaproteobacteria,Burkholderiales,MWH-UniP1 aquatic group,NA,NA
ASV_2027,Bacteria,Hydrogenedentes,Hydrogenedentia,Hydrogenedentiales,Hydrogenedensaceae,NA,NA
ASV_2028,Bacteria,Pseudomonadota,Gammaproteobacteria,R7C24,NA,NA,NA
ASV_2029,Bacteria,Pseudomonadota,Gammaproteobacteria,Pseudomonadales,Pseudohongiellaceae,Pseudohongiella,NA
ASV_2030,Bacteria,Pseudomonadota,Gammaproteobacteria,Burkholderiales,Rhodocyclaceae,Azonexus,NA
ASV_2031,Bacteria,Pseudomonadota,Gammaproteobacteria,Burkholderiales,Alcaligenaceae,Saccharedens,NA
ASV_2032,Bacteria,Pseudomonadota,Alphaproteobacteria,Caulobacterales,Caulobacteraceae,Caulobacter,NA
ASV_2033,Bacteria,Bacillota,Bacilli,Acholeplasmatales,Acholeplasmataceae,Acholeplasma,NA
ASV_2034,Bacteria,Pseudomonadota,Gammaproteobacteria,Burkholderiales,Comamonadaceae,Hydrogenophaga,NA
ASV_2035,Bacteria,Pseudomonadota,Gammaproteobacteria,Pseudomonadales,NA,NA,NA
ASV_2036,Bacteria,Pseudomonadota,Gammaproteobacteria,Chromatiales,Chromatiaceae,Allochromatium,NA
ASV_2037,Bacteria,Pseudomonadota,Alphaproteobacteria,Sphingomonadales,Sphingomonadaceae,Alteraurantiacibacter,NA
ASV_2038,Bacteria,Actinomycetota,Actinobacteria,Micrococcales,Microbacteriaceae,Microbacterium,NA
ASV_2039,Bacteria,Pseudomonadota,Alphaproteobacteria,Rickettsiales,Rickettsiaceae,NA,NA
ASV_2040,Bacteria,Pseudomonadota,Gammaproteobacteria,Burkholderiales,MWH-UniP1 aquatic group,NA,NA
ASV_2041,Bacteria,Cyanobacteriota,Cyanobacteriia,Cyanobacteriales,Phormidiaceae,Planktothrix NIVA-CYA 15,NA
ASV_2042,Bacteria,Bacillota,Negativicutes,Veillonellales-Selenomonadales,Veillonellaceae,Veillonella,tobetsuensis
ASV_2043,Bacteria,Pseudomonadota,Gammaproteobacteria,Pseudomonadales,Halomonadaceae,HdN1,NA
ASV_2044,Bacteria,Pseudomonadota,Gammaproteobacteria,Burkholderiales,Methylophilaceae,Methylotenera,NA
ASV_2045,Bacteria,Pseudomonadota,Gammaproteobacteria,Burkholderiales,Comamonadaceae,Rubrivivax,NA
ASV_2046,Bacteria,Pseudomonadota,Gammaproteobacteria,Burkholderiales,Methylophilaceae,Methylotenera,NA
ASV_2047,Bacteria,Pseudomonadota,Gammaproteobacteria,Burkholderiales,Comamonadaceae,Acidovorax,NA
ASV_2048,Bacteria,Bacteroidota,Bacteroidia,Bacteroidales,Prolixibacteraceae,NA,NA
ASV_2049,Bacteria,Actinomycetota,Actinobacteria,PeM15,NA,NA,NA
ASV_2050,Bacteria,Bacteroidota,Bacteroidia,Flavobacteriales,Flavobacteriaceae,Flavobacterium,NA
ASV_2051,Bacteria,Actinomycetota,Actinobacteria,PeM15,NA,NA,NA
ASV_2052,Bacteria,Bdellovibrionota,Bacteriovoracia,Bacteriovoracales,Bacteriovoracaceae,Peredibacter,NA
ASV_2053,Bacteria,Pseudomonadota,Gammaproteobacteria,Burkholderiales,Comamonadaceae,NA,NA
ASV_2054,Bacteria,Pseudomonadota,Gammaproteobacteria,Pseudomonadales,Pseudomonadaceae,Pseudomonas,NA
ASV_2055,Bacteria,Pseudomonadota,Alphaproteobacteria,Hyphomicrobiales,Rhizobiaceae,Brucella,NA
ASV_2056,Bacteria,Pseudomonadota,Alphaproteobacteria,Rhodobacterales,Paracoccaceae,Fuscovulum,NA
ASV_2057,Bacteria,Verrucomicrobiota,Verrucomicrobiia,Opitutales,Opitutaceae,Oleiharenicola,NA
ASV_2058,Bacteria,Pseudomonadota,Gammaproteobacteria,Burkholderiales,Alcaligenaceae,Saccharedens,NA
ASV_2059,Bacteria,Pseudomonadota,Gammaproteobacteria,Burkholderiales,Rhodocyclaceae,Thauera,NA
ASV_2060,Bacteria,Pseudomonadota,Gammaproteobacteria,Burkholderiales,Comamonadaceae,Limnohabitans,NA
ASV_2061,Bacteria,Bdellovibrionota,Bacteriovoracia,Bacteriovoracales,Bacteriovoracaceae,Peredibacter,NA
ASV_2062,Bacteria,Chloroflexota,Anaerolineae,Anaerolineales,Anaerolineaceae,NA,NA
ASV_2063,Bacteria,Bacillota,Bacilli,Erysipelotrichales,Erysipelotrichaceae,Erysipelothrix,NA
ASV_2064,Bacteria,Bacteroidota,Bacteroidia,Chitinophagales,Chitinophagaceae,Terrimonas,NA
ASV_2065,Bacteria,Actinomycetota,Acidimicrobiia,Microtrichales,Ilumatobacteraceae,CL500-29 marine group,NA
ASV_2066,Bacteria,Bacteroidota,Bacteroidia,Sphingobacteriales,Lentimicrobiaceae,Lentimicrobium,NA
ASV_2067,Bacteria,Pseudomonadota,Gammaproteobacteria,Burkholderiales,Burkholderiaceae,Limnobacter,NA
ASV_2068,Bacteria,Pseudomonadota,Alphaproteobacteria,Rickettsiales,Mitochondria,NA,NA
ASV_2069,Bacteria,Pseudomonadota,Gammaproteobacteria,Burkholderiales,Comamonadaceae,Ottowia,NA
ASV_2070,Bacteria,Pseudomonadota,Gammaproteobacteria,Burkholderiales,Comamonadaceae,Hydrogenophaga,bisanensis
ASV_2071,Bacteria,Pseudomonadota,Gammaproteobacteria,Burkholderiales,Alcaligenaceae,NA,NA
ASV_2072,Bacteria,Pseudomonadota,Alphaproteobacteria,Sphingomonadales,Sphingomonadaceae,Altericroceibacterium,NA
ASV_2073,Bacteria,Pseudomonadota,Gammaproteobacteria,Burkholderiales,Comamonadaceae,Hydrogenophaga,NA
ASV_2074,Bacteria,Pseudomonadota,Gammaproteobacteria,Chromatiales,Chromatiaceae,Allochromatium,NA
ASV_2075,Bacteria,Pseudomonadota,Alphaproteobacteria,Caulobacterales,Caulobacteraceae,Caulobacter,NA
ASV_2076,Bacteria,Pseudomonadota,Gammaproteobacteria,Burkholderiales,Comamonadaceae,Ramlibacter,NA
ASV_2077,Bacteria,Verrucomicrobiota,Verrucomicrobiia,Verrucomicrobiales,Verrucomicrobiaceae,Brevifollis,NA
ASV_2078,Bacteria,Pseudomonadota,Gammaproteobacteria,Enterobacterales,Alteromonadaceae,Rheinheimera,NA
ASV_2079,Bacteria,Pseudomonadota,Gammaproteobacteria,Methylococcales,Methylococcaceae,Methyloparacoccus,NA
ASV_2080,Bacteria,Pseudomonadota,Gammaproteobacteria,Lysobacterales,Rhodanobacteraceae,Ahniella,NA
ASV_2081,Bacteria,Chlorobiota,Chlorobia,Chlorobiales,Chlorobiaceae,Chlorobaculum,NA
ASV_2082,Bacteria,Pseudomonadota,Gammaproteobacteria,Burkholderiales,Comamonadaceae,Inhella,NA
ASV_2083,Bacteria,Bacteroidota,Bacteroidia,Chitinophagales,NA,NA,NA
ASV_2084,Bacteria,Pseudomonadota,Alphaproteobacteria,Micavibrionales,Micavibrionaceae,NA,NA
ASV_2085,Bacteria,Bacteroidota,Bacteroidia,Flavobacteriales,Crocinitomicaceae,Fluviicola,NA
ASV_2086,Bacteria,Actinomycetota,Actinobacteria,Micrococcales,Microbacteriaceae,ML602J-51,NA
ASV_2087,Bacteria,Pseudomonadota,Gammaproteobacteria,Pseudomonadales,Pseudomonadaceae,Pseudomonas,NA
ASV_2088,Bacteria,Pseudomonadota,Gammaproteobacteria,Enterobacterales,Gallaecimonadaceae,Gallaecimonas,xiamenensis
ASV_2089,Bacteria,Pseudomonadota,Gammaproteobacteria,Enterobacterales,Aeromonadaceae,Tolumonas,NA
ASV_2090,Bacteria,Pseudomonadota,Gammaproteobacteria,Lysobacterales,Lysobacteraceae,Arenimonas,NA
ASV_2091,Bacteria,Pseudomonadota,Alphaproteobacteria,Sphingomonadales,Sphingomonadaceae,NA,NA
ASV_2092,Bacteria,Pseudomonadota,Alphaproteobacteria,Caulobacterales,Caulobacteraceae,Phenylobacterium,NA
ASV_2093,Bacteria,Verrucomicrobiota,Verrucomicrobiia,Verrucomicrobiales,Verrucomicrobiaceae,Brevifollis,NA
ASV_2094,Bacteria,Pseudomonadota,Alphaproteobacteria,Caulobacterales,Caulobacteraceae,Phenylobacterium,NA
ASV_2095,Bacteria,Pseudomonadota,Gammaproteobacteria,Burkholderiales,Comamonadaceae,NA,NA
ASV_2096,Bacteria,Pseudomonadota,Gammaproteobacteria,Burkholderiales,Comamonadaceae,Hydrogenophaga,NA
ASV_2097,Bacteria,Pseudomonadota,Alphaproteobacteria,Rhodobacterales,Paracoccaceae,Rhodobacter,NA
ASV_2098,Bacteria,Pseudomonadota,Alphaproteobacteria,Sphingomonadales,Sphingomonadaceae,Novosphingobium,NA
ASV_2099,Bacteria,Thermodesulfobacteriota,Desulfuromonadia,Geobacterales,Geobacteraceae,Trichlorobacter,NA
ASV_2100,Bacteria,Bacteroidota,Bacteroidia,Chitinophagales,Saprospiraceae,NA,NA
ASV_2101,Bacteria,Bacillota,Bacilli,Acholeplasmatales,Acholeplasmataceae,Acholeplasma,NA
ASV_2102,Bacteria,Actinomycetota,Actinobacteria,Micrococcales,Demequinaceae,Demequina,NA
ASV_2103,Bacteria,Pseudomonadota,Alphaproteobacteria,Rhodobacterales,Paracoccaceae,NA,NA
ASV_2104,Bacteria,Actinomycetota,Actinobacteria,Micrococcales,Microbacteriaceae,Leucobacter,NA
ASV_2105,Bacteria,Pseudomonadota,Gammaproteobacteria,Burkholderiales,Methylophilaceae,UBA6140,NA
ASV_2106,Bacteria,Pseudomonadota,Gammaproteobacteria,Salinisphaerales,Nevskiaceae,Solimonas,NA
ASV_2107,Bacteria,Pseudomonadota,Gammaproteobacteria,Burkholderiales,Comamonadaceae,Hydrogenophaga,NA
ASV_2108,Bacteria,Actinomycetota,Actinobacteria,PeM15,NA,NA,NA
ASV_2109,Bacteria,Pseudomonadota,Gammaproteobacteria,Burkholderiales,Rhodocyclaceae,Dechloromonas,NA
ASV_2110,Bacteria,Pseudomonadota,Gammaproteobacteria,Burkholderiales,Oxalobacteraceae,Lacisediminimonas,NA
ASV_2111,Bacteria,Pseudomonadota,Gammaproteobacteria,Lysobacterales,Lysobacteraceae,Arenimonas,NA
ASV_2112,Bacteria,Pseudomonadota,Gammaproteobacteria,Burkholderiales,Rhodocyclaceae,Rhodocyclus,NA
ASV_2113,Bacteria,Cyanobacteriota,Cyanobacteriia,Cyanobacteriales,Oscillatoriaceae,Planktothricoides SR001,raciborskii
ASV_2114,Bacteria,Pseudomonadota,Gammaproteobacteria,Lysobacterales,Lysobacteraceae,Arenimonas,NA
ASV_2115,Bacteria,Pseudomonadota,Gammaproteobacteria,Lysobacterales,Lysobacteraceae,Stenotrophomonas,maltophilia
ASV_2116,Bacteria,Pseudomonadota,Alphaproteobacteria,Rhodobacterales,Paracoccaceae,Fuscovulum,NA
ASV_2117,Bacteria,Actinomycetota,Acidimicrobiia,Microtrichales,Ilumatobacteraceae,CL500-29 marine group,NA
ASV_2118,Bacteria,Bacteroidota,Bacteroidia,Chitinophagales,37-13,NA,NA
ASV_2119,Bacteria,Pseudomonadota,Gammaproteobacteria,Salinisphaerales,Nevskiaceae,Solimonas,NA
ASV_2120,Bacteria,Pseudomonadota,Gammaproteobacteria,Burkholderiales,Comamonadaceae,NA,NA
ASV_2121,Bacteria,Pseudomonadota,Gammaproteobacteria,Burkholderiales,Burkholderiaceae,Limnobacter,NA
ASV_2122,Bacteria,Bacteroidota,Bacteroidia,Flavobacteriales,NS9 marine group,NA,NA
ASV_2123,Bacteria,Bacteroidota,Bacteroidia,Sphingobacteriales,Sphingobacteriaceae,Daejeonella,NA
ASV_2124,Bacteria,Pseudomonadota,Alphaproteobacteria,Paracaedibacterales,Paracaedibacteraceae,NA,NA
ASV_2125,Bacteria,Pseudomonadota,Gammaproteobacteria,Burkholderiales,Comamonadaceae,Hydrogenophaga,NA
ASV_2126,Bacteria,Pseudomonadota,Gammaproteobacteria,Burkholderiales,Burkholderiaceae,Lautropia,NA
ASV_2127,Bacteria,Pseudomonadota,Gammaproteobacteria,Burkholderiales,Comamonadaceae,Pseudacidovorax,NA
ASV_2128,Bacteria,Pseudomonadota,Gammaproteobacteria,Burkholderiales,Alcaligenaceae,Castellaniella,NA
ASV_2129,Bacteria,Pseudomonadota,Alphaproteobacteria,Parvibaculales,Parvibaculaceae,Parvibaculum,NA
ASV_2130,Bacteria,Pseudomonadota,Gammaproteobacteria,Run-SP154,NA,NA,NA
ASV_2131,Bacteria,Bdellovibrionota,Oligoflexia,0319-6G20,NA,NA,NA
ASV_2132,Bacteria,Pseudomonadota,Alphaproteobacteria,Rhodospirillales,Rhodospirillaceae,Novispirillum,itersonii
ASV_2133,Bacteria,Pseudomonadota,Gammaproteobacteria,Methylococcales,Methylomonadaceae,Methylomonas,NA
ASV_2134,Bacteria,Bdellovibrionota,Bacteriovoracia,Bacteriovoracales,Bacteriovoracaceae,Bacteriovorax,NA
ASV_2135,Bacteria,Chlamydiota,Chlamydiia,Chlamydiales,Parachlamydiaceae,Neochlamydia,NA
ASV_2136,Bacteria,Actinomycetota,Actinobacteria,Frankiales,Sporichthyaceae,hgcI clade,NA
ASV_2137,Bacteria,Pseudomonadota,Alphaproteobacteria,Acetobacterales,Acetobacteraceae,NA,NA
ASV_2138,Bacteria,Pseudomonadota,Gammaproteobacteria,Burkholderiales,Methylophilaceae,Methylophilus,NA
ASV_2139,Bacteria,Actinomycetota,Actinobacteria,PeM15,NA,NA,NA
ASV_2140,Bacteria,Acidobacteriota,Blastocatellia,Blastocatellales,Blastocatellaceae,NA,NA
ASV_2141,Bacteria,Pseudomonadota,Gammaproteobacteria,Burkholderiales,Comamonadaceae,Aquabacterium,NA
ASV_2142,Bacteria,Pseudomonadota,Gammaproteobacteria,Burkholderiales,Methylophilaceae,MM2,NA
ASV_2143,Bacteria,Bacillota,Bacilli,Erysipelotrichales,Erysipelatoclostridiaceae,UCG-004,NA
ASV_2144,Bacteria,Bacteroidota,Bacteroidia,Sphingobacteriales,Lentimicrobiaceae,Lentimicrobium,NA
ASV_2145,Bacteria,Patescibacteria,Gracilibacteria,JGI 0000069-P22,NA,NA,NA
ASV_2146,Bacteria,Bacteroidota,Bacteroidia,Bacteroidales,Rikenellaceae,DMER64,NA
ASV_2147,Bacteria,Pseudomonadota,Gammaproteobacteria,Burkholderiales,Comamonadaceae,Aquabacterium,citratiphilum
ASV_2148,Bacteria,Pseudomonadota,Gammaproteobacteria,Salinisphaerales,Nevskiaceae,Fontimonas,NA
ASV_2149,Bacteria,Bdellovibrionota,Bacteriovoracia,Bacteriovoracales,Bacteriovoracaceae,Peredibacter,NA
ASV_2150,Bacteria,Bdellovibrionota,Bacteriovoracia,Bacteriovoracales,Bacteriovoracaceae,Peredibacter,NA
ASV_2151,Bacteria,Pseudomonadota,Gammaproteobacteria,Enterobacterales,Aeromonadaceae,Pseudaeromonas,NA
ASV_2152,Bacteria,Pseudomonadota,Gammaproteobacteria,Burkholderiales,Comamonadaceae,Acidovorax,NA
ASV_2153,Bacteria,Thermodesulfobacteriota,Desulfuromonadia,Bradymonadales,Incertae Sedis,SKP-2,NA
ASV_2154,Bacteria,Bacillota,Clostridia,Peptostreptococcales-Tissierellales,Anaerovoracaceae,Anaerovorax,NA
ASV_2155,Bacteria,Pseudomonadota,Alphaproteobacteria,Caulobacterales,Caulobacteraceae,Caulobacter,daechungensis
ASV_2156,Bacteria,Pseudomonadota,Gammaproteobacteria,Lysobacterales,Rhodanobacteraceae,Aquimonas,NA
ASV_2157,Bacteria,Actinomycetota,Actinobacteria,Micrococcales,Microbacteriaceae,Candidatus Aquiluna,NA
ASV_2158,Bacteria,Pseudomonadota,Gammaproteobacteria,Methylococcales,Methylomonadaceae,Methylomonas,NA
ASV_2159,Bacteria,Pseudomonadota,Gammaproteobacteria,Burkholderiales,Burkholderiaceae,Polynucleobacter,NA
ASV_2160,Bacteria,Pseudomonadota,Gammaproteobacteria,Burkholderiales,Comamonadaceae,Aquabacterium,NA
ASV_2161,Bacteria,Actinomycetota,Actinobacteria,PeM15,NA,NA,NA
ASV_2162,Bacteria,Bacteroidota,Bacteroidia,Flavobacteriales,Flavobacteriaceae,Flavobacterium,NA
ASV_2163,Bacteria,Pseudomonadota,Alphaproteobacteria,Rhodobacterales,Paracoccaceae,NA,NA
ASV_2164,Bacteria,Pseudomonadota,Alphaproteobacteria,Hyphomicrobiales,Beijerinckiaceae,NA,NA
ASV_2165,Bacteria,Thermodesulfobacteriota,Desulfovibrionia,Desulfovibrionales,Desulfomicrobiaceae,Desulfomicrobium,aestuarii
ASV_2166,Bacteria,Pseudomonadota,Gammaproteobacteria,Burkholderiales,Comamonadaceae,Hydrogenophaga,NA
ASV_2167,Bacteria,Pseudomonadota,Gammaproteobacteria,Burkholderiales,Oxalobacteraceae,Lacisediminimonas,NA
ASV_2168,Bacteria,Pseudomonadota,Gammaproteobacteria,Enterobacterales,Alteromonadaceae,Rheinheimera,NA
ASV_2169,Bacteria,Pseudomonadota,Gammaproteobacteria,Burkholderiales,Oxalobacteraceae,Lacisediminimonas,NA
ASV_2170,Bacteria,Pseudomonadota,Gammaproteobacteria,Burkholderiales,Comamonadaceae,Hydrogenophaga,NA
ASV_2171,Bacteria,Pseudomonadota,Gammaproteobacteria,Salinisphaerales,Nevskiaceae,NA,NA
ASV_2172,Bacteria,Pseudomonadota,Gammaproteobacteria,Enterobacterales,Aeromonadaceae,Pseudaeromonas,NA
ASV_2173,Bacteria,Bacteroidota,Bacteroidia,Bacteroidales,Prevotellaceae,Segatella,NA
ASV_2174,Bacteria,Verrucomicrobiota,Verrucomicrobiia,Verrucomicrobiales,Verrucomicrobiaceae,Brevifollis,NA
ASV_2175,Bacteria,Verrucomicrobiota,Verrucomicrobiia,Verrucomicrobiales,Verrucomicrobiaceae,Brevifollis,NA
ASV_2176,Bacteria,Pseudomonadota,Alphaproteobacteria,Sphingomonadales,Sphingomonadaceae,Novosphingobium,NA
ASV_2177,Bacteria,Pseudomonadota,Gammaproteobacteria,Enterobacterales,Alteromonadaceae,Rheinheimera,NA
ASV_2178,Bacteria,Verrucomicrobiota,Verrucomicrobiia,Pedosphaerales,Pedosphaeraceae,SH3-11,NA
ASV_2179,Bacteria,Actinomycetota,Actinobacteria,PeM15,NA,NA,NA
ASV_2180,Bacteria,Pseudomonadota,Gammaproteobacteria,Enterobacterales,Aeromonadaceae,Tolumonas,NA
ASV_2181,Bacteria,Bacillota,Bacilli,Acholeplasmatales,Acholeplasmataceae,Acholeplasma,NA
ASV_2182,Bacteria,Patescibacteria,Parcubacteria,Candidatus Nomurabacteria,NA,NA,NA
ASV_2183,Bacteria,Pseudomonadota,Gammaproteobacteria,Burkholderiales,Comamonadaceae,Ramlibacter,NA
ASV_2184,Bacteria,Bacteroidota,Bacteroidia,Bacteroidales,Prolixibacteraceae,NA,NA
ASV_2185,Bacteria,Bacteroidota,Bacteroidia,Bacteroidales,Paludibacteraceae,Paludibacter,NA
ASV_2186,Bacteria,Pseudomonadota,Gammaproteobacteria,Burkholderiales,Rhodocyclaceae,Thauera,aminoaromatica
ASV_2187,Bacteria,Pseudomonadota,Gammaproteobacteria,Burkholderiales,Alcaligenaceae,Saccharedens,NA
ASV_2188,Bacteria,Pseudomonadota,Alphaproteobacteria,Hyphomicrobiales,Devosiaceae,Devosia,insulae
ASV_2189,Bacteria,Pseudomonadota,Alphaproteobacteria,Sphingomonadales,Sphingomonadaceae,Erythrobacter,NA
ASV_2190,Bacteria,Chlorobiota,Chlorobia,Chlorobiales,Chlorobiaceae,Chlorobium,NA
ASV_2191,Bacteria,Bdellovibrionota,Bacteriovoracia,Bacteriovoracales,Bacteriovoracaceae,Peredibacter,NA
ASV_2192,Bacteria,Pseudomonadota,NA,NA,NA,NA,NA
ASV_2193,Bacteria,Pseudomonadota,Alphaproteobacteria,Paracaedibacterales,Paracaedibacteraceae,Candidatus Captivus,NA
ASV_2194,Bacteria,Actinomycetota,Actinobacteria,Frankiales,Sporichthyaceae,hgcI clade,NA
ASV_2195,Bacteria,Pseudomonadota,Gammaproteobacteria,Salinisphaerales,Nevskiaceae,Solimonas,NA
ASV_2196,Bacteria,Bacteroidota,Bacteroidia,Sphingobacteriales,NS11-12 marine group,NA,NA
ASV_2197,Bacteria,Pseudomonadota,Alphaproteobacteria,Rickettsiales,NA,NA,NA
ASV_2198,Bacteria,Pseudomonadota,Gammaproteobacteria,Burkholderiales,Alcaligenaceae,Saccharedens,NA
ASV_2199,Bacteria,Bacillota,Desulfitobacteriia,Desulfitobacteriales,NA,NA,NA
ASV_2200,Bacteria,Pseudomonadota,Gammaproteobacteria,Burkholderiales,Burkholderiaceae,Ralstonia,NA
ASV_2201,Bacteria,Pseudomonadota,Gammaproteobacteria,Burkholderiales,Comamonadaceae,Hydrogenophaga,soli
ASV_2202,Bacteria,Pseudomonadota,Gammaproteobacteria,Methylococcales,Methylococcaceae,Methyloparacoccus,NA
ASV_2203,Bacteria,Bdellovibrionota,Bdellovibrionia,Bdellovibrionales,Pseudobdellovibrionaceae,OM27 clade,NA
ASV_2204,Bacteria,Actinomycetota,Actinobacteria,Frankiales,Sporichthyaceae,hgcI clade,NA
ASV_2205,Bacteria,Pseudomonadota,Gammaproteobacteria,Methylococcales,Methylococcaceae,Methyloparacoccus,NA
ASV_2206,Bacteria,Bdellovibrionota,Oligoflexia,Silvanigrellales,Silvanigrellaceae,NA,NA
ASV_2207,Bacteria,Pseudomonadota,Gammaproteobacteria,Lysobacterales,Lysobacteraceae,Stenotrophomonas,maltophilia
ASV_2208,Bacteria,Pseudomonadota,Gammaproteobacteria,Chromatiales,Chromatiaceae,Allochromatium,NA
ASV_2209,Bacteria,Pseudomonadota,Gammaproteobacteria,Burkholderiales,Comamonadaceae,NA,NA
ASV_2210,Bacteria,Pseudomonadota,Gammaproteobacteria,Lysobacterales,Lysobacteraceae,Silanimonas,NA
ASV_2211,Bacteria,Pseudomonadota,Alphaproteobacteria,Sphingomonadales,Sphingomonadaceae,Novosphingobium,naphthae
ASV_2212,Bacteria,Planctomycetota,Planctomycetes,Gemmatales,Gemmataceae,NA,NA
ASV_2213,Bacteria,Pseudomonadota,Gammaproteobacteria,Burkholderiales,Rhodocyclaceae,Dechlorobacter,NA
ASV_2214,Bacteria,Pseudomonadota,Gammaproteobacteria,Burkholderiales,Comamonadaceae,Macromonas,NA
ASV_2215,Bacteria,Bacteroidota,Bacteroidia,Bacteroidales,Marinilabiliaceae,NA,NA
ASV_2216,Bacteria,Bdellovibrionota,Bacteriovoracia,Bacteriovoracales,Bacteriovoracaceae,Peredibacter,NA
ASV_2217,Bacteria,Pseudomonadota,Gammaproteobacteria,Pseudomonadales,NA,NA,NA
ASV_2218,Bacteria,Pseudomonadota,Gammaproteobacteria,Legionellales,Legionellaceae,Legionella,NA
ASV_2219,Bacteria,Bacillota,Bacilli,Izemoplasmatales,Izemoplasmataceae,NA,NA
ASV_2220,Bacteria,Pseudomonadota,Gammaproteobacteria,Enterobacterales,Alteromonadaceae,Rheinheimera,NA
ASV_2221,Bacteria,Bdellovibrionota,Bdellovibrionia,Bdellovibrionales,Pseudobdellovibrionaceae,Bdellovibrio,NA
ASV_2222,Bacteria,Pseudomonadota,Gammaproteobacteria,Burkholderiales,Comamonadaceae,NA,NA
ASV_2223,Bacteria,Bacteroidota,Bacteroidia,Chitinophagales,Chitinophagaceae,Sediminibacterium,NA
ASV_2224,Bacteria,Pseudomonadota,Gammaproteobacteria,Rickettsiellales,Rickettsiellaceae,NA,NA
ASV_2225,Bacteria,Pseudomonadota,Gammaproteobacteria,Enterobacterales,Shewanellaceae,Shewanella,NA
ASV_2226,Bacteria,Pseudomonadota,Gammaproteobacteria,Burkholderiales,Comamonadaceae,Ottowia,NA
ASV_2227,Bacteria,Pseudomonadota,Alphaproteobacteria,Hyphomicrobiales,Hyphomicrobiaceae,Pedomicrobium,NA
ASV_2228,Bacteria,Pseudomonadota,Gammaproteobacteria,Enterobacterales,Alteromonadaceae,Rheinheimera,NA
ASV_2229,Bacteria,Pseudomonadota,Gammaproteobacteria,Pseudomonadales,Pseudomonadaceae,Pseudomonas,NA
ASV_2230,Bacteria,Bacteroidota,Bacteroidia,Flavobacteriales,Crocinitomicaceae,Fluviicola,NA
ASV_2231,Bacteria,Patescibacteria,Gracilibacteria,JGI 0000069-P22,NA,NA,NA
ASV_2232,Bacteria,Pseudomonadota,Gammaproteobacteria,Enterobacterales,Alteromonadaceae,Rheinheimera,NA
ASV_2233,Bacteria,Bacteroidota,Bacteroidia,Bacteroidales,Rikenellaceae,Bact-08,NA
ASV_2234,Bacteria,Bacteroidota,Bacteroidia,Bacteroidales,Prevotellaceae,Prevotella,NA
ASV_2235,Bacteria,Pseudomonadota,Gammaproteobacteria,Burkholderiales,Rhodocyclaceae,Thauera,NA
ASV_2236,Bacteria,Pseudomonadota,Gammaproteobacteria,Lysobacterales,Rhodanobacteraceae,Aquimonas,NA
ASV_2237,Bacteria,Verrucomicrobiota,Verrucomicrobiia,Opitutales,Opitutaceae,Oleiharenicola,NA
ASV_2238,Bacteria,Actinomycetota,Acidimicrobiia,Microtrichales,NA,NA,NA
ASV_2239,Bacteria,Pseudomonadota,Alphaproteobacteria,Sphingomonadales,Sphingomonadaceae,Blastomonas,NA
ASV_2240,Bacteria,Patescibacteria,Gracilibacteria,Candidatus Peregrinibacteria,NA,NA,NA
ASV_2241,Bacteria,Pseudomonadota,Alphaproteobacteria,Holosporales,Holosporaceae,NA,NA
ASV_2242,Bacteria,Pseudomonadota,Gammaproteobacteria,Burkholderiales,Burkholderiaceae,Polynucleobacter,acidiphobus
ASV_2243,Bacteria,Pseudomonadota,Gammaproteobacteria,Burkholderiales,Comamonadaceae,Ottowia,NA
ASV_2244,Bacteria,Pseudomonadota,Gammaproteobacteria,Salinisphaerales,Nevskiaceae,Sinimarinibacterium,NA
ASV_2245,Bacteria,Pseudomonadota,Gammaproteobacteria,Enterobacterales,Alteromonadaceae,Rheinheimera,NA
ASV_2246,Bacteria,Bacteroidota,Bacteroidia,Bacteroidales,Prolixibacteraceae,NA,NA
ASV_2247,Bacteria,Gemmatimonadota,Gemmatimonadia,Gemmatimonadales,Gemmatimonadaceae,Gemmatimonas,NA
ASV_2248,Bacteria,Pseudomonadota,Gammaproteobacteria,Pseudomonadales,Pseudomonadaceae,Pseudomonas,NA
ASV_2249,Bacteria,Pseudomonadota,Gammaproteobacteria,Burkholderiales,Comamonadaceae,Hydrogenophaga,NA
ASV_2250,Bacteria,Pseudomonadota,Gammaproteobacteria,Enterobacterales,Aeromonadaceae,Pseudaeromonas,NA
ASV_2251,Bacteria,Pseudomonadota,Gammaproteobacteria,Methylococcales,Methylococcaceae,Methyloparacoccus,NA
ASV_2252,Bacteria,Campylobacterota,Campylobacteria,Campylobacterales,Sulfurimonadaceae,Sulfurimonas,NA
ASV_2253,Bacteria,Bacteroidota,Bacteroidia,Flavobacteriales,Cryomorphaceae,NA,NA
ASV_2254,Bacteria,Acidobacteriota,Blastocatellia,Blastocatellales,Blastocatellaceae,NA,NA
ASV_2255,Bacteria,Verrucomicrobiota,Verrucomicrobiia,Pedosphaerales,Pedosphaeraceae,DEV114,NA
ASV_2256,Bacteria,Bacillota,Negativicutes,Veillonellales-Selenomonadales,Veillonellaceae,Megasphaera,NA
ASV_2257,Bacteria,Pseudomonadota,Alphaproteobacteria,Rickettsiales,Rickettsiaceae,Candidatus Gigarickettsia,NA
ASV_2258,Bacteria,Pseudomonadota,Gammaproteobacteria,Burkholderiales,Burkholderiaceae,Limnobacter,NA
ASV_2259,Bacteria,Pseudomonadota,Alphaproteobacteria,Sphingomonadales,Sphingomonadaceae,Sphingoaurantiacus,NA
ASV_2260,Bacteria,Pseudomonadota,Gammaproteobacteria,Burkholderiales,Comamonadaceae,Brachymonas,denitrificans
ASV_2261,Bacteria,Pseudomonadota,Gammaproteobacteria,Burkholderiales,Hydrogenophilaceae,NA,NA
ASV_2262,Bacteria,Pseudomonadota,Gammaproteobacteria,Burkholderiales,Comamonadaceae,Ottowia,NA
ASV_2263,Bacteria,Pseudomonadota,Gammaproteobacteria,Burkholderiales,Alcaligenaceae,NA,NA
ASV_2264,Bacteria,Thermodesulfobacteriota,Desulfobacteria,Desulfobacterales,Desulfobacteraceae,NA,NA
ASV_2265,Bacteria,Pseudomonadota,Gammaproteobacteria,Burkholderiales,Comamonadaceae,Hydrogenophaga,NA
ASV_2266,Bacteria,Pseudomonadota,Gammaproteobacteria,Lysobacterales,Rhodanobacteraceae,Aquimonas,NA
ASV_2267,Bacteria,Pseudomonadota,Alphaproteobacteria,Paracaedibacterales,Paracaedibacteraceae,NA,NA
ASV_2268,Bacteria,Campylobacterota,Campylobacteria,Campylobacterales,Arcobacteraceae,Arcobacter,NA
ASV_2269,Bacteria,Thermodesulfobacteriota,Desulfuromonadia,Bradymonadales,NA,NA,NA
ASV_2270,Bacteria,Bdellovibrionota,Bdellovibrionia,Bdellovibrionales,Pseudobdellovibrionaceae,OM27 clade,NA
ASV_2271,Bacteria,Pseudomonadota,Gammaproteobacteria,Burkholderiales,Burkholderiaceae,Limnobacter,NA
ASV_2272,Bacteria,Pseudomonadota,Gammaproteobacteria,Burkholderiales,Comamonadaceae,NA,NA
ASV_2273,Bacteria,Pseudomonadota,Gammaproteobacteria,Lysobacterales,Rhodanobacteraceae,Aquimonas,NA
ASV_2274,Bacteria,Bacteroidota,Bacteroidia,Sphingobacteriales,env.OPS 17,NA,NA
ASV_2275,Bacteria,Pseudomonadota,Gammaproteobacteria,Pseudomonadales,Moraxellaceae,NA,NA
ASV_2276,Bacteria,Pseudomonadota,Gammaproteobacteria,Lysobacterales,Lysobacteraceae,Stenotrophomonas,maltophilia
ASV_2277,Bacteria,Actinomycetota,Acidimicrobiia,Microtrichales,NA,NA,NA
ASV_2278,Bacteria,Bacteroidota,Bacteroidia,Chitinophagales,Chitinophagaceae,Rurimicrobium,NA
ASV_2279,Bacteria,Pseudomonadota,Gammaproteobacteria,Salinisphaerales,Nevskiaceae,Solimonas,NA
ASV_2280,Bacteria,Chlamydiota,Chlamydiia,Chlamydiales,Parachlamydiaceae,Neochlamydia,NA
ASV_2281,Bacteria,Pseudomonadota,Alphaproteobacteria,Rhodospirillales,NA,NA,NA
ASV_2282,Bacteria,Pseudomonadota,Gammaproteobacteria,Burkholderiales,Comamonadaceae,NA,NA
ASV_2283,Bacteria,Pseudomonadota,Gammaproteobacteria,Pseudomonadales,Pseudomonadaceae,Pseudomonas,NA
ASV_2284,Bacteria,Pseudomonadota,Gammaproteobacteria,Burkholderiales,Comamonadaceae,Inhella,NA
ASV_2285,Bacteria,Cyanobacteriota,Vampirivibrionia,Obscuribacterales,Obscuribacteraceae,Candidatus Obscuribacter,NA
ASV_2286,Bacteria,Pseudomonadota,Gammaproteobacteria,Methylococcales,Methylococcaceae,Methyloparacoccus,NA
ASV_2287,Bacteria,Bacteroidota,Bacteroidia,Chitinophagales,NA,NA,NA
ASV_2288,Bacteria,Pseudomonadota,Gammaproteobacteria,Chromatiales,Chromatiaceae,Allochromatium,NA
ASV_2289,Bacteria,Verrucomicrobiota,Verrucomicrobiia,Pedosphaerales,Pedosphaeraceae,Oikopleura,NA
ASV_2290,Bacteria,Pseudomonadota,Gammaproteobacteria,Run-SP154,NA,NA,NA
ASV_2291,Bacteria,Actinomycetota,Actinobacteria,PeM15,NA,NA,NA
ASV_2292,Bacteria,Pseudomonadota,Alphaproteobacteria,Sphingomonadales,Sphingomonadaceae,Novosphingobium,NA
ASV_2293,Bacteria,Pseudomonadota,Gammaproteobacteria,Burkholderiales,Burkholderiaceae,Lautropia,NA
ASV_2294,Bacteria,Bacillota,Clostridia,Oscillospirales,Ruminococcaceae,Candidatus Soleaferrea,NA
ASV_2295,Bacteria,Patescibacteria,Parcubacteria,Candidatus Kaiserbacteria,NA,NA,NA
ASV_2296,Bacteria,Bacteroidota,Bacteroidia,Sphingobacteriales,env.OPS 17,NA,NA
ASV_2297,Bacteria,Verrucomicrobiota,Verrucomicrobiia,Opitutales,Opitutaceae,Oleiharenicola,NA
ASV_2298,Bacteria,Bacteroidota,Bacteroidia,Chitinophagales,Chitinophagaceae,Aurantisolimonas,NA
ASV_2299,Bacteria,Pseudomonadota,Alphaproteobacteria,Tistrellales,Tistrellaceae,Tistrella,mobilis
ASV_2300,Bacteria,Bacteroidota,Bacteroidia,Chitinophagales,Chitinophagaceae,Rurimicrobium,NA
ASV_2301,Bacteria,Pseudomonadota,Gammaproteobacteria,Burkholderiales,Rhodocyclaceae,Zoogloea,resiniphila
ASV_2302,Bacteria,Pseudomonadota,Gammaproteobacteria,Burkholderiales,Comamonadaceae,Hydrogenophaga,atypica
ASV_2303,Bacteria,Pseudomonadota,Gammaproteobacteria,Halothiobacillales,Halothiobacillaceae,Thiovirga,NA
ASV_2304,Bacteria,Pseudomonadota,Gammaproteobacteria,Pseudomonadales,211ds20,NA,NA
ASV_2305,Bacteria,Pseudomonadota,Gammaproteobacteria,Burkholderiales,Burkholderiaceae,Limnobacter,NA
ASV_2306,Bacteria,Pseudomonadota,Gammaproteobacteria,Burkholderiales,TRA3-20,NA,NA
ASV_2307,Bacteria,Bacteroidota,Bacteroidia,Flavobacteriales,Crocinitomicaceae,Fluviicola,NA
ASV_2308,Bacteria,Bacillota,Bacilli,Bacillales,Bacillaceae,Halolactibacillus,NA
ASV_2309,Bacteria,Campylobacterota,Campylobacteria,Campylobacterales,Arcobacteraceae,Arcobacter,butzleri
ASV_2310,Bacteria,Pseudomonadota,Alphaproteobacteria,Caulobacterales,Caulobacteraceae,NA,NA
ASV_2311,Bacteria,Bacillota,Clostridia,Peptostreptococcales-Tissierellales,Anaerovoracaceae,Anaerovorax,NA
ASV_2312,Bacteria,Bacteroidota,Bacteroidia,Bacteroidales,Rikenellaceae,NA,NA
ASV_2313,Bacteria,Pseudomonadota,Alphaproteobacteria,Zavarziniales,Zavarziniaceae,Zavarzinia,compransoris
ASV_2314,Bacteria,Pseudomonadota,Gammaproteobacteria,Enterobacterales,Alteromonadaceae,Rheinheimera,NA
ASV_2315,Bacteria,Bacteroidota,Bacteroidia,Bacteroidales,Paludibacteraceae,Paludibacter,NA
ASV_2316,Bacteria,Pseudomonadota,Gammaproteobacteria,Burkholderiales,Burkholderiaceae,Limnobacter,NA
ASV_2317,Bacteria,Pseudomonadota,Gammaproteobacteria,Burkholderiales,Methylophilaceae,Methylotenera,NA
ASV_2318,Bacteria,Pseudomonadota,Gammaproteobacteria,Burkholderiales,Burkholderiaceae,Lautropia,NA
ASV_2319,Bacteria,Pseudomonadota,Gammaproteobacteria,R7C24,NA,NA,NA
ASV_2320,Bacteria,Pseudomonadota,Gammaproteobacteria,Burkholderiales,Rhodocyclaceae,C39,NA
ASV_2321,Bacteria,Pseudomonadota,Alphaproteobacteria,Caulobacterales,Caulobacteraceae,Phenylobacterium,NA
ASV_2322,Bacteria,Pseudomonadota,Alphaproteobacteria,Paracaedibacterales,Paracaedibacteraceae,NA,NA
ASV_2323,Bacteria,Pseudomonadota,Gammaproteobacteria,Burkholderiales,Hydrogenophilaceae,NA,NA
ASV_2324,Bacteria,Pseudomonadota,Gammaproteobacteria,Burkholderiales,Comamonadaceae,Ramlibacter,NA
ASV_2325,Bacteria,Actinomycetota,Actinobacteria,Propionibacteriales,Nocardioidaceae,Aeromicrobium,NA
ASV_2326,Bacteria,Pseudomonadota,Gammaproteobacteria,Burkholderiales,Hydrogenophilaceae,NA,NA
ASV_2327,Bacteria,Pseudomonadota,Gammaproteobacteria,Burkholderiales,Oxalobacteraceae,Lacisediminimonas,NA
ASV_2328,Bacteria,Pseudomonadota,Gammaproteobacteria,Burkholderiales,Methylophilaceae,NA,NA
ASV_2329,Bacteria,Pseudomonadota,Gammaproteobacteria,Pseudomonadales,Pseudomonadaceae,Pseudomonas,NA
ASV_2330,Bacteria,Pseudomonadota,Gammaproteobacteria,Pseudomonadales,Moraxellaceae,Acinetobacter,NA
ASV_2331,Bacteria,Pseudomonadota,Alphaproteobacteria,Rickettsiales,AB1,NA,NA
ASV_2332,Bacteria,Pseudomonadota,Gammaproteobacteria,Burkholderiales,Comamonadaceae,Hydrogenophaga,NA
ASV_2333,Bacteria,Pseudomonadota,Alphaproteobacteria,Sphingomonadales,Sphingomonadaceae,Rhizorhapis,NA
ASV_2334,Bacteria,Actinomycetota,Acidimicrobiia,Microtrichales,Ilumatobacteraceae,CL500-29 marine group,NA
ASV_2335,Bacteria,Patescibacteria,Gracilibacteria,JGI 0000069-P22,NA,NA,NA
ASV_2336,Bacteria,Pseudomonadota,Gammaproteobacteria,Burkholderiales,Burkholderiaceae,Polynucleobacter,cosmopolitanus
ASV_2337,Bacteria,Pseudomonadota,Gammaproteobacteria,Burkholderiales,Comamonadaceae,Aquabacterium,NA
ASV_2338,Bacteria,Pseudomonadota,Alphaproteobacteria,Holosporales,Holosporaceae,Candidatus Bealeia,NA
ASV_2339,Bacteria,Pseudomonadota,Alphaproteobacteria,Caulobacterales,Caulobacteraceae,Phenylobacterium,NA
ASV_2340,Bacteria,Pseudomonadota,Gammaproteobacteria,Run-SP154,NA,NA,NA
ASV_2341,Bacteria,Bdellovibrionota,Bacteriovoracia,Bacteriovoracales,Bacteriovoracaceae,Bacteriovorax,NA
ASV_2342,Bacteria,Pseudomonadota,Alphaproteobacteria,Sphingomonadales,Sphingomonadaceae,Altericroceibacterium,NA
ASV_2343,Bacteria,Pseudomonadota,Gammaproteobacteria,Burkholderiales,Nitrosomonadaceae,Nitrosomonas,NA
ASV_2344,Bacteria,Pseudomonadota,Gammaproteobacteria,Salinisphaerales,Nevskiaceae,NA,NA
ASV_2345,Bacteria,Patescibacteria,Microgenomatia,Candidatus Collierbacteria,NA,NA,NA
ASV_2346,Bacteria,Actinomycetota,Actinobacteria,PeM15,NA,NA,NA
ASV_2347,Bacteria,Thermodesulfobacteriota,Desulfobulbia,Desulfobulbales,Desulfobulbaceae,Desulfobulbus,NA
ASV_2348,Bacteria,Pseudomonadota,Gammaproteobacteria,Burkholderiales,MWH-UniP1 aquatic group,NA,NA
ASV_2349,Bacteria,Bacteroidota,Bacteroidia,Bacteroidales,Prevotellaceae,Prevotella,pallens
ASV_2350,Bacteria,Pseudomonadota,Gammaproteobacteria,Burkholderiales,Burkholderiaceae,Ralstonia,NA
ASV_2351,Bacteria,Pseudomonadota,Gammaproteobacteria,NA,NA,NA,NA
ASV_2352,Bacteria,Pseudomonadota,Gammaproteobacteria,Burkholderiales,Rhodocyclaceae,Thauera,NA
ASV_2353,Bacteria,Pseudomonadota,Gammaproteobacteria,Enterobacterales,Aeromonadaceae,Tolumonas,NA
ASV_2354,Bacteria,Cyanobacteriota,Sericytochromatia,NA,NA,NA,NA
ASV_2355,Bacteria,Pseudomonadota,Alphaproteobacteria,Sphingomonadales,Sphingomonadaceae,Sphingoaurantiacus,NA
ASV_2356,Bacteria,Bacteroidota,Bacteroidia,Sphingobacteriales,Sphingobacteriaceae,Daejeonella,NA
ASV_2357,Bacteria,Pseudomonadota,Gammaproteobacteria,Methylococcales,Methylomonadaceae,Methylomonas,NA
ASV_2358,Bacteria,Actinomycetota,Actinobacteria,Micrococcales,Microbacteriaceae,Aurantimicrobium,minutum
ASV_2359,Bacteria,Pseudomonadota,Gammaproteobacteria,Methylococcales,Methylomonadaceae,Methylomonas,NA
ASV_2360,Bacteria,Bdellovibrionota,Bacteriovoracia,Bacteriovoracales,Bacteriovoracaceae,Peredibacter,NA
ASV_2361,Bacteria,Pseudomonadota,Gammaproteobacteria,Pseudomonadales,Pseudomonadaceae,Pseudomonas,NA
ASV_2362,Bacteria,Bacillota,Clostridia,Oscillospirales,[Eubacterium] coprostanoligenes group,NA,NA
ASV_2363,Bacteria,Pseudomonadota,Gammaproteobacteria,Run-SP154,NA,NA,NA
ASV_2364,Bacteria,Pseudomonadota,Gammaproteobacteria,Burkholderiales,Rhodocyclaceae,C39,NA
ASV_2365,Bacteria,Pseudomonadota,Gammaproteobacteria,Burkholderiales,Comamonadaceae,NA,NA
ASV_2366,Bacteria,Verrucomicrobiota,Verrucomicrobiia,Verrucomicrobiales,Verrucomicrobiaceae,Brevifollis,NA
ASV_2367,Bacteria,Pseudomonadota,Gammaproteobacteria,Salinisphaerales,Nevskiaceae,Solimonas,NA
ASV_2368,Bacteria,Pseudomonadota,Gammaproteobacteria,Burkholderiales,Comamonadaceae,Aquabacterium,parvum
ASV_2369,Bacteria,Pseudomonadota,Gammaproteobacteria,Run-SP154,NA,NA,NA
ASV_2370,Bacteria,Bacteroidota,Bacteroidia,Sphingobacteriales,Lentimicrobiaceae,Lentimicrobium,NA
ASV_2371,Bacteria,Actinomycetota,Actinobacteria,Micrococcales,Demequinaceae,Demequina,NA
ASV_2372,Bacteria,Pseudomonadota,Alphaproteobacteria,Hyphomicrobiales,Rhizobiaceae,Brucella,NA
ASV_2373,Bacteria,Bacteroidota,Bacteroidia,Bacteroidales,Paludibacteraceae,Paludibacter,NA
ASV_2374,Bacteria,Pseudomonadota,Alphaproteobacteria,Rhodobacterales,Paracoccaceae,NA,NA
ASV_2375,Bacteria,Pseudomonadota,Gammaproteobacteria,Burkholderiales,Comamonadaceae,Candidatus Symbiobacter,NA
ASV_2376,Bacteria,Actinomycetota,Actinobacteria,Frankiales,Sporichthyaceae,hgcI clade,NA
ASV_2377,Bacteria,Bacteroidota,Bacteroidia,Bacteroidales,Paludibacteraceae,Paludibacter,NA
ASV_2378,Bacteria,Pseudomonadota,Gammaproteobacteria,Burkholderiales,Comamonadaceae,Limnohabitans,NA
ASV_2379,Bacteria,Pseudomonadota,Gammaproteobacteria,Burkholderiales,Comamonadaceae,Ottowia,NA
ASV_2380,Bacteria,Pseudomonadota,Gammaproteobacteria,Lysobacterales,Lysobacteraceae,Stenotrophomonas,maltophilia
ASV_2381,Bacteria,Pseudomonadota,Gammaproteobacteria,Enterobacterales,Pasteurellaceae,Aggregatibacter,NA
ASV_2382,Bacteria,Actinomycetota,Actinobacteria,Micrococcales,Microbacteriaceae,Leifsonia,NA
ASV_2383,Bacteria,Pseudomonadota,Gammaproteobacteria,Burkholderiales,Burkholderiaceae,Polynucleobacter,cosmopolitanus
ASV_2384,Bacteria,Pseudomonadota,Gammaproteobacteria,Lysobacterales,Lysobacteraceae,Pseudoxanthomonas,mexicana
ASV_2385,Bacteria,Pseudomonadota,Gammaproteobacteria,Pseudomonadales,Moraxellaceae,Perlucidibaca,NA
ASV_2386,Bacteria,Planctomycetota,Planctomycetes,Pirellulales,Pirellulaceae,NA,NA
ASV_2387,Bacteria,Pseudomonadota,Gammaproteobacteria,Burkholderiales,Burkholderiaceae,Pandoraea,sputorum
ASV_2388,Bacteria,Pseudomonadota,Alphaproteobacteria,Sphingomonadales,Sphingomonadaceae,Sphingoaurantiacus,NA
ASV_2389,Bacteria,Actinomycetota,Acidimicrobiia,Microtrichales,Ilumatobacteraceae,CL500-29 marine group,NA
ASV_2390,Bacteria,Bacteroidota,Bacteroidia,Sphingobacteriales,Sphingobacteriaceae,Daejeonella,NA
ASV_2391,Bacteria,Pseudomonadota,Gammaproteobacteria,Pseudomonadales,Moraxellaceae,Perlucidibaca,piscinae
ASV_2392,Bacteria,Pseudomonadota,Alphaproteobacteria,Paracaedibacterales,Paracaedibacteraceae,Candidatus Captivus,NA
ASV_2393,Bacteria,Pseudomonadota,Gammaproteobacteria,Burkholderiales,Comamonadaceae,Ottowia,NA
ASV_2394,Bacteria,Bacteroidota,Bacteroidia,Chitinophagales,NA,NA,NA
ASV_2395,Bacteria,Pseudomonadota,Alphaproteobacteria,Caulobacterales,Hyphomonadaceae,Hirschia,NA
ASV_2396,Bacteria,Pseudomonadota,Gammaproteobacteria,Salinisphaerales,Nevskiaceae,NA,NA
ASV_2397,Bacteria,Actinomycetota,Actinobacteria,PeM15,NA,NA,NA
ASV_2398,Bacteria,Thermodesulfobacteriota,Desulfovibrionia,Desulfovibrionales,Desulfomicrobiaceae,Desulfomicrobium,salsuginis
ASV_2399,Bacteria,Bacteroidota,Bacteroidia,Flavobacteriales,Crocinitomicaceae,Fluviicola,NA
ASV_2400,Bacteria,Acidobacteriota,Acidobacteriae,Bryobacterales,Bryobacteraceae,Paludibaculum,NA
ASV_2401,Bacteria,Pseudomonadota,Gammaproteobacteria,Burkholderiales,Comamonadaceae,Ramlibacter,NA
ASV_2402,Bacteria,Bdellovibrionota,Oligoflexia,Oligoflexales,Oligoflexaceae,NA,NA
ASV_2403,Bacteria,Pseudomonadota,Gammaproteobacteria,Pseudomonadales,Moraxellaceae,Cavicella,NA
ASV_2404,Bacteria,Bacteroidota,Bacteroidia,Bacteroidales,Rikenellaceae,Bact-08,NA
ASV_2405,Bacteria,Bacillota,BRH-c20a,NA,NA,NA,NA
ASV_2406,Bacteria,Pseudomonadota,Gammaproteobacteria,Burkholderiales,Rhodocyclaceae,C39,NA
ASV_2407,Bacteria,Bacteroidota,Bacteroidia,Sphingobacteriales,Lentimicrobiaceae,Lentimicrobium,NA
ASV_2408,Bacteria,Planctomycetota,Planctomycetes,Isosphaerales,Isosphaeraceae,NA,NA
ASV_2409,Bacteria,Pseudomonadota,Gammaproteobacteria,Burkholderiales,Methylophilaceae,NA,NA
ASV_2410,Bacteria,Thermodesulfobacteriota,Desulfobacteria,Desulfobacterales,Desulfobacteraceae,NA,NA
ASV_2411,Bacteria,Campylobacterota,Campylobacteria,Campylobacterales,Arcobacteraceae,Arcobacter,NA
ASV_2412,Bacteria,Actinomycetota,Acidimicrobiia,Microtrichales,Ilumatobacteraceae,CL500-29 marine group,NA
ASV_2413,Bacteria,Bacteroidota,Bacteroidia,Bacteroidales,Tannerellaceae,Macellibacteroides,fermentans
ASV_2414,Bacteria,Pseudomonadota,Alphaproteobacteria,Sphingomonadales,Sphingomonadaceae,Novosphingobium,NA
ASV_2415,Bacteria,Bdellovibrionota,Bacteriovoracia,Bacteriovoracales,Bacteriovoracaceae,Peredibacter,NA
ASV_2416,Bacteria,Actinomycetota,Actinobacteria,PeM15,NA,NA,NA
ASV_2417,Bacteria,Pseudomonadota,Alphaproteobacteria,Sphingomonadales,Sphingomonadaceae,Altericroceibacterium,NA
ASV_2418,Bacteria,Actinomycetota,Actinobacteria,Micrococcales,Microbacteriaceae,NA,NA
ASV_2419,Bacteria,Pseudomonadota,Gammaproteobacteria,Methylococcales,Methylococcaceae,Methyloparacoccus,NA
ASV_2420,Bacteria,Pseudomonadota,Gammaproteobacteria,Salinisphaerales,Nevskiaceae,Fontimonas,NA
ASV_2421,Bacteria,Pseudomonadota,Gammaproteobacteria,Burkholderiales,Rhodocyclaceae,C39,NA
ASV_2422,Bacteria,Chloroflexota,Anaerolineae,Anaerolineales,Anaerolineaceae,NA,NA
ASV_2423,Bacteria,Bacillota,BRH-c20a,NA,NA,NA,NA
ASV_2424,Bacteria,Bacteroidota,Bacteroidia,Chitinophagales,Saprospiraceae,NA,NA
ASV_2425,Bacteria,Pseudomonadota,Gammaproteobacteria,Salinisphaerales,Nevskiaceae,NA,NA
ASV_2426,Bacteria,Campylobacterota,Campylobacteria,Campylobacterales,Arcobacteraceae,Arcobacter,NA
ASV_2427,Bacteria,Pseudomonadota,Gammaproteobacteria,Salinisphaerales,Nevskiaceae,Solimonas,NA
ASV_2428,Bacteria,Thermodesulfobacteriota,Desulfobulbia,Desulfobulbales,Desulfobulbaceae,Desulfobulbus,NA
ASV_2429,Bacteria,Thermodesulfobacteriota,Desulfovibrionia,Desulfovibrionales,Desulfomicrobiaceae,Desulfomicrobium,NA
ASV_2430,Bacteria,Bacteroidota,Bacteroidia,Sphingobacteriales,NS11-12 marine group,NA,NA
ASV_2431,Bacteria,Pseudomonadota,Alphaproteobacteria,Caulobacterales,Caulobacteraceae,Phenylobacterium,NA
ASV_2432,Bacteria,Pseudomonadota,Gammaproteobacteria,Methylococcales,Methylomonadaceae,Methylomonas,NA
ASV_2433,Bacteria,Pseudomonadota,Gammaproteobacteria,Burkholderiales,MWH-UniP1 aquatic group,NA,NA
ASV_2434,Bacteria,Pseudomonadota,Gammaproteobacteria,Lysobacterales,Rhodanobacteraceae,Ahniella,NA
ASV_2435,Bacteria,Pseudomonadota,Gammaproteobacteria,Burkholderiales,Comamonadaceae,Hydrogenophaga,NA
ASV_2436,Bacteria,Pseudomonadota,Gammaproteobacteria,Burkholderiales,Burkholderiaceae,Polynucleobacter,NA
ASV_2437,Bacteria,Verrucomicrobiota,Verrucomicrobiia,Opitutales,Opitutaceae,Oleiharenicola,NA
ASV_2438,Bacteria,Campylobacterota,Campylobacteria,Campylobacterales,Campylobacteraceae,Campylobacter,NA
ASV_2439,Bacteria,Pseudomonadota,Gammaproteobacteria,R7C24,NA,NA,NA
ASV_2440,Bacteria,Pseudomonadota,Gammaproteobacteria,Pseudomonadales,Pseudomonadaceae,Pseudomonas,NA
ASV_2441,Bacteria,Pseudomonadota,Gammaproteobacteria,Burkholderiales,Comamonadaceae,NA,NA
ASV_2442,Bacteria,Bacteroidota,Bacteroidia,Bacteroidales,NA,NA,NA
ASV_2443,Bacteria,Pseudomonadota,Alphaproteobacteria,Paracaedibacterales,Paracaedibacteraceae,NA,NA
ASV_2444,Bacteria,Bacillota,Clostridia,Peptostreptococcales-Tissierellales,Anaerovoracaceae,Anaerovorax,NA
ASV_2445,Bacteria,Planctomycetota,OM190,NA,NA,NA,NA
ASV_2446,Bacteria,Pseudomonadota,Gammaproteobacteria,Salinisphaerales,Nevskiaceae,Panacagrimonas,NA
ASV_2447,Bacteria,Actinomycetota,Actinobacteria,PeM15,NA,NA,NA
ASV_2448,Bacteria,Pseudomonadota,Gammaproteobacteria,Salinisphaerales,Nevskiaceae,Sinimarinibacterium,NA
ASV_2449,Bacteria,Verrucomicrobiota,Verrucomicrobiia,Pedosphaerales,Pedosphaeraceae,SH3-11,NA
ASV_2450,Bacteria,Actinomycetota,Actinobacteria,Frankiales,Sporichthyaceae,hgcI clade,NA
ASV_2451,Bacteria,Pseudomonadota,Gammaproteobacteria,Burkholderiales,Rhodocyclaceae,Methyloversatilis,NA
ASV_2452,Bacteria,Verrucomicrobiota,Verrucomicrobiia,Opitutales,Opitutaceae,Cephaloticoccus,NA
ASV_2453,Bacteria,Actinomycetota,Actinobacteria,PeM15,NA,NA,NA
ASV_2454,Bacteria,Pseudomonadota,Gammaproteobacteria,Salinisphaerales,Nevskiaceae,Solimonas,NA
ASV_2455,Bacteria,Bacillota,Desulfitobacteriia,Desulfitobacteriales,Incertae Sedis,TC1,NA
ASV_2456,Bacteria,Pseudomonadota,Gammaproteobacteria,Burkholderiales,Alcaligenaceae,Parapusillimonas,NA
ASV_2457,Bacteria,Pseudomonadota,Gammaproteobacteria,Burkholderiales,Alcaligenaceae,Parapusillimonas,NA
ASV_2458,Bacteria,Pseudomonadota,Gammaproteobacteria,Burkholderiales,TRA3-20,NA,NA
ASV_2459,Bacteria,Verrucomicrobiota,Verrucomicrobiia,Pedosphaerales,Pedosphaeraceae,Oikopleura,NA
ASV_2460,Bacteria,Bacillota,Bacilli,Staphylococcales,Gemellaceae,Gemella,morbillorum
ASV_2461,Bacteria,Pseudomonadota,Gammaproteobacteria,Burkholderiales,Comamonadaceae,Hydrogenophaga,NA
ASV_2462,Bacteria,Bacteroidota,Bacteroidia,Flavobacteriales,Crocinitomicaceae,Fluviicola,NA
ASV_2463,Bacteria,Bacteroidota,Bacteroidia,Bacteroidales,Marinilabiliaceae,NA,NA
ASV_2464,Bacteria,Bacteroidota,Bacteroidia,Sphingobacteriales,Lentimicrobiaceae,Lentimicrobium,NA
ASV_2465,Bacteria,Bacillota,Bacilli,Lactobacillales,Carnobacteriaceae,Granulicatella,NA
ASV_2466,Bacteria,Pseudomonadota,Gammaproteobacteria,Burkholderiales,Comamonadaceae,Ideonella,dechloratans
ASV_2467,Bacteria,Pseudomonadota,NA,NA,NA,NA,NA
ASV_2468,Bacteria,Bacteroidota,Bacteroidia,Flavobacteriales,Crocinitomicaceae,Fluviicola,NA
ASV_2469,Bacteria,Pseudomonadota,Gammaproteobacteria,Burkholderiales,Methylophilaceae,Methylophilus,rhizosphaerae
ASV_2470,Bacteria,Actinomycetota,Actinobacteria,PeM15,NA,NA,NA
ASV_2471,Bacteria,Cloacimonadota,Cloacimonadia,Cloacimonadales,SHA-4,NA,NA
ASV_2472,Bacteria,Spirochaetota,Spirochaetia,Spirochaetales,Spirochaetaceae,Sphaerochaeta,NA
ASV_2473,Bacteria,Bacteroidota,Bacteroidia,Sphingobacteriales,NS11-12 marine group,NA,NA
ASV_2474,Bacteria,Bacteroidota,Bacteroidia,Chitinophagales,Chitinophagaceae,Lacibacter,NA
ASV_2475,Bacteria,Bacteroidota,Bacteroidia,Flavobacteriales,Flavobacteriaceae,Capnocytophaga,NA
ASV_2476,Bacteria,Pseudomonadota,Gammaproteobacteria,Enterobacterales,Pasteurellaceae,Aggregatibacter,NA
ASV_2477,Bacteria,Pseudomonadota,Gammaproteobacteria,Burkholderiales,Comamonadaceae,Ideonella,NA
ASV_2478,Bacteria,Pseudomonadota,Gammaproteobacteria,Burkholderiales,Rhodocyclaceae,Thauera,NA
ASV_2479,Bacteria,Pseudomonadota,Gammaproteobacteria,Burkholderiales,Oxalobacteraceae,Lacisediminimonas,NA
ASV_2480,Bacteria,Bacteroidota,Bacteroidia,Chitinophagales,Chitinophagaceae,Aurantisolimonas,NA
ASV_2481,Bacteria,Deinococcota,Deinococci,Thermales,Thermaceae,Allomeiothermus,NA
ASV_2482,Bacteria,Pseudomonadota,Alphaproteobacteria,Rickettsiales,Rickettsiaceae,NA,NA
ASV_2483,Bacteria,Pseudomonadota,Alphaproteobacteria,Parvibaculales,Parvibaculaceae,Parvibaculum,NA
ASV_2484,Bacteria,Bacteroidota,Bacteroidia,Cytophagales,Spirosomataceae,Dyadobacter,NA
ASV_2485,Bacteria,Pseudomonadota,Gammaproteobacteria,Pseudomonadales,Pseudomonadaceae,Pseudomonas,NA
ASV_2486,Bacteria,Bacteroidota,Bacteroidia,Bacteroidales,Rikenellaceae,DMER64,NA
ASV_2487,Bacteria,Pseudomonadota,Alphaproteobacteria,Paracaedibacterales,Paracaedibacteraceae,NA,NA
ASV_2488,Bacteria,Pseudomonadota,Gammaproteobacteria,Lysobacterales,Lysobacteraceae,Thermomonas,NA
ASV_2489,Bacteria,Pseudomonadota,Alphaproteobacteria,Sphingomonadales,Sphingomonadaceae,Sphingobium,NA
ASV_2490,Bacteria,Pseudomonadota,Gammaproteobacteria,Burkholderiales,Methylophilaceae,MM2,NA
ASV_2491,Bacteria,Pseudomonadota,Gammaproteobacteria,Burkholderiales,Methylophilaceae,Methylotenera,NA
ASV_2492,Bacteria,Pseudomonadota,Gammaproteobacteria,Burkholderiales,Methylophilaceae,Methylotenera,NA
ASV_2493,Bacteria,Pseudomonadota,Gammaproteobacteria,Lysobacterales,Rhodanobacteraceae,Aquimonas,NA
ASV_2494,Bacteria,Pseudomonadota,Gammaproteobacteria,Pseudomonadales,Moraxellaceae,Acinetobacter,NA
ASV_2495,Bacteria,Bacteroidota,Bacteroidia,Sphingobacteriales,env.OPS 17,NA,NA
ASV_2496,Bacteria,Pseudomonadota,Gammaproteobacteria,Pseudomonadales,Moraxellaceae,Acinetobacter,NA
ASV_2497,Bacteria,Thermodesulfobacteriota,Desulfuromonadia,Bradymonadales,NA,NA,NA
ASV_2498,Bacteria,Pseudomonadota,Alphaproteobacteria,Rickettsiales,Rickettsiaceae,NA,NA
ASV_2499,Bacteria,Pseudomonadota,Gammaproteobacteria,Burkholderiales,Rhodocyclaceae,Zoogloea,resiniphila
ASV_2500,Bacteria,Pseudomonadota,Gammaproteobacteria,Burkholderiales,Sutterellaceae,NA,NA
ASV_2501,Bacteria,Actinomycetota,Actinobacteria,Frankiales,Sporichthyaceae,hgcI clade,NA
ASV_2502,Bacteria,Pseudomonadota,Gammaproteobacteria,Enterobacterales,Alteromonadaceae,Rheinheimera,NA
ASV_2503,Bacteria,Pseudomonadota,Gammaproteobacteria,Burkholderiales,TRA3-20,NA,NA
ASV_2504,Bacteria,Pseudomonadota,Gammaproteobacteria,Chromatiales,Chromatiaceae,Allochromatium,NA
ASV_2505,Bacteria,Pseudomonadota,Gammaproteobacteria,Burkholderiales,Hydrogenophilaceae,NA,NA
ASV_2506,Bacteria,Pseudomonadota,Gammaproteobacteria,Burkholderiales,Burkholderiaceae,NA,NA
ASV_2507,Bacteria,Bacteroidota,Bacteroidia,Cytophagales,Spirosomataceae,Dyadobacter,NA
ASV_2508,Bacteria,Bacillota,Bacilli,Acholeplasmatales,Acholeplasmataceae,Acholeplasma,NA
ASV_2509,Bacteria,Thermodesulfobacteriota,Desulfuromonadia,Bradymonadales,NA,NA,NA
ASV_2510,Bacteria,Pseudomonadota,Gammaproteobacteria,Burkholderiales,Comamonadaceae,Limnohabitans,NA
ASV_2511,Bacteria,Pseudomonadota,Alphaproteobacteria,Sphingomonadales,Sphingomonadaceae,Rhizorhabdus,NA
ASV_2512,Bacteria,Patescibacteria,Dojkabacteria,NA,NA,NA,NA
ASV_2513,Bacteria,Pseudomonadota,Gammaproteobacteria,Methylococcales,Methylococcaceae,Methyloparacoccus,NA
ASV_2514,Bacteria,Bacteroidota,Bacteroidia,Chitinophagales,NA,NA,NA
ASV_2515,Bacteria,Bacteroidota,Bacteroidia,Sphingobacteriales,NS11-12 marine group,NA,NA
ASV_2516,Bacteria,Pseudomonadota,Gammaproteobacteria,Burkholderiales,Comamonadaceae,NA,NA
ASV_2517,Bacteria,Actinomycetota,Acidimicrobiia,Microtrichales,Ilumatobacteraceae,CL500-29 marine group,NA
ASV_2518,Bacteria,Pseudomonadota,Gammaproteobacteria,Burkholderiales,Burkholderiaceae,Polynucleobacter,cosmopolitanus
ASV_2519,Bacteria,Bdellovibrionota,Bdellovibrionia,Bdellovibrionales,Pseudobdellovibrionaceae,OM27 clade,NA
ASV_2520,Bacteria,Pseudomonadota,Gammaproteobacteria,Pseudomonadales,Halomonadaceae,HdN1,NA
ASV_2521,Bacteria,Bacteroidota,Bacteroidia,Cytophagales,Cyclobacteriaceae,Mariniradius,NA
ASV_2522,Bacteria,Pseudomonadota,Gammaproteobacteria,Burkholderiales,Comamonadaceae,Ideonella,dechloratans
ASV_2523,Bacteria,Bacteroidota,Bacteroidia,Sphingobacteriales,NS11-12 marine group,NA,NA
ASV_2524,Bacteria,Pseudomonadota,Alphaproteobacteria,Rickettsiales,NA,NA,NA
ASV_2525,Bacteria,Pseudomonadota,Gammaproteobacteria,Burkholderiales,Comamonadaceae,Ideonella,NA
ASV_2526,Bacteria,Actinomycetota,Actinobacteria,Micrococcales,Demequinaceae,Demequina,NA
ASV_2527,Bacteria,Pseudomonadota,Gammaproteobacteria,Pseudomonadales,Spongiibacteraceae,BD1-7 clade,NA
ASV_2528,Bacteria,Bacteroidota,Bacteroidia,Cytophagales,Spirosomataceae,Fluviimonas,pallidilutea
ASV_2529,Bacteria,Pseudomonadota,Gammaproteobacteria,Pseudomonadales,NA,NA,NA
ASV_2530,Bacteria,Campylobacterota,Campylobacteria,Campylobacterales,Sulfurimonadaceae,Sulfuricurvum,NA
ASV_2531,Bacteria,Actinomycetota,Actinobacteria,Frankiales,Sporichthyaceae,hgcI clade,NA
ASV_2532,Bacteria,Pseudomonadota,Alphaproteobacteria,Rickettsiales,Rickettsiaceae,NA,NA
ASV_2533,Bacteria,Pseudomonadota,Gammaproteobacteria,NA,NA,NA,NA
ASV_2534,Bacteria,Bacteroidota,Bacteroidia,Chitinophagales,NA,NA,NA
ASV_2535,Bacteria,Actinomycetota,Actinobacteria,PeM15,NA,NA,NA
ASV_2536,Bacteria,Pseudomonadota,Alphaproteobacteria,Hyphomicrobiales,Rhizobiaceae,NA,NA
ASV_2537,Bacteria,Verrucomicrobiota,Verrucomicrobiia,Opitutales,Opitutaceae,Cephaloticoccus,NA
ASV_2538,Bacteria,Pseudomonadota,Gammaproteobacteria,Salinisphaerales,Nevskiaceae,Solimonas,NA
ASV_2539,Bacteria,Bacteroidota,Bacteroidia,Cytophagales,Cyclobacteriaceae,Mariniradius,NA
ASV_2540,Bacteria,Actinomycetota,Actinobacteria,Propionibacteriales,Nocardioidaceae,Aeromicrobium,NA
ASV_2541,Bacteria,Actinomycetota,Acidimicrobiia,Microtrichales,Ilumatobacteraceae,CL500-29 marine group,NA
ASV_2542,Bacteria,Pseudomonadota,Gammaproteobacteria,Enterobacterales,Aeromonadaceae,Aeromonas,NA
ASV_2543,Bacteria,Pseudomonadota,Alphaproteobacteria,Sphingomonadales,Sphingomonadaceae,Rhizorhabdus,NA
ASV_2544,Bacteria,Verrucomicrobiota,Verrucomicrobiia,Verrucomicrobiales,Verrucomicrobiaceae,Brevifollis,NA
ASV_2545,Bacteria,Bacteroidota,Bacteroidia,Chitinophagales,37-13,NA,NA
ASV_2546,Bacteria,Actinomycetota,Actinobacteria,Frankiales,Sporichthyaceae,hgcI clade,NA
ASV_2547,Bacteria,Pseudomonadota,Alphaproteobacteria,Hyphomicrobiales,Beijerinckiaceae,NA,NA
ASV_2548,Bacteria,Pseudomonadota,Gammaproteobacteria,Burkholderiales,Methylophilaceae,Methylotenera,NA
ASV_2549,Bacteria,Pseudomonadota,Gammaproteobacteria,Enterobacterales,Enterobacteriaceae,Enterobacter,NA
ASV_2550,Bacteria,Bacteroidota,Bacteroidia,Flavobacteriales,Crocinitomicaceae,Fluviicola,NA
ASV_2551,Bacteria,Pseudomonadota,Alphaproteobacteria,Thalassobaculales,NA,NA,NA
ASV_2552,Bacteria,Pseudomonadota,Gammaproteobacteria,Chromatiales,Chromatiaceae,Allochromatium,NA
ASV_2553,Bacteria,Pseudomonadota,Gammaproteobacteria,Lysobacterales,Rhodanobacteraceae,Aquimonas,voraii
ASV_2554,Bacteria,Pseudomonadota,Gammaproteobacteria,Salinisphaerales,Nevskiaceae,Solimonas,NA
ASV_2555,Bacteria,Patescibacteria,Parcubacteria,Candidatus Nomurabacteria,NA,NA,NA
ASV_2556,Bacteria,Bacteroidota,Bacteroidia,Sphingobacteriales,env.OPS 17,NA,NA
ASV_2557,Bacteria,Bacteroidota,Bacteroidia,Chitinophagales,37-13,NA,NA
ASV_2558,Bacteria,Pseudomonadota,Gammaproteobacteria,Burkholderiales,Burkholderiaceae,Polynucleobacter,NA
ASV_2559,Bacteria,Bacteroidota,Bacteroidia,Flavobacteriales,Crocinitomicaceae,Fluviicola,NA
ASV_2560,Bacteria,Actinomycetota,Actinobacteria,PeM15,NA,NA,NA
ASV_2561,Bacteria,Pseudomonadota,Gammaproteobacteria,Lysobacterales,Rhodanobacteraceae,Ahniella,NA
ASV_2562,Bacteria,Pseudomonadota,Gammaproteobacteria,Burkholderiales,Rhodocyclaceae,Thauera,NA
ASV_2563,Bacteria,Pseudomonadota,Alphaproteobacteria,Rhodobacterales,Paracoccaceae,NA,NA
ASV_2564,Bacteria,Pseudomonadota,Gammaproteobacteria,Run-SP154,NA,NA,NA
ASV_2565,Bacteria,Chlamydiota,Chlamydiia,Chlamydiales,Parachlamydiaceae,NA,NA
ASV_2566,Bacteria,Pseudomonadota,Gammaproteobacteria,Lysobacterales,Lysobacteraceae,Stenotrophomonas,maltophilia
ASV_2567,Bacteria,Bacillota,Bacilli,Acholeplasmatales,Acholeplasmataceae,Acholeplasma,NA
ASV_2568,Bacteria,Pseudomonadota,Gammaproteobacteria,Burkholderiales,Rhodocyclaceae,Dechlorobacter,NA
ASV_2569,Bacteria,Pseudomonadota,Gammaproteobacteria,Salinisphaerales,Nevskiaceae,Fontimonas,NA
ASV_2570,Bacteria,Pseudomonadota,Gammaproteobacteria,Burkholderiales,Burkholderiaceae,Polynucleobacter,NA
ASV_2571,Bacteria,Pseudomonadota,Gammaproteobacteria,Burkholderiales,Rhodocyclaceae,Thauera,NA
ASV_2572,Bacteria,Pseudomonadota,Gammaproteobacteria,Enterobacterales,Alteromonadaceae,Rheinheimera,NA
ASV_2573,Bacteria,Pseudomonadota,Alphaproteobacteria,Sphingomonadales,Sphingomonadaceae,Erythrobacter,NA
ASV_2574,Bacteria,Actinomycetota,Acidimicrobiia,Microtrichales,NA,NA,NA
ASV_2575,Bacteria,Pseudomonadota,Gammaproteobacteria,Burkholderiales,Comamonadaceae,Hydrogenophaga,atypica
ASV_2576,Bacteria,Pseudomonadota,Gammaproteobacteria,Lysobacterales,Lysobacteraceae,Arenimonas,NA
ASV_2577,Bacteria,Actinomycetota,Actinobacteria,Micrococcales,Microbacteriaceae,Leucobacter,NA
ASV_2578,Bacteria,Pseudomonadota,Alphaproteobacteria,Hyphomicrobiales,Hyphomicrobiaceae,Pedomicrobium,NA
ASV_2579,Bacteria,Pseudomonadota,Alphaproteobacteria,Hyphomicrobiales,Hyphomicrobiales Incertae Sedis,NA,NA
ASV_2580,Bacteria,Pseudomonadota,Gammaproteobacteria,Burkholderiales,Comamonadaceae,NA,NA
ASV_2581,Bacteria,Pseudomonadota,Gammaproteobacteria,Burkholderiales,Comamonadaceae,Ottowia,NA
ASV_2582,Bacteria,Pseudomonadota,Alphaproteobacteria,Azospirillales,Azospirillaceae,Azospirillum,fermentarium
ASV_2583,Bacteria,Bacteroidota,Bacteroidia,Sphingobacteriales,Lentimicrobiaceae,Lentimicrobium,NA
ASV_2584,Bacteria,Pseudomonadota,Gammaproteobacteria,Chromatiales,Chromatiaceae,Allochromatium,NA
ASV_2585,Bacteria,Bacillota,Bacilli,Acholeplasmatales,Acholeplasmataceae,Acholeplasma,NA
ASV_2586,Bacteria,Bacillota,Bacilli,NA,NA,NA,NA
ASV_2587,Bacteria,Pseudomonadota,Gammaproteobacteria,Burkholderiales,Comamonadaceae,Hydrogenophaga,NA
ASV_2588,Bacteria,Pseudomonadota,Gammaproteobacteria,Burkholderiales,Comamonadaceae,NA,NA
ASV_2589,Bacteria,Actinomycetota,Actinobacteria,Mycobacteriales,Corynebacteriaceae,Corynebacterium,accolens
ASV_2590,Bacteria,Pseudomonadota,Gammaproteobacteria,Burkholderiales,Neisseriaceae,Kingella,NA
ASV_2591,Bacteria,Bacillota,Bacilli,NA,NA,NA,NA
ASV_2592,Bacteria,Bacteroidota,Bacteroidia,Chitinophagales,Chitinophagaceae,NA,NA
ASV_2593,Bacteria,Bacteroidota,Bacteroidia,Sphingobacteriales,NS11-12 marine group,NA,NA
ASV_2594,Bacteria,Actinomycetota,Actinobacteria,Micrococcales,Microbacteriaceae,Aurantimicrobium,minutum
ASV_2595,Bacteria,Bacteroidota,Bacteroidia,Sphingobacteriales,env.OPS 17,NA,NA
ASV_2596,Bacteria,Bacteroidota,Bacteroidia,Bacteroidales,Prolixibacteraceae,WCHB1-32,NA
ASV_2597,Bacteria,Pseudomonadota,Alphaproteobacteria,Sphingomonadales,Sphingomonadaceae,NA,NA
ASV_2598,Bacteria,Pseudomonadota,Gammaproteobacteria,Burkholderiales,Comamonadaceae,Hydrogenophaga,NA
ASV_2599,Bacteria,Patescibacteria,Gracilibacteria,Candidatus Peregrinibacteria,NA,NA,NA
ASV_2600,Bacteria,Chloroflexota,Chloroflexia,Chloroflexales,Roseiflexaceae,NA,NA
ASV_2601,Bacteria,Bacillota,Bacilli,Lactobacillales,Streptococcaceae,Streptococcus,NA
ASV_2602,Bacteria,Bacteroidota,Bacteroidia,Sphingobacteriales,Sphingobacteriaceae,Solitalea,NA
ASV_2603,Bacteria,Pseudomonadota,Gammaproteobacteria,Chromatiales,Chromatiaceae,Allochromatium,NA
ASV_2604,Bacteria,Pseudomonadota,Gammaproteobacteria,Burkholderiales,Rhodocyclaceae,C39,NA
ASV_2605,Bacteria,Verrucomicrobiota,Verrucomicrobiia,Opitutales,Opitutaceae,Opitutus,NA
ASV_2606,Bacteria,Planctomycetota,Planctomycetes,Planctomycetales,Rubinisphaeraceae,NA,NA
ASV_2607,Bacteria,Pseudomonadota,Gammaproteobacteria,Pseudomonadales,Pseudomonadaceae,Pseudomonas,NA
ASV_2608,Bacteria,Pseudomonadota,Gammaproteobacteria,Burkholderiales,Comamonadaceae,Rubrivivax,NA
ASV_2609,Bacteria,Bacteroidota,Bacteroidia,Bacteroidales,Prevotellaceae,Segatella,NA
ASV_2610,Bacteria,Pseudomonadota,Gammaproteobacteria,Salinisphaerales,Nevskiaceae,Solimonas,NA
ASV_2611,Bacteria,Verrucomicrobiota,Verrucomicrobiia,Pedosphaerales,Pedosphaeraceae,DEV114,NA
ASV_2612,Bacteria,Pseudomonadota,Alphaproteobacteria,Caulobacterales,Hyphomonadaceae,Hyphomonas,NA
ASV_2613,Bacteria,Bacteroidota,Bacteroidia,Sphingobacteriales,NS11-12 marine group,NA,NA
ASV_2614,Bacteria,Pseudomonadota,Gammaproteobacteria,Burkholderiales,Comamonadaceae,Hydrogenophaga,NA
ASV_2615,Bacteria,Bacteroidota,Bacteroidia,Bacteroidales,Paludibacteraceae,Paludibacter,NA
ASV_2616,Bacteria,Pseudomonadota,Alphaproteobacteria,Rhodobacterales,Paracoccaceae,Fuscovulum,NA
ASV_2617,Bacteria,Chloroflexota,Anaerolineae,Anaerolineales,Anaerolineaceae,NA,NA
ASV_2618,Bacteria,Pseudomonadota,Alphaproteobacteria,Paracaedibacterales,Paracaedibacteraceae,NA,NA
ASV_2619,Bacteria,Pseudomonadota,Gammaproteobacteria,Burkholderiales,Comamonadaceae,Sphaerotilus,NA
ASV_2620,Bacteria,Pseudomonadota,Alphaproteobacteria,Azospirillales,Azospirillales Incertae Sedis,Stella,NA
ASV_2621,Bacteria,Bacteroidota,Bacteroidia,Flavobacteriales,Crocinitomicaceae,Fluviicola,NA
ASV_2622,Bacteria,Pseudomonadota,Alphaproteobacteria,Parvibaculales,Parvibaculaceae,Parvibaculum,NA
ASV_2623,Bacteria,Bacillota,Bacilli,Izemoplasmatales,Izemoplasmataceae,NA,NA
ASV_2624,Bacteria,Bacteroidota,Bacteroidia,Bacteroidales,NA,NA,NA
ASV_2625,Bacteria,Pseudomonadota,Gammaproteobacteria,Pseudomonadales,Porticoccaceae,C1-B045,NA
ASV_2626,Bacteria,Pseudomonadota,Alphaproteobacteria,Caulobacterales,Hyphomonadaceae,Hyphomonas,NA
ASV_2627,Bacteria,Bacteroidota,Bacteroidia,Sphingobacteriales,NA,NA,NA
ASV_2628,Bacteria,Bacteroidota,Bacteroidia,Bacteroidales,Prolixibacteraceae,WCHB1-32,NA
ASV_2629,Bacteria,Pseudomonadota,Gammaproteobacteria,Burkholderiales,Comamonadaceae,Hydrogenophaga,NA
ASV_2630,Bacteria,Pseudomonadota,Alphaproteobacteria,Sphingomonadales,Sphingomonadaceae,Novosphingobium,NA
ASV_2631,Bacteria,Actinomycetota,Actinobacteria,Micrococcales,Microbacteriaceae,Aurantimicrobium,NA
ASV_2632,Bacteria,Pseudomonadota,Alphaproteobacteria,Caulobacterales,Hyphomonadaceae,Hirschia,NA
ASV_2633,Bacteria,Bacillota,Bacilli,Acholeplasmatales,Acholeplasmataceae,Acholeplasma,NA
ASV_2634,Bacteria,Bacteroidota,Bacteroidia,Sphingobacteriales,Sphingobacteriaceae,Daejeonella,NA
ASV_2635,Bacteria,Pseudomonadota,Alphaproteobacteria,Sphingomonadales,Sphingomonadaceae,NA,NA
ASV_2636,Bacteria,Pseudomonadota,Alphaproteobacteria,Hyphomicrobiales,Beijerinckiaceae,NA,NA
ASV_2637,Bacteria,Bacteroidota,Bacteroidia,Bacteroidales,Prolixibacteraceae,WCHB1-32,NA
ASV_2638,Bacteria,Actinomycetota,Actinobacteria,Micrococcales,Microbacteriaceae,Candidatus Aquiluna,NA
ASV_2639,Bacteria,Pseudomonadota,Alphaproteobacteria,Paracaedibacterales,Paracaedibacteraceae,NA,NA
ASV_2640,Bacteria,Actinomycetota,Actinobacteria,Micrococcales,Microbacteriaceae,ML602J-51,NA
ASV_2641,Bacteria,Pseudomonadota,Gammaproteobacteria,Burkholderiales,Comamonadaceae,Ideonella,paludis
ASV_2642,Bacteria,Pseudomonadota,Gammaproteobacteria,Lysobacterales,Lysobacteraceae,Lysobacter,brunescens
ASV_2643,Bacteria,Campylobacterota,Campylobacteria,Campylobacterales,Sulfurovaceae,Sulfurovum,NA
ASV_2644,Bacteria,Pseudomonadota,Gammaproteobacteria,Enterobacterales,Pasteurellaceae,Haemophilus,sputorum
ASV_2645,Bacteria,Pseudomonadota,Gammaproteobacteria,Burkholderiales,Comamonadaceae,Aquabacterium,NA
ASV_2646,Bacteria,Pseudomonadota,Alphaproteobacteria,Rickettsiales,Midichloriaceae,Candidatus Jidaibacter,NA
ASV_2647,Bacteria,Pseudomonadota,Alphaproteobacteria,Azospirillales,Azospirillales Incertae Sedis,Stella,NA
ASV_2648,Bacteria,Planctomycetota,Planctomycetes,Pirellulales,Pirellulaceae,Pirellula,NA
ASV_2649,Bacteria,Pseudomonadota,Gammaproteobacteria,Burkholderiales,Comamonadaceae,Ideonella,NA
ASV_2650,Bacteria,Pseudomonadota,Gammaproteobacteria,Chromatiales,Chromatiaceae,Allochromatium,NA
ASV_2651,Bacteria,Pseudomonadota,Gammaproteobacteria,Burkholderiales,Burkholderiaceae,Polynucleobacter,cosmopolitanus
ASV_2652,Bacteria,Pseudomonadota,Gammaproteobacteria,Pseudomonadales,Pseudomonadaceae,Pseudomonas,NA
ASV_2653,Bacteria,Campylobacterota,Campylobacteria,Campylobacterales,Arcobacteraceae,Arcobacter,NA
ASV_2654,Bacteria,Campylobacterota,Campylobacteria,Campylobacterales,Sulfurospirillaceae,Sulfurospirillum,NA
ASV_2655,Bacteria,Pseudomonadota,Gammaproteobacteria,Pseudomonadales,Halomonadaceae,Halomonas,NA
ASV_2656,Bacteria,Pseudomonadota,Alphaproteobacteria,Rhodobacterales,Paracoccaceae,Fuscovulum,NA
ASV_2657,Bacteria,Pseudomonadota,Gammaproteobacteria,Methylococcales,Methylomonadaceae,Methylomonas,NA
ASV_2658,Bacteria,Pseudomonadota,Gammaproteobacteria,Lysobacterales,Rhodanobacteraceae,Aquimonas,NA
ASV_2659,Bacteria,Bacteroidota,Bacteroidia,Chitinophagales,Saprospiraceae,Phaeodactylibacter,NA
ASV_2660,Bacteria,Pseudomonadota,Alphaproteobacteria,Rickettsiales,NA,NA,NA
ASV_2661,Bacteria,Thermodesulfobacteriota,Desulfobulbia,Desulfobulbales,Desulfobulbaceae,Desulfobulbus,NA
ASV_2662,Bacteria,Chlorobiota,Chlorobia,Chlorobiales,Chlorobiaceae,Chlorobium,NA
ASV_2663,Bacteria,Patescibacteria,Dojkabacteria,NA,NA,NA,NA
ASV_2664,Bacteria,Pseudomonadota,Gammaproteobacteria,Run-SP154,NA,NA,NA
ASV_2665,Bacteria,Planctomycetota,Planctomycetes,Gemmatales,Gemmataceae,NA,NA
ASV_2666,Bacteria,Verrucomicrobiota,Verrucomicrobiia,Opitutales,Opitutaceae,Oleiharenicola,NA
ASV_2667,Bacteria,Pseudomonadota,Gammaproteobacteria,Salinisphaerales,Nevskiaceae,Panacagrimonas,NA
ASV_2668,Bacteria,Bacillota,Clostridia,Peptostreptococcales-Tissierellales,Family XI,Parvimonas,micra
ASV_2669,Bacteria,Pseudomonadota,Gammaproteobacteria,Burkholderiales,Comamonadaceae,Ottowia,NA
ASV_2670,Bacteria,Bacillota,Bacilli,Acholeplasmatales,Acholeplasmataceae,Acholeplasma,NA
ASV_2671,Bacteria,Pseudomonadota,Alphaproteobacteria,Hyphomicrobiales,Rhizobiaceae,Brucella,NA
ASV_2672,Bacteria,Pseudomonadota,Alphaproteobacteria,Azospirillales,Azospirillaceae,Niveispirillum,NA
ASV_2673,Bacteria,Pseudomonadota,Gammaproteobacteria,Burkholderiales,Comamonadaceae,Hydrogenophaga,NA
ASV_2674,Bacteria,Pseudomonadota,Gammaproteobacteria,Burkholderiales,Comamonadaceae,Rubrivivax,NA
ASV_2675,Bacteria,Verrucomicrobiota,Verrucomicrobiia,Opitutales,Opitutaceae,Oleiharenicola,NA
ASV_2676,Bacteria,Bacillota,Bacilli,Bacillales,Bacillaceae,Halolactibacillus,NA
ASV_2677,Bacteria,Pseudomonadota,Gammaproteobacteria,Burkholderiales,Neisseriaceae,Neisseria,oralis
ASV_2678,Bacteria,Patescibacteria,Saccharimonadia,Saccharimonadales,NA,NA,NA
ASV_2679,Bacteria,Bacteroidota,Bacteroidia,Chitinophagales,Chitinophagaceae,Rurimicrobium,NA
ASV_2680,Bacteria,Verrucomicrobiota,Verrucomicrobiia,Pedosphaerales,Pedosphaeraceae,DEV114,NA
ASV_2681,Bacteria,Pseudomonadota,Gammaproteobacteria,Burkholderiales,Comamonadaceae,Ideonella,dechloratans
ASV_2682,Bacteria,Thermodesulfobacteriota,Desulfuromonadia,Bradymonadales,NA,NA,NA
ASV_2683,Bacteria,Pseudomonadota,Gammaproteobacteria,Burkholderiales,Methylophilaceae,MM2,NA
ASV_2684,Bacteria,Pseudomonadota,Gammaproteobacteria,Burkholderiales,Comamonadaceae,Aquabacterium,NA
ASV_2685,Bacteria,Pseudomonadota,Gammaproteobacteria,Burkholderiales,Methylophilaceae,NA,NA
ASV_2686,Bacteria,Dependentiae,Babeliae,Babeliales,NA,NA,NA
ASV_2687,Bacteria,Pseudomonadota,Alphaproteobacteria,Hyphomicrobiales,Beijerinckiaceae,alphaI cluster,NA
ASV_2688,Bacteria,Pseudomonadota,Gammaproteobacteria,Pseudomonadales,Halomonadaceae,Halomonas,NA
ASV_2689,Bacteria,Actinomycetota,Actinobacteria,Actinomycetales,Actinomycetaceae,Schaalia,NA
ASV_2690,Bacteria,Pseudomonadota,Gammaproteobacteria,Burkholderiales,MWH-UniP1 aquatic group,NA,NA
ASV_2691,Bacteria,Pseudomonadota,Gammaproteobacteria,Burkholderiales,Comamonadaceae,Ottowia,NA
ASV_2692,Bacteria,Pseudomonadota,Alphaproteobacteria,Rickettsiales,Midichloriaceae,Candidatus Jidaibacter,NA
ASV_2693,Bacteria,Thermodesulfobacteriota,Desulfuromonadia,Bradymonadales,NA,NA,NA
ASV_2694,Bacteria,Pseudomonadota,Gammaproteobacteria,Competibacterales,Competibacteraceae,Candidatus Competibacter,NA
ASV_2695,Bacteria,Pseudomonadota,Gammaproteobacteria,Salinisphaerales,Nevskiaceae,Stagnimonas,NA
ASV_2696,Bacteria,Bacteroidota,Bacteroidia,Bacteroidales,Rikenellaceae,NA,NA
ASV_2697,Bacteria,Pseudomonadota,Gammaproteobacteria,Gammaproteobacteria Incertae Sedis,Unknown Family,Acidibacter,NA
ASV_2698,Bacteria,Bacteroidota,Bacteroidia,Sphingobacteriales,Lentimicrobiaceae,Lentimicrobium,NA
ASV_2699,Bacteria,Bacteroidota,Bacteroidia,Chitinophagales,37-13,NA,NA
ASV_2700,Bacteria,Pseudomonadota,Gammaproteobacteria,Ga0077536,NA,NA,NA
ASV_2701,Bacteria,Pseudomonadota,Gammaproteobacteria,Salinisphaerales,Nevskiaceae,NA,NA
ASV_2702,Bacteria,Bacteroidota,Bacteroidia,Bacteroidales,Rikenellaceae,NA,NA
ASV_2703,Bacteria,Pseudomonadota,Gammaproteobacteria,R7C24,NA,NA,NA
ASV_2704,Bacteria,Bdellovibrionota,Oligoflexia,Oligoflexales,Oligoflexaceae,NA,NA
ASV_2705,Bacteria,Bacteroidota,Bacteroidia,Flavobacteriales,NS9 marine group,NA,NA
ASV_2706,Bacteria,Pseudomonadota,Gammaproteobacteria,Pseudomonadales,Alcanivoracaceae,Ketobacter,NA
ASV_2707,Bacteria,Pseudomonadota,Gammaproteobacteria,Burkholderiales,Comamonadaceae,NA,NA
ASV_2708,Bacteria,Pseudomonadota,Gammaproteobacteria,Burkholderiales,Rhodocyclaceae,Rhodocyclus,NA
ASV_2709,Bacteria,Pseudomonadota,Gammaproteobacteria,Lysobacterales,Lysobacteraceae,Thermomonas,NA
ASV_2710,Bacteria,Pseudomonadota,Gammaproteobacteria,Burkholderiales,Comamonadaceae,Hydrogenophaga,NA
ASV_2711,Bacteria,Actinomycetota,Acidimicrobiia,Microtrichales,Ilumatobacteraceae,CL500-29 marine group,NA
ASV_2712,Bacteria,Pseudomonadota,Gammaproteobacteria,Burkholderiales,Oxalobacteraceae,Lacisediminimonas,NA
ASV_2713,Bacteria,Pseudomonadota,Gammaproteobacteria,Burkholderiales,MWH-UniP1 aquatic group,NA,NA
ASV_2714,Bacteria,Verrucomicrobiota,Verrucomicrobiia,Verrucomicrobiales,Verrucomicrobiaceae,Brevifollis,NA
ASV_2715,Bacteria,Pseudomonadota,Alphaproteobacteria,Rickettsiales,Rickettsiaceae,NA,NA
ASV_2716,Bacteria,Pseudomonadota,Gammaproteobacteria,Pseudomonadales,Pseudomonadaceae,Pseudomonas,NA
ASV_2717,Bacteria,Pseudomonadota,Gammaproteobacteria,Burkholderiales,Hydrogenophilaceae,NA,NA
ASV_2718,Bacteria,Campylobacterota,Campylobacteria,Campylobacterales,Sulfurospirillaceae,Sulfurospirillum,NA
ASV_2719,Bacteria,Bacillota,Bacilli,Erysipelotrichales,Erysipelatoclostridiaceae,UCG-004,NA
ASV_2720,Bacteria,Patescibacteria,Dojkabacteria,NA,NA,NA,NA
ASV_2721,Bacteria,Pseudomonadota,Gammaproteobacteria,Chromatiales,Chromatiaceae,Thiolamprovum,NA
ASV_2722,Bacteria,Pseudomonadota,Alphaproteobacteria,Rhodobacterales,Paracoccaceae,NA,NA
ASV_2723,Bacteria,Bacteroidota,Bacteroidia,Bacteroidales,Paludibacteraceae,Paludibacter,NA
ASV_2724,Bacteria,Pseudomonadota,Gammaproteobacteria,Burkholderiales,Rhodocyclaceae,Methyloversatilis,NA
ASV_2725,Bacteria,Pseudomonadota,Alphaproteobacteria,Tistrellales,Tistrellaceae,Tistrella,mobilis
ASV_2726,Bacteria,Candidatus Kapabacteria,Kapabacteria,Kapabacteriales,NA,NA,NA
ASV_2727,Bacteria,Bacteroidota,Bacteroidia,Sphingobacteriales,Sphingobacteriaceae,Daejeonella,NA
ASV_2728,Bacteria,Pseudomonadota,Gammaproteobacteria,Burkholderiales,Rhodocyclaceae,Dechloromonas,agitata
ASV_2729,Bacteria,Pseudomonadota,Gammaproteobacteria,Lysobacterales,Lysobacteraceae,Silanimonas,NA
ASV_2730,Bacteria,Actinomycetota,Actinobacteria,PeM15,NA,NA,NA
ASV_2731,Bacteria,Pseudomonadota,Alphaproteobacteria,Rhodobacterales,Paracoccaceae,Fuscovulum,NA
ASV_2732,Bacteria,Pseudomonadota,Gammaproteobacteria,Pseudomonadales,Moraxellaceae,Acinetobacter,NA
ASV_2733,Bacteria,Pseudomonadota,Gammaproteobacteria,Burkholderiales,Comamonadaceae,Brachymonas,denitrificans
ASV_2734,Bacteria,Pseudomonadota,Alphaproteobacteria,Micropepsales,Micropepsaceae,NA,NA
ASV_2735,Bacteria,Pseudomonadota,Gammaproteobacteria,Burkholderiales,Comamonadaceae,NA,NA
ASV_2736,Bacteria,Pseudomonadota,Gammaproteobacteria,Burkholderiales,Comamonadaceae,Aquabacterium,NA
ASV_2737,Bacteria,Bacteroidota,Bacteroidia,Flavobacteriales,Crocinitomicaceae,Fluviicola,NA
ASV_2738,Bacteria,Pseudomonadota,Gammaproteobacteria,Lysobacterales,Rhodanobacteraceae,Aquimonas,voraii
ASV_2739,Bacteria,Pseudomonadota,Gammaproteobacteria,Burkholderiales,MWH-UniP1 aquatic group,NA,NA
ASV_2740,Bacteria,Pseudomonadota,Gammaproteobacteria,Pseudomonadales,Pseudomonadaceae,Pseudomonas,NA
ASV_2741,Bacteria,Pseudomonadota,Gammaproteobacteria,Pseudomonadales,Moraxellaceae,Perlucidibaca,NA
ASV_2742,Bacteria,Actinomycetota,Actinobacteria,Micrococcales,Microbacteriaceae,Aurantimicrobium,minutum
ASV_2743,Bacteria,Pseudomonadota,Gammaproteobacteria,Salinisphaerales,Nevskiaceae,Fontimonas,NA
ASV_2744,Bacteria,Bacillota,Bacilli,Acholeplasmatales,Acholeplasmataceae,Acholeplasma,NA
ASV_2745,Bacteria,Bacteroidota,Bacteroidia,Bacteroidales,Bacteroidetes vadinHA17,NA,NA
ASV_2746,Bacteria,Thermodesulfobacteriota,Desulfobulbia,Desulfobulbales,Desulfocapsaceae,Desulfocastanea,NA
ASV_2747,Bacteria,Bacillota,Clostridia,Christensenellales,Christensenellaceae,NA,NA
ASV_2748,Bacteria,Pseudomonadota,Alphaproteobacteria,Rhodobacterales,Paracoccaceae,Fuscovulum,NA
ASV_2749,Bacteria,Bacteroidota,Bacteroidia,Bacteroidales,Paludibacteraceae,Paludibacter,NA
ASV_2750,Bacteria,Actinomycetota,Acidimicrobiia,Microtrichales,Ilumatobacteraceae,CL500-29 marine group,NA
ASV_2751,Bacteria,Gemmatimonadota,Gemmatimonadia,Gemmatimonadales,Gemmatimonadaceae,Gemmatimonas,NA
ASV_2752,Bacteria,Pseudomonadota,Gammaproteobacteria,Methylococcales,Methylomonadaceae,Methylomonas,NA
ASV_2753,Bacteria,Pseudomonadota,Alphaproteobacteria,Acetobacterales,Acetobacteraceae,Rhodovastum,NA
ASV_2754,Bacteria,Actinomycetota,Actinobacteria,PeM15,NA,NA,NA
ASV_2755,Bacteria,Bacteroidota,Bacteroidia,Bacteroidales,Rikenellaceae,NA,NA
ASV_2756,Bacteria,Pseudomonadota,Alphaproteobacteria,Rhodobacterales,Paracoccaceae,Rhodobacter,NA
ASV_2757,Bacteria,Pseudomonadota,Alphaproteobacteria,Reyranellales,Reyranellaceae,Reyranella,aquatilis
ASV_2758,Bacteria,Verrucomicrobiota,Verrucomicrobiia,Opitutales,Opitutaceae,Oleiharenicola,NA
ASV_2759,Bacteria,Pseudomonadota,Gammaproteobacteria,Burkholderiales,Comamonadaceae,Aquabacterium,NA
ASV_2760,Bacteria,Pseudomonadota,Alphaproteobacteria,Rickettsiales,Rickettsiaceae,Candidatus Megaira,NA
ASV_2761,Bacteria,Pseudomonadota,Gammaproteobacteria,Salinisphaerales,Nevskiaceae,Fontimonas,NA
ASV_2762,Bacteria,Pseudomonadota,Gammaproteobacteria,Burkholderiales,Methylophilaceae,NA,NA
ASV_2763,Bacteria,Verrucomicrobiota,Verrucomicrobiia,Pedosphaerales,Pedosphaeraceae,DEV114,NA
ASV_2764,Bacteria,Bacteroidota,Bacteroidia,Bacteroidales,Paludibacteraceae,Paludibacter,NA
ASV_2765,Bacteria,Pseudomonadota,Gammaproteobacteria,Run-SP154,NA,NA,NA
ASV_2766,Bacteria,Pseudomonadota,Gammaproteobacteria,Run-SP154,NA,NA,NA
ASV_2767,Bacteria,Pseudomonadota,Alphaproteobacteria,Rhodobacterales,Paracoccaceae,Fuscovulum,NA
ASV_2768,Bacteria,Pseudomonadota,Gammaproteobacteria,NA,NA,NA,NA
ASV_2769,Bacteria,Pseudomonadota,Gammaproteobacteria,Lysobacterales,Lysobacteraceae,Thermomonas,NA
ASV_2770,Bacteria,Bacillota,Bacilli,Lactobacillales,Streptococcaceae,Streptococcus,parasanguinis
ASV_2771,Bacteria,Pseudomonadota,Gammaproteobacteria,Burkholderiales,Methylophilaceae,NA,NA
ASV_2772,Bacteria,Pseudomonadota,Alphaproteobacteria,Azospirillales,Azospirillales Incertae Sedis,Stella,NA
ASV_2773,Bacteria,Bacteroidota,Bacteroidia,Chitinophagales,Chitinophagaceae,Rurimicrobium,NA
ASV_2774,Bacteria,Pseudomonadota,Alphaproteobacteria,Azospirillales,Azospirillaceae,Niveispirillum,NA
ASV_2775,Bacteria,Bacillota,Bacilli,Acholeplasmatales,Acholeplasmataceae,Acholeplasma,NA
ASV_2776,Bacteria,Pseudomonadota,Gammaproteobacteria,Burkholderiales,Comamonadaceae,Ideonella,dechloratans
ASV_2777,Bacteria,Pseudomonadota,Gammaproteobacteria,Burkholderiales,Rhodocyclaceae,Thauera,NA
ASV_2778,Bacteria,Bacteroidota,Bacteroidia,Chitinophagales,NA,NA,NA
ASV_2779,Bacteria,Thermodesulfobacteriota,Desulfuromonadia,PB19,NA,NA,NA
ASV_2780,Bacteria,Pseudomonadota,Alphaproteobacteria,Micavibrionales,Micavibrionaceae,NA,NA
ASV_2781,Bacteria,Bacteroidota,Bacteroidia,Bacteroidales,Prevotellaceae,Prevotella,nigrescens
ASV_2782,Bacteria,Pseudomonadota,Gammaproteobacteria,Run-SP154,NA,NA,NA
ASV_2783,Bacteria,Pseudomonadota,Gammaproteobacteria,Burkholderiales,Burkholderiaceae,Lautropia,NA
ASV_2784,Bacteria,Pseudomonadota,Gammaproteobacteria,Burkholderiales,Comamonadaceae,Aquabacterium,NA
ASV_2785,Bacteria,Pseudomonadota,Gammaproteobacteria,Competibacterales,Competibacteraceae,Candidatus Competibacter,NA
ASV_2786,Bacteria,Pseudomonadota,Gammaproteobacteria,Methylococcales,Methylococcaceae,Methyloparacoccus,NA
ASV_2787,Bacteria,Pseudomonadota,Gammaproteobacteria,Burkholderiales,Methylophilaceae,Methylotenera,NA
ASV_2788,Bacteria,Pseudomonadota,Gammaproteobacteria,Run-SP154,NA,NA,NA
ASV_2789,Bacteria,Bacillota,Clostridia,Peptostreptococcales-Tissierellales,Peptostreptococcaceae,Acetoanaerobium,NA
ASV_2790,Bacteria,Pseudomonadota,Gammaproteobacteria,Burkholderiales,Rhodocyclaceae,Thauera,aminoaromatica
ASV_2791,Bacteria,Actinomycetota,Acidimicrobiia,Microtrichales,Ilumatobacteraceae,CL500-29 marine group,NA
ASV_2792,Bacteria,Pseudomonadota,Gammaproteobacteria,Burkholderiales,Comamonadaceae,Aquabacterium,NA
ASV_2793,Bacteria,Planctomycetota,Planctomycetes,Planctomycetales,Rubinisphaeraceae,NA,NA
ASV_2794,Bacteria,Bdellovibrionota,Bacteriovoracia,Bacteriovoracales,Bacteriovoracaceae,Peredibacter,NA
ASV_2795,Bacteria,Pseudomonadota,Gammaproteobacteria,Pseudomonadales,Moraxellaceae,Perlucidibaca,NA
ASV_2796,Bacteria,Pseudomonadota,Gammaproteobacteria,Methylococcales,Methylomonadaceae,Methylomonas,NA
ASV_2797,Bacteria,Pseudomonadota,Gammaproteobacteria,Lysobacterales,Rhodanobacteraceae,Ahniella,NA
ASV_2798,Bacteria,Pseudomonadota,Gammaproteobacteria,Burkholderiales,Comamonadaceae,Hydrogenophaga,soli
ASV_2799,Bacteria,Pseudomonadota,Gammaproteobacteria,Methylococcales,Methylomonadaceae,Methylomicrobium,NA
ASV_2800,Bacteria,Pseudomonadota,Gammaproteobacteria,Pseudomonadales,Pseudohongiellaceae,Pseudohongiella,NA
ASV_2801,Bacteria,Bacteroidota,Bacteroidia,Bacteroidales,Paludibacteraceae,Paludibacter,NA
ASV_2802,Bacteria,Actinomycetota,Acidimicrobiia,Microtrichales,Ilumatobacteraceae,CL500-29 marine group,NA
ASV_2803,Bacteria,Bacteroidota,Bacteroidia,Chitinophagales,Chitinophagaceae,Nemorincola,NA
ASV_2804,Bacteria,Bacillota,Bacilli,Acholeplasmatales,Acholeplasmataceae,Acholeplasma,NA
ASV_2805,Bacteria,Pseudomonadota,Alphaproteobacteria,Caulobacterales,Caulobacteraceae,Phenylobacterium,NA
ASV_2806,Bacteria,Pseudomonadota,Gammaproteobacteria,Burkholderiales,Comamonadaceae,Hydrogenophaga,caeni
ASV_2807,Bacteria,Pseudomonadota,Gammaproteobacteria,Pseudomonadales,Moraxellaceae,NA,NA
ASV_2808,Bacteria,Pseudomonadota,Gammaproteobacteria,Pseudomonadales,Spongiibacteraceae,BD1-7 clade,NA
ASV_2809,Bacteria,Pseudomonadota,Gammaproteobacteria,Methylococcales,Methylomonadaceae,Methylomonas,NA
ASV_2810,Bacteria,Pseudomonadota,Alphaproteobacteria,Sphingomonadales,Sphingomonadaceae,Sphingoaurantiacus,NA
ASV_2811,Bacteria,Pseudomonadota,Alphaproteobacteria,Hyphomicrobiales,Devosiaceae,NA,NA
ASV_2812,Bacteria,Pseudomonadota,Gammaproteobacteria,Methylococcales,Methylomonadaceae,Methylomicrobium,NA
ASV_2813,Bacteria,Pseudomonadota,Gammaproteobacteria,Enterobacterales,Alteromonadaceae,Rheinheimera,NA
ASV_2814,Bacteria,Actinomycetota,Actinobacteria,Micrococcales,Microbacteriaceae,ML602J-51,NA
ASV_2815,Bacteria,Pseudomonadota,Gammaproteobacteria,Burkholderiales,Alcaligenaceae,Saccharedens,NA
ASV_2816,Bacteria,Pseudomonadota,Gammaproteobacteria,Burkholderiales,Sutterellaceae,NA,NA
ASV_2817,Bacteria,Actinomycetota,Actinobacteria,PeM15,NA,NA,NA
ASV_2818,Bacteria,Pseudomonadota,Gammaproteobacteria,Burkholderiales,Nitrosomonadaceae,Nitrosomonas,NA
ASV_2819,Bacteria,Pseudomonadota,Gammaproteobacteria,Burkholderiales,Rhodocyclaceae,C39,NA
ASV_2820,Bacteria,Cyanobacteriota,Vampirivibrionia,Obscuribacterales,Obscuribacteraceae,Candidatus Obscuribacter,NA
ASV_2821,Bacteria,Chlamydiota,Chlamydiia,Chlamydiales,Parachlamydiaceae,Candidatus Protochlamydia,NA
ASV_2822,Bacteria,Pseudomonadota,Alphaproteobacteria,Rhodobacterales,Paracoccaceae,Cypionkella,NA
ASV_2823,Bacteria,Bacteroidota,Bacteroidia,Bacteroidales,Porphyromonadaceae,Porphyromonas,gingivalis
ASV_2824,Bacteria,Bdellovibrionota,Oligoflexia,Oligoflexales,Oligoflexaceae,NA,NA
ASV_2825,Bacteria,Pseudomonadota,Alphaproteobacteria,Rickettsiales,Rickettsiaceae,NA,NA
ASV_2826,Bacteria,Pseudomonadota,Gammaproteobacteria,Enterobacterales,Aeromonadaceae,Aeromonas,NA
ASV_2827,Bacteria,Bacteroidota,Bacteroidia,Bacteroidales,Paludibacteraceae,Paludibacter,NA
ASV_2828,Bacteria,Pseudomonadota,Gammaproteobacteria,Methylococcales,Methylomonadaceae,Methylomicrobium,NA
ASV_2829,Bacteria,Pseudomonadota,Gammaproteobacteria,Enterobacterales,Enterobacteriaceae,NA,NA
ASV_2830,Bacteria,Bacillota,Bacilli,Acholeplasmatales,Acholeplasmataceae,Acholeplasma,NA
ASV_2831,Bacteria,Pseudomonadota,Alphaproteobacteria,Rhodobacterales,Paracoccaceae,NA,NA
ASV_2832,Bacteria,Pseudomonadota,Gammaproteobacteria,Pseudomonadales,Pseudomonadaceae,Pseudomonas,NA
ASV_2833,Bacteria,Cyanobacteriota,Vampirivibrionia,Obscuribacterales,Obscuribacteraceae,Candidatus Obscuribacter,NA
ASV_2834,Bacteria,Pseudomonadota,Alphaproteobacteria,Acetobacterales,Acetobacteraceae,Roseomonas,NA
ASV_2835,Bacteria,Actinomycetota,Actinobacteria,PeM15,NA,NA,NA
ASV_2836,Bacteria,Bacteroidota,Bacteroidia,Flavobacteriales,Flavobacteriaceae,Flavobacterium,NA
ASV_2837,Bacteria,Pseudomonadota,Gammaproteobacteria,Methylococcales,Methylomonadaceae,Methylomonas,NA
ASV_2838,Bacteria,Pseudomonadota,Gammaproteobacteria,Run-SP154,NA,NA,NA
ASV_2839,Bacteria,Pseudomonadota,Gammaproteobacteria,Lysobacterales,Lysobacteraceae,Arenimonas,malthae
ASV_2840,Bacteria,Pseudomonadota,Gammaproteobacteria,Enterobacterales,Aeromonadaceae,Tolumonas,NA
ASV_2841,Bacteria,Pseudomonadota,Gammaproteobacteria,Pseudomonadales,Moraxellaceae,Acinetobacter,parvus
ASV_2842,Bacteria,Actinomycetota,Actinobacteria,PeM15,NA,NA,NA
ASV_2843,Bacteria,Pseudomonadota,Gammaproteobacteria,Methylococcales,Methylococcaceae,Methyloparacoccus,NA
ASV_2844,Bacteria,Actinomycetota,Actinobacteria,PeM15,NA,NA,NA
ASV_2845,Bacteria,Bacillota,Bacilli,Exiguobacterales,Exiguobacteraceae,Exiguobacterium,NA
ASV_2846,Bacteria,Verrucomicrobiota,Verrucomicrobiia,Verrucomicrobiales,Verrucomicrobiaceae,Prosthecobacter,NA
ASV_2847,Bacteria,Pseudomonadota,Gammaproteobacteria,Salinisphaerales,Nevskiaceae,Solimonas,NA
ASV_2848,Bacteria,Pseudomonadota,Alphaproteobacteria,Hyphomicrobiales,Hyphomicrobiales Incertae Sedis,NA,NA
ASV_2849,Bacteria,Pseudomonadota,Gammaproteobacteria,Run-SP154,NA,NA,NA
ASV_2850,Bacteria,Pseudomonadota,Gammaproteobacteria,Lysobacterales,Rhodanobacteraceae,Aquimonas,voraii
ASV_2851,Bacteria,Pseudomonadota,Gammaproteobacteria,Burkholderiales,Hydrogenophilaceae,NA,NA
ASV_2852,Bacteria,Bacteroidota,Bacteroidia,Chitinophagales,Saprospiraceae,NA,NA
ASV_2853,Bacteria,Patescibacteria,ABY1,Candidatus Magasanikbacteria,NA,NA,NA
ASV_2854,Bacteria,Pseudomonadota,Alphaproteobacteria,Acetobacterales,Acetobacteraceae,Roseomonas,NA
ASV_2855,Bacteria,Pseudomonadota,Gammaproteobacteria,Enterobacterales,Enterobacteriaceae,Escherichia-Shigella,NA
ASV_2856,Bacteria,Synergistota,Synergistia,Synergistales,Synergistaceae,NA,NA
ASV_2857,Bacteria,Pseudomonadota,Gammaproteobacteria,Burkholderiales,Rhodocyclaceae,Dechloromonas,NA
ASV_2858,Bacteria,Pseudomonadota,Gammaproteobacteria,Burkholderiales,Burkholderiaceae,Lautropia,NA
ASV_2859,Bacteria,Pseudomonadota,Gammaproteobacteria,Burkholderiales,Methylophilaceae,Methylophilus,rhizosphaerae
ASV_2860,Bacteria,Actinomycetota,Actinobacteria,Micrococcales,Microbacteriaceae,NA,NA
ASV_2861,Bacteria,Pseudomonadota,Alphaproteobacteria,Azospirillales,Azospirillaceae,Azospirillum,fermentarium
ASV_2862,Bacteria,Actinomycetota,Actinobacteria,Micrococcales,Microbacteriaceae,Leifsonia,NA
ASV_2863,Bacteria,Pseudomonadota,Alphaproteobacteria,Rickettsiales,Midichloriaceae,Candidatus Jidaibacter,NA
ASV_2864,Bacteria,Bacteroidota,Bacteroidia,Sphingobacteriales,Lentimicrobiaceae,Lentimicrobium,NA
ASV_2865,Bacteria,Pseudomonadota,Gammaproteobacteria,Burkholderiales,Alcaligenaceae,Alcaligenes,NA
ASV_2866,Bacteria,Pseudomonadota,Alphaproteobacteria,Hyphomicrobiales,Hyphomicrobiales Incertae Sedis,Alsobacter,NA
ASV_2867,Bacteria,Bdellovibrionota,Oligoflexia,0319-6G20,NA,NA,NA
ASV_2868,Bacteria,Bacteroidota,Bacteroidia,Sphingobacteriales,AKYH767,NA,NA
ASV_2869,Bacteria,Planctomycetota,OM190,NA,NA,NA,NA
ASV_2870,Bacteria,Pseudomonadota,Gammaproteobacteria,Salinisphaerales,Nevskiaceae,Solimonas,NA
ASV_2871,Bacteria,Pseudomonadota,Gammaproteobacteria,Enterobacterales,Alteromonadaceae,Rheinheimera,NA
ASV_2872,Bacteria,Actinomycetota,Actinobacteria,Frankiales,Sporichthyaceae,hgcI clade,NA
ASV_2873,Bacteria,Pseudomonadota,Alphaproteobacteria,Azospirillales,Azospirillaceae,Niveispirillum,NA
ASV_2874,Bacteria,Pseudomonadota,Gammaproteobacteria,Methylococcales,Methylomonadaceae,Methylomonas,NA
ASV_2875,Bacteria,Bacillota,Bacilli,Acholeplasmatales,Acholeplasmataceae,Acholeplasma,NA
ASV_2876,Bacteria,Pseudomonadota,Gammaproteobacteria,Pseudomonadales,Moraxellaceae,Cavicella,NA
ASV_2877,Bacteria,Pseudomonadota,Alphaproteobacteria,Micropepsales,Micropepsaceae,NA,NA
ASV_2878,Bacteria,Gemmatimonadota,Gemmatimonadia,Gemmatimonadales,Gemmatimonadaceae,Gemmatimonas,NA
ASV_2879,Bacteria,Actinomycetota,Actinobacteria,Frankiales,Sporichthyaceae,NA,NA
ASV_2880,Bacteria,Pseudomonadota,Alphaproteobacteria,Acetobacterales,Acetobacteraceae,NA,NA
ASV_2881,Bacteria,Actinomycetota,Actinobacteria,Actinomycetales,Actinomycetaceae,Schaalia,NA
ASV_2882,Bacteria,Pseudomonadota,Gammaproteobacteria,Burkholderiales,Procabacteriaceae,Procabacter,NA
ASV_2883,Bacteria,Pseudomonadota,Gammaproteobacteria,Methylococcales,Methylomonadaceae,Methylomonas,NA
ASV_2884,Bacteria,Pseudomonadota,Gammaproteobacteria,Burkholderiales,Comamonadaceae,NA,NA
ASV_2885,Bacteria,Pseudomonadota,Gammaproteobacteria,Burkholderiales,Rhodocyclaceae,Dechlorobacter,NA
ASV_2886,Bacteria,Pseudomonadota,Alphaproteobacteria,Sphingomonadales,Sphingomonadaceae,Rhizorhabdus,NA
ASV_2887,Bacteria,Pseudomonadota,Gammaproteobacteria,Burkholderiales,Comamonadaceae,Macromonas,NA
ASV_2888,Bacteria,Pseudomonadota,Gammaproteobacteria,Burkholderiales,Alcaligenaceae,NA,NA
ASV_2889,Bacteria,Planctomycetota,Planctomycetes,Planctomycetales,Rubinisphaeraceae,NA,NA
ASV_2890,Bacteria,Pseudomonadota,Gammaproteobacteria,Ga0077536,NA,NA,NA
ASV_2891,Bacteria,Actinomycetota,Actinobacteria,PeM15,NA,NA,NA
ASV_2892,Bacteria,Pseudomonadota,Gammaproteobacteria,Burkholderiales,Rhodocyclaceae,Dechloromonas,agitata
ASV_2893,Bacteria,Actinomycetota,Actinobacteria,Micrococcales,Microbacteriaceae,Aurantimicrobium,minutum
ASV_2894,Bacteria,Pseudomonadota,Alphaproteobacteria,Tistrellales,Tistrellaceae,Tistrella,mobilis
ASV_2895,Bacteria,Thermodesulfobacteriota,Desulfovibrionia,Desulfovibrionales,Desulfomicrobiaceae,Desulfomicrobium,NA
ASV_2896,Bacteria,Bacillota,Clostridia,Oscillospirales,[Eubacterium] coprostanoligenes group,NA,NA
ASV_2897,Bacteria,Bacteroidota,Bacteroidia,Bacteroidales,Paludibacteraceae,Paludibacter,NA
ASV_2898,Bacteria,Pseudomonadota,Alphaproteobacteria,Acetobacterales,Acetobacteraceae,Roseomonas,NA
ASV_2899,Bacteria,Pseudomonadota,Alphaproteobacteria,Hyphomicrobiales,Devosiaceae,Devosia,NA
ASV_2900,Bacteria,Actinomycetota,Actinobacteria,PeM15,NA,NA,NA
ASV_2901,Bacteria,Pseudomonadota,Alphaproteobacteria,Caulobacterales,Caulobacteraceae,Phenylobacterium,conjunctum
ASV_2902,Bacteria,Thermodesulfobacteriota,Desulfuromonadia,PB19,NA,NA,NA
ASV_2903,Bacteria,Bacteroidota,Bacteroidia,Flavobacteriales,Flavobacteriaceae,Capnocytophaga,NA
ASV_2904,Bacteria,Pseudomonadota,Gammaproteobacteria,Burkholderiales,Rhodocyclaceae,Thauera,aminoaromatica
ASV_2905,Bacteria,Pseudomonadota,Gammaproteobacteria,Salinisphaerales,Nevskiaceae,Hydrocarboniphaga,NA
ASV_2906,Bacteria,Pseudomonadota,Alphaproteobacteria,Caulobacterales,Caulobacteraceae,Phenylobacterium,NA
ASV_2907,Bacteria,Actinomycetota,Actinobacteria,Micrococcales,Microbacteriaceae,Leifsonia,NA
ASV_2908,Bacteria,Actinomycetota,Actinobacteria,PeM15,NA,NA,NA
ASV_2909,Bacteria,Pseudomonadota,Gammaproteobacteria,Burkholderiales,Rhodocyclaceae,Dechlorobacter,NA
ASV_2910,Bacteria,Pseudomonadota,Gammaproteobacteria,Salinisphaerales,Nevskiaceae,Fontimonas,NA
ASV_2911,Bacteria,Pseudomonadota,Alphaproteobacteria,Sphingomonadales,Sphingomonadaceae,Rhizorhapis,NA
ASV_2912,Bacteria,Pseudomonadota,Alphaproteobacteria,Sphingomonadales,Sphingomonadaceae,NA,NA
ASV_2913,Bacteria,Pseudomonadota,Gammaproteobacteria,Enterobacterales,Alteromonadaceae,Rheinheimera,NA
ASV_2914,Bacteria,Acidobacteriota,Blastocatellia,Blastocatellales,Blastocatellaceae,NA,NA
ASV_2915,Bacteria,Actinomycetota,Actinobacteria,Propionibacteriales,Nocardioidaceae,Aeromicrobium,NA
ASV_2916,Bacteria,Candidatus Kapabacteria,Kapabacteria,Kapabacteriales,NA,NA,NA
ASV_2917,Bacteria,Pseudomonadota,Gammaproteobacteria,Salinisphaerales,Nevskiaceae,Solimonas,NA
ASV_2918,Bacteria,Pseudomonadota,Gammaproteobacteria,Burkholderiales,Sutterellaceae,NA,NA
ASV_2919,Bacteria,Pseudomonadota,Gammaproteobacteria,Burkholderiales,Rhodocyclaceae,C39,NA
ASV_2920,Bacteria,Bacteroidota,Bacteroidia,Sphingobacteriales,env.OPS 17,NA,NA
ASV_2921,Bacteria,Actinomycetota,Actinobacteria,PeM15,NA,NA,NA
ASV_2922,Bacteria,Bacteroidota,Bacteroidia,Flavobacteriales,Weeksellaceae,Cloacibacterium,normanense
ASV_2923,Bacteria,Pseudomonadota,Gammaproteobacteria,Enterobacterales,Enterobacteriaceae,NA,NA
ASV_2924,Bacteria,Bacteroidota,Bacteroidia,Sphingobacteriales,Lentimicrobiaceae,Lentimicrobium,NA
ASV_2925,Bacteria,Pseudomonadota,Alphaproteobacteria,Rhodobacterales,Paracoccaceae,Fuscovulum,NA
ASV_2926,Bacteria,Pseudomonadota,Gammaproteobacteria,Burkholderiales,Rhodocyclaceae,Dechloromonas,agitata
ASV_2927,Bacteria,Thermodesulfobacteriota,Desulfuromonadia,PB19,NA,NA,NA
ASV_2928,Bacteria,Pseudomonadota,Gammaproteobacteria,Enterobacterales,Alteromonadaceae,Rheinheimera,NA
ASV_2929,Bacteria,Pseudomonadota,Gammaproteobacteria,Salinisphaerales,Nevskiaceae,Solimonas,NA
ASV_2930,Bacteria,Pseudomonadota,Gammaproteobacteria,Burkholderiales,Comamonadaceae,Rubrivivax,NA
ASV_2931,Bacteria,Pseudomonadota,Alphaproteobacteria,Rickettsiales,NA,NA,NA
ASV_2932,Bacteria,Pseudomonadota,Gammaproteobacteria,Enterobacterales,Enterobacteriaceae,Escherichia-Shigella,NA
ASV_2933,Bacteria,Pseudomonadota,Gammaproteobacteria,Burkholderiales,Comamonadaceae,NA,NA
ASV_2934,Bacteria,Pseudomonadota,Gammaproteobacteria,Pseudomonadales,NA,NA,NA
ASV_2935,Bacteria,Bacteroidota,Bacteroidia,Sphingobacteriales,Lentimicrobiaceae,Lentimicrobium,NA
ASV_2936,Bacteria,Thermodesulfobacteriota,Desulfobacteria,Desulfobacterales,Desulfobacteraceae,Desulfobacter,NA
ASV_2937,Bacteria,Pseudomonadota,Alphaproteobacteria,Rhodobacterales,Paracoccaceae,NA,NA
ASV_2938,Bacteria,Pseudomonadota,Gammaproteobacteria,Burkholderiales,Comamonadaceae,Ottowia,NA
ASV_2939,Bacteria,Thermodesulfobacteriota,Desulfuromonadia,PB19,NA,NA,NA
ASV_2940,Bacteria,Patescibacteria,Saccharimonadia,Saccharimonadales,NA,NA,NA
ASV_2941,Bacteria,Pseudomonadota,Gammaproteobacteria,Pseudomonadales,Pseudomonadaceae,Pseudomonas,NA
ASV_2942,Bacteria,Pseudomonadota,Alphaproteobacteria,Rhodobacterales,Paracoccaceae,Gemmobacter,NA
ASV_2943,Bacteria,Bacteroidota,Bacteroidia,Sphingobacteriales,NS11-12 marine group,NA,NA
ASV_2944,Bacteria,Pseudomonadota,Gammaproteobacteria,Chromatiales,Chromatiaceae,Allochromatium,NA
ASV_2945,Bacteria,Actinomycetota,Actinobacteria,PeM15,NA,NA,NA
ASV_2946,Bacteria,Pseudomonadota,Gammaproteobacteria,Pseudomonadales,Moraxellaceae,Cavicella,NA
ASV_2947,Bacteria,Pseudomonadota,Gammaproteobacteria,Burkholderiales,Burkholderiaceae,Limnobacter,thiooxidans
ASV_2948,Bacteria,Pseudomonadota,Alphaproteobacteria,Sphingomonadales,Sphingomonadaceae,Rhizorhabdus,NA
ASV_2949,Bacteria,Pseudomonadota,Alphaproteobacteria,Caulobacterales,Hyphomonadaceae,Hyphomonas,NA
ASV_2950,Bacteria,Pseudomonadota,Alphaproteobacteria,Caulobacterales,Caulobacteraceae,Caulobacter,daechungensis
ASV_2951,Bacteria,Dependentiae,Babeliae,Babeliales,NA,NA,NA
ASV_2952,Bacteria,Myxococcota,Polyangiia,Polyangiales,Phaselicystaceae,Phaselicystis,NA
ASV_2953,Bacteria,Pseudomonadota,Gammaproteobacteria,Burkholderiales,Comamonadaceae,Inhella,NA
ASV_2954,Bacteria,Pseudomonadota,Alphaproteobacteria,Sphingomonadales,Sphingomonadaceae,Rhizorhabdus,NA
ASV_2955,Bacteria,Bacillota,Bacilli,Erysipelotrichales,Erysipelotrichaceae,Erysipelothrix,NA
ASV_2956,Bacteria,Bacteroidota,Bacteroidia,Bacteroidales,Rikenellaceae,Bact-08,NA
ASV_2957,Bacteria,Pseudomonadota,Gammaproteobacteria,Pseudomonadales,Pseudomonadaceae,Pseudomonas,NA
ASV_2958,Bacteria,Pseudomonadota,Gammaproteobacteria,Burkholderiales,Alcaligenaceae,NA,NA
ASV_2959,Bacteria,Pseudomonadota,Alphaproteobacteria,Sphingomonadales,Sphingomonadaceae,Blastomonas,NA
ASV_2960,Bacteria,Patescibacteria,Gracilibacteria,JGI 0000069-P22,NA,NA,NA
ASV_2961,Bacteria,Actinomycetota,Actinobacteria,Micrococcales,Microbacteriaceae,Aurantimicrobium,NA
ASV_2962,Bacteria,Pseudomonadota,Gammaproteobacteria,Burkholderiales,Nitrosomonadaceae,Nitrosomonas,NA
ASV_2963,Bacteria,Bacillota,Bacilli,Erysipelotrichales,Erysipelatoclostridiaceae,Thomasclavelia,NA
ASV_2964,Bacteria,Pseudomonadota,Gammaproteobacteria,Salinisphaerales,Nevskiaceae,Fontimonas,NA
ASV_2965,Bacteria,Pseudomonadota,Gammaproteobacteria,Enterobacterales,Enterobacteriaceae,Enterobacter,NA
ASV_2966,Bacteria,Pseudomonadota,Gammaproteobacteria,Burkholderiales,Neisseriaceae,NA,NA
ASV_2967,Bacteria,Bacteroidota,Bacteroidia,Bacteroidetes VC2.1 Bac22,NA,NA,NA
ASV_2968,Bacteria,Pseudomonadota,Gammaproteobacteria,Burkholderiales,Rhodocyclaceae,Thauera,NA
ASV_2969,Bacteria,Pseudomonadota,Alphaproteobacteria,Rhodobacterales,Paracoccaceae,Fuscovulum,NA
ASV_2970,Bacteria,Patescibacteria,Dojkabacteria,NA,NA,NA,NA
ASV_2971,Bacteria,Pseudomonadota,Gammaproteobacteria,Ga0077536,NA,NA,NA
ASV_2972,Bacteria,Pseudomonadota,Gammaproteobacteria,Burkholderiales,Oxalobacteraceae,Lacisediminimonas,NA
ASV_2973,Bacteria,Pseudomonadota,Gammaproteobacteria,Burkholderiales,Burkholderiaceae,Limnobacter,NA
ASV_2974,Bacteria,Verrucomicrobiota,Verrucomicrobiia,Opitutales,Opitutaceae,Oleiharenicola,NA
ASV_2975,Bacteria,Pseudomonadota,Gammaproteobacteria,Burkholderiales,Rhodocyclaceae,Dechloromonas,agitata
ASV_2976,Bacteria,Pseudomonadota,Gammaproteobacteria,Chromatiales,Chromatiaceae,Allochromatium,NA
ASV_2977,Bacteria,Actinomycetota,Actinobacteria,Frankiales,Sporichthyaceae,hgcI clade,NA
ASV_2978,Bacteria,Pseudomonadota,Gammaproteobacteria,Burkholderiales,Alcaligenaceae,Castellaniella,NA
ASV_2979,Bacteria,Actinomycetota,Actinobacteria,Micrococcales,Microbacteriaceae,NA,NA
ASV_2980,Bacteria,Pseudomonadota,Gammaproteobacteria,Pseudomonadales,Moraxellaceae,Acinetobacter,NA
ASV_2981,Bacteria,Bacteroidota,Bacteroidia,Flavobacteriales,Crocinitomicaceae,Fluviicola,NA
ASV_2982,Bacteria,Pseudomonadota,Gammaproteobacteria,Chromatiales,Chromatiaceae,Allochromatium,NA
ASV_2983,Bacteria,Bacteroidota,Bacteroidia,Cytophagales,Spirosomataceae,Sandaracinomonas,NA
ASV_2984,Bacteria,Thermodesulfobacteriota,Desulfuromonadia,Bradymonadales,NA,NA,NA
ASV_2985,Bacteria,Armatimonadota,Fimbriimonadia,Fimbriimonadales,Fimbriimonadaceae,NA,NA
ASV_2986,Bacteria,Pseudomonadota,Alphaproteobacteria,Hyphomicrobiales,Devosiaceae,Devosia,NA
ASV_2987,Bacteria,Pseudomonadota,Gammaproteobacteria,Enterobacterales,Aeromonadaceae,Tolumonas,NA
ASV_2988,Bacteria,Actinomycetota,Acidimicrobiia,Microtrichales,NA,NA,NA
ASV_2989,Bacteria,Bacteroidota,Bacteroidia,Chitinophagales,Saprospiraceae,Haliscomenobacter,NA
ASV_2990,Bacteria,Bacillota,Bacilli,Izemoplasmatales,Izemoplasmataceae,NA,NA
ASV_2991,Bacteria,Thermodesulfobacteriota,Desulfobulbia,Desulfobulbales,Desulfobulbaceae,Desulfobulbus,NA
ASV_2992,Bacteria,Bacillota,Clostridia,Peptostreptococcales-Tissierellales,Anaerovoracaceae,NA,NA
ASV_2993,Bacteria,Bacteroidota,Bacteroidia,Cytophagales,Spirosomataceae,Fluviimonas,pallidilutea
ASV_2994,Bacteria,Patescibacteria,Saccharimonadia,Saccharimonadales,NA,NA,NA
ASV_2995,Bacteria,Pseudomonadota,Gammaproteobacteria,Burkholderiales,Comamonadaceae,Hydrogenophaga,NA
ASV_2996,Bacteria,Pseudomonadota,Alphaproteobacteria,Rhodobacterales,Paracoccaceae,Fuscovulum,NA
ASV_2997,Bacteria,Pseudomonadota,Gammaproteobacteria,Burkholderiales,Burkholderiaceae,Pandoraea,sputorum
ASV_2998,Bacteria,Pseudomonadota,Alphaproteobacteria,Caulobacterales,Caulobacteraceae,Phenylobacterium,NA
ASV_2999,Bacteria,Bacteroidota,Bacteroidia,Chitinophagales,NA,NA,NA
ASV_3000,Bacteria,Pseudomonadota,Gammaproteobacteria,Methylococcales,Methylomonadaceae,Methylomonas,NA
ASV_3001,Bacteria,Pseudomonadota,Gammaproteobacteria,Burkholderiales,MWH-UniP1 aquatic group,NA,NA
ASV_3002,Bacteria,Pseudomonadota,Gammaproteobacteria,Burkholderiales,Hydrogenophilaceae,NA,NA
ASV_3003,Bacteria,Cyanobacteriota,Sericytochromatia,NA,NA,NA,NA
ASV_3004,Bacteria,Pseudomonadota,Gammaproteobacteria,Lysobacterales,Lysobacteraceae,Stenotrophomonas,maltophilia
ASV_3005,Bacteria,Actinomycetota,Actinobacteria,Frankiales,Sporichthyaceae,hgcI clade,NA
ASV_3006,Bacteria,Actinomycetota,Actinobacteria,PeM15,NA,NA,NA
ASV_3007,Bacteria,Pseudomonadota,Alphaproteobacteria,Sphingomonadales,Sphingomonadaceae,Novosphingobium,NA
ASV_3008,Bacteria,Bacillota,Clostridia,Christensenellales,Christensenellaceae,NA,NA
ASV_3009,Bacteria,Bacteroidota,Bacteroidia,Sphingobacteriales,env.OPS 17,NA,NA
ASV_3010,Bacteria,Thermodesulfobacteriota,Desulfuromonadia,PB19,NA,NA,NA
ASV_3011,Bacteria,Pseudomonadota,Gammaproteobacteria,Burkholderiales,Rhodocyclaceae,Thauera,NA
ASV_3012,Bacteria,Pseudomonadota,Gammaproteobacteria,Competibacterales,Competibacteraceae,Candidatus Competibacter,NA
ASV_3013,Bacteria,Bacteroidota,Bacteroidia,Chitinophagales,NA,NA,NA
ASV_3014,Bacteria,Planctomycetota,Planctomycetes,Planctomycetales,Schlesneriaceae,Planctopirus,NA
ASV_3015,Bacteria,Bacteroidota,Bacteroidia,Sphingobacteriales,Lentimicrobiaceae,Lentimicrobium,NA
ASV_3016,Bacteria,Pseudomonadota,Gammaproteobacteria,Burkholderiales,Rhodocyclaceae,Dechloromonas,agitata
ASV_3017,Bacteria,Pseudomonadota,Alphaproteobacteria,Sphingomonadales,Sphingomonadaceae,Novosphingobium,NA
ASV_3018,Bacteria,Pseudomonadota,Gammaproteobacteria,Halothiobacillales,Halothiobacillaceae,Thiovirga,sulfuroxydans
ASV_3019,Bacteria,Patescibacteria,Parcubacteria,Candidatus Nomurabacteria,NA,NA,NA
ASV_3020,Bacteria,Pseudomonadota,Gammaproteobacteria,Burkholderiales,Alcaligenaceae,NA,NA
ASV_3021,Bacteria,Pseudomonadota,Gammaproteobacteria,Burkholderiales,Comamonadaceae,NA,NA
ASV_3022,Bacteria,Pseudomonadota,Gammaproteobacteria,Burkholderiales,Comamonadaceae,Hydrogenophaga,NA
ASV_3023,Bacteria,Bacteroidota,Bacteroidia,Chitinophagales,37-13,NA,NA
ASV_3024,Bacteria,Pseudomonadota,Gammaproteobacteria,Burkholderiales,Comamonadaceae,Hydrogenophaga,NA
ASV_3025,Bacteria,Actinomycetota,Actinobacteria,PeM15,NA,NA,NA
ASV_3026,Bacteria,Pseudomonadota,Alphaproteobacteria,Azospirillales,Azospirillales Incertae Sedis,Stella,NA
ASV_3027,Bacteria,Pseudomonadota,Alphaproteobacteria,Caulobacterales,Caulobacteraceae,Phenylobacterium,conjunctum
ASV_3028,Bacteria,Pseudomonadota,Gammaproteobacteria,Burkholderiales,Rhodocyclaceae,Thauera,NA
ASV_3029,Bacteria,Pseudomonadota,Gammaproteobacteria,Pseudomonadales,Alcanivoracaceae,Ketobacter,NA
ASV_3030,Bacteria,Bacteroidota,Bacteroidia,Bacteroidales,Paludibacteraceae,Paludibacter,NA
ASV_3031,Bacteria,Thermodesulfobacteriota,Desulfuromonadia,Bradymonadales,NA,NA,NA
ASV_3032,Bacteria,Pseudomonadota,Alphaproteobacteria,Caulobacterales,Caulobacteraceae,NA,NA
ASV_3033,Bacteria,Pseudomonadota,Gammaproteobacteria,Burkholderiales,Oxalobacteraceae,Lacisediminimonas,NA
ASV_3034,Bacteria,Dependentiae,Babeliae,Babeliales,NA,NA,NA
ASV_3035,Bacteria,Bacillota,Clostridia,Clostridia UCG-014,NA,NA,NA
ASV_3036,Bacteria,Pseudomonadota,Gammaproteobacteria,Burkholderiales,MWH-UniP1 aquatic group,NA,NA
ASV_3037,Bacteria,Pseudomonadota,Gammaproteobacteria,Burkholderiales,Burkholderiaceae,Limnobacter,NA
ASV_3038,Bacteria,Planctomycetota,Planctomycetes,Planctomycetales,Schlesneriaceae,Planctopirus,NA
ASV_3039,Bacteria,Pseudomonadota,Gammaproteobacteria,Enterobacterales,Enterobacteriaceae,Enterobacter,NA
ASV_3040,Bacteria,Bacteroidota,Bacteroidia,Bacteroidales,Rikenellaceae,DMER64,NA
ASV_3041,Bacteria,Pseudomonadota,Alphaproteobacteria,Rhodobacterales,Paracoccaceae,NA,NA
ASV_3042,Bacteria,Pseudomonadota,Alphaproteobacteria,Rhodospirillales,Rhodospirillaceae,NA,NA
ASV_3043,Bacteria,Pseudomonadota,Alphaproteobacteria,Paracaedibacterales,Paracaedibacteraceae,NA,NA
ASV_3044,Bacteria,Patescibacteria,Dojkabacteria,NA,NA,NA,NA
ASV_3045,Bacteria,Pseudomonadota,Gammaproteobacteria,Chromatiales,Chromatiaceae,Allochromatium,NA
ASV_3046,Bacteria,Pseudomonadota,Gammaproteobacteria,Salinisphaerales,Nevskiaceae,Solimonas,NA
ASV_3047,Bacteria,Pseudomonadota,Gammaproteobacteria,Burkholderiales,Methylophilaceae,UBA6140,NA
ASV_3048,Bacteria,Pseudomonadota,Gammaproteobacteria,Burkholderiales,Alcaligenaceae,Saccharedens,NA
ASV_3049,Bacteria,Actinomycetota,Actinobacteria,Micrococcales,Microbacteriaceae,ML602J-51,NA
ASV_3050,Bacteria,Bacteroidota,Bacteroidia,Flavobacteriales,Crocinitomicaceae,Fluviicola,NA
ASV_3051,Bacteria,Bacteroidota,Bacteroidia,Flavobacteriales,Cryomorphaceae,NA,NA
ASV_3052,Bacteria,Pseudomonadota,Alphaproteobacteria,Rhodobacterales,Paracoccaceae,NA,NA
ASV_3053,Bacteria,Pseudomonadota,Gammaproteobacteria,Lysobacterales,Rhodanobacteraceae,Aquimonas,NA
ASV_3054,Bacteria,Pseudomonadota,Gammaproteobacteria,Burkholderiales,Comamonadaceae,Acidovorax,NA
ASV_3055,Bacteria,Bacteroidota,Bacteroidia,Flavobacteriales,Flavobacteriaceae,Flavobacterium,NA
ASV_3056,Bacteria,Pseudomonadota,Alphaproteobacteria,Tistrellales,Tistrellaceae,Tistrella,mobilis
ASV_3057,Bacteria,Pseudomonadota,Alphaproteobacteria,Caulobacterales,Hyphomonadaceae,Hyphomonas,NA
ASV_3058,Bacteria,Campylobacterota,Campylobacteria,Campylobacterales,Arcobacteraceae,Arcobacter,NA
ASV_3059,Bacteria,Bacillota,Bacilli,Lactobacillales,Streptococcaceae,Streptococcus,parasuis
ASV_3060,Bacteria,Actinomycetota,Actinobacteria,Frankiales,Sporichthyaceae,hgcI clade,NA
ASV_3061,Bacteria,Dependentiae,Babeliae,Babeliales,NA,NA,NA
ASV_3062,Bacteria,Actinomycetota,Acidimicrobiia,Microtrichales,Ilumatobacteraceae,CL500-29 marine group,NA
ASV_3063,Bacteria,Bacillota,Clostridia,Lachnospirales,Lachnospiraceae,Agathobacter,NA
ASV_3064,Bacteria,Bacteroidota,Bacteroidia,Bacteroidales,Porphyromonadaceae,Porphyromonas,NA
ASV_3065,Bacteria,Pseudomonadota,Gammaproteobacteria,Lysobacterales,Lysobacteraceae,Stenotrophomonas,NA
ASV_3066,Bacteria,Pseudomonadota,Gammaproteobacteria,Burkholderiales,Rhodocyclaceae,Thauera,aminoaromatica
ASV_3067,Bacteria,Pseudomonadota,Gammaproteobacteria,Burkholderiales,Rhodocyclaceae,Zoogloea,resiniphila
ASV_3068,Bacteria,Bacteroidota,Bacteroidia,Sphingobacteriales,Lentimicrobiaceae,Lentimicrobium,NA
ASV_3069,Bacteria,Verrucomicrobiota,Verrucomicrobiia,Opitutales,Opitutaceae,Cephaloticoccus,NA
ASV_3070,Bacteria,Pseudomonadota,Alphaproteobacteria,Sphingomonadales,Sphingomonadaceae,NA,NA
ASV_3071,Bacteria,Pseudomonadota,Gammaproteobacteria,Burkholderiales,Comamonadaceae,NA,NA
ASV_3072,Bacteria,Bacteroidota,Bacteroidia,Bacteroidales,Prolixibacteraceae,NA,NA
ASV_3073,Bacteria,Pseudomonadota,Gammaproteobacteria,Pseudomonadales,Pseudomonadaceae,Pseudomonas,NA
ASV_3074,Bacteria,Pseudomonadota,Alphaproteobacteria,Rickettsiales,NA,NA,NA
ASV_3075,Bacteria,Bacillota,Bacilli,Acholeplasmatales,Acholeplasmataceae,Acholeplasma,NA
ASV_3076,Bacteria,Pseudomonadota,Gammaproteobacteria,Chromatiales,Chromatiaceae,Thiolamprovum,NA
ASV_3077,Bacteria,Pseudomonadota,Alphaproteobacteria,Rhodobacterales,Paracoccaceae,NA,NA
ASV_3078,Bacteria,Bacteroidota,Bacteroidia,Sphingobacteriales,Sphingobacteriaceae,Solitalea,NA
ASV_3079,Bacteria,Pseudomonadota,Alphaproteobacteria,Reyranellales,Reyranellaceae,Reyranella,NA
ASV_3080,Bacteria,Bacteroidota,Bacteroidia,Cytophagales,Cyclobacteriaceae,Mariniradius,NA
ASV_3081,Bacteria,Pseudomonadota,Gammaproteobacteria,Burkholderiales,Comamonadaceae,Curvibacter,NA
ASV_3082,Bacteria,Pseudomonadota,Gammaproteobacteria,Burkholderiales,Comamonadaceae,Ideonella,dechloratans
ASV_3083,Bacteria,Pseudomonadota,Gammaproteobacteria,Burkholderiales,Comamonadaceae,Hydrogenophaga,NA
ASV_3084,Bacteria,Pseudomonadota,Alphaproteobacteria,Caulobacterales,Caulobacteraceae,Phenylobacterium,NA
ASV_3085,Bacteria,Verrucomicrobiota,Omnitrophia,Omnitrophales,Omnitrophaceae,Candidatus Omnitrophus,NA
ASV_3086,Bacteria,Verrucomicrobiota,Kiritimatiellia,WCHB1-41,NA,NA,NA
ASV_3087,Bacteria,Bacillota,Bacilli,Acholeplasmatales,Acholeplasmataceae,Acholeplasma,NA
ASV_3088,Bacteria,Bacillota,Clostridia,Peptostreptococcales-Tissierellales,Anaerovoracaceae,Anaerovorax,NA
ASV_3089,Bacteria,Actinomycetota,Actinobacteria,Micrococcales,Microbacteriaceae,Aurantimicrobium,NA
ASV_3090,Bacteria,Pseudomonadota,Gammaproteobacteria,Burkholderiales,Rhodocyclaceae,Dechloromonas,agitata
ASV_3091,Bacteria,Bacteroidota,Bacteroidia,Chitinophagales,Chitinophagaceae,Lacibacter,NA
ASV_3092,Bacteria,Bacteroidota,Bacteroidia,Cytophagales,Spirosomataceae,Sandaracinomonas,NA
ASV_3093,Bacteria,Planctomycetota,Planctomycetes,Gemmatales,Gemmataceae,Tuwongella,NA
ASV_3094,Bacteria,Pseudomonadota,Gammaproteobacteria,Run-SP154,NA,NA,NA
ASV_3095,Bacteria,Pseudomonadota,Alphaproteobacteria,Rhodobacterales,Paracoccaceae,Rhodobacter,NA
ASV_3096,Bacteria,Pseudomonadota,Gammaproteobacteria,Lysobacterales,Lysobacteraceae,Pseudoxanthomonas,NA
ASV_3097,Bacteria,Pseudomonadota,Alphaproteobacteria,Tistrellales,Tistrellaceae,Tistrella,mobilis
ASV_3098,Bacteria,Pseudomonadota,Alphaproteobacteria,Rhodospirillales,NA,NA,NA
ASV_3099,Bacteria,Cyanobacteriota,Cyanobacteriia,Cyanobacteriales,Oscillatoriaceae,Planktothricoides SR001,raciborskii
ASV_3100,Bacteria,Bacteroidota,Bacteroidia,Bacteroidales,Rikenellaceae,NA,NA
ASV_3101,Bacteria,Actinomycetota,Actinobacteria,Micrococcales,Microbacteriaceae,Microbacterium,NA
ASV_3102,Bacteria,Pseudomonadota,Gammaproteobacteria,Enterobacterales,Alteromonadaceae,Rheinheimera,NA
ASV_3103,Bacteria,Actinomycetota,Actinobacteria,Frankiales,Sporichthyaceae,hgcI clade,NA
ASV_3104,Bacteria,Bacillota,Clostridia,Oscillospirales,[Eubacterium] coprostanoligenes group,NA,NA
ASV_3105,Bacteria,Pseudomonadota,Alphaproteobacteria,Rhodobacterales,Paracoccaceae,NA,NA
ASV_3106,Bacteria,Pseudomonadota,Gammaproteobacteria,Burkholderiales,Burkholderiaceae,Pandoraea,sputorum
ASV_3107,Bacteria,Bdellovibrionota,Oligoflexia,0319-6G20,NA,NA,NA
ASV_3108,Bacteria,Actinomycetota,Acidimicrobiia,Microtrichales,Ilumatobacteraceae,CL500-29 marine group,NA
ASV_3109,Bacteria,Verrucomicrobiota,Verrucomicrobiia,Pedosphaerales,Pedosphaeraceae,Oikopleura,NA
ASV_3110,Bacteria,Pseudomonadota,Gammaproteobacteria,Burkholderiales,Burkholderiaceae,Lautropia,NA
ASV_3111,Bacteria,Pseudomonadota,Alphaproteobacteria,Hyphomicrobiales,Devosiaceae,NA,NA
ASV_3112,Bacteria,Actinomycetota,Actinobacteria,Micrococcales,Microbacteriaceae,NA,NA
ASV_3113,Bacteria,Planctomycetota,Planctomycetes,Isosphaerales,Isosphaeraceae,NA,NA
ASV_3114,Bacteria,Pseudomonadota,Gammaproteobacteria,Pseudomonadales,Moraxellaceae,Permianibacter,NA
ASV_3115,Bacteria,Patescibacteria,Microgenomatia,Candidatus Collierbacteria,NA,NA,NA
ASV_3116,Bacteria,Pseudomonadota,Gammaproteobacteria,Burkholderiales,Comamonadaceae,Rubrivivax,NA
ASV_3117,Bacteria,Pseudomonadota,Gammaproteobacteria,Methylococcales,Methylomonadaceae,Methylomonas,NA
ASV_3118,Bacteria,Pseudomonadota,Gammaproteobacteria,Burkholderiales,Comamonadaceae,Ottowia,NA
ASV_3119,Bacteria,Actinomycetota,Actinobacteria,PeM15,NA,NA,NA
ASV_3120,Bacteria,Bacteroidota,Bacteroidia,Flavobacteriales,Weeksellaceae,Cloacibacterium,normanense
ASV_3121,Bacteria,Pseudomonadota,Gammaproteobacteria,Lysobacterales,Lysobacteraceae,Stenotrophomonas,maltophilia
ASV_3122,Bacteria,Pseudomonadota,Gammaproteobacteria,Burkholderiales,Alcaligenaceae,NA,NA
ASV_3123,Bacteria,Pseudomonadota,Alphaproteobacteria,Rickettsiales,Midichloriaceae,Candidatus Jidaibacter,NA
ASV_3124,Bacteria,Bacteroidota,Bacteroidia,Bacteroidales,Prolixibacteraceae,NA,NA
ASV_3125,Bacteria,Pseudomonadota,Gammaproteobacteria,Burkholderiales,Rhodocyclaceae,Methyloversatilis,NA
ASV_3126,Bacteria,Pseudomonadota,Alphaproteobacteria,Dongiales,Dongiaceae,Dongia,NA
ASV_3127,Bacteria,Pseudomonadota,Gammaproteobacteria,Salinisphaerales,Nevskiaceae,Polycyclovorans,NA
ASV_3128,Bacteria,Pseudomonadota,Gammaproteobacteria,Lysobacterales,Rhodanobacteraceae,Aquimonas,NA
ASV_3129,Bacteria,Pseudomonadota,Gammaproteobacteria,Burkholderiales,Hydrogenophilaceae,NA,NA
ASV_3130,Bacteria,Bacillota,Clostridia,Oscillospirales,Oscillospiraceae,Ercella,NA
ASV_3131,Bacteria,Pseudomonadota,Gammaproteobacteria,Burkholderiales,Rhodocyclaceae,NA,NA
ASV_3132,Bacteria,Pseudomonadota,Alphaproteobacteria,Sphingomonadales,Sphingomonadaceae,Novosphingobium,NA
ASV_3133,Bacteria,Bacteroidota,Bacteroidia,Cytophagales,Cyclobacteriaceae,Algoriphagus,NA
ASV_3134,Bacteria,Bacteroidota,Bacteroidia,Flavobacteriales,Crocinitomicaceae,Fluviicola,NA
ASV_3135,Bacteria,Verrucomicrobiota,Verrucomicrobiia,Pedosphaerales,Pedosphaeraceae,DEV114,NA
ASV_3136,Bacteria,Bacillota,Clostridia,Peptostreptococcales-Tissierellales,Anaerovoracaceae,NA,NA
ASV_3137,Bacteria,Pseudomonadota,Gammaproteobacteria,Salinisphaerales,Nevskiaceae,Fontimonas,NA
ASV_3138,Bacteria,Pseudomonadota,Gammaproteobacteria,Burkholderiales,Methylophilaceae,NA,NA
ASV_3139,Bacteria,Bacteroidota,Bacteroidia,Bacteroidales,Paludibacteraceae,NA,NA
ASV_3140,Bacteria,Pseudomonadota,Alphaproteobacteria,Hyphomicrobiales,Hyphomicrobiaceae,Pedomicrobium,NA
ASV_3141,Bacteria,Pseudomonadota,Gammaproteobacteria,Lysobacterales,Rhodanobacteraceae,Aquimonas,NA
ASV_3142,Bacteria,Pseudomonadota,Gammaproteobacteria,Enterobacterales,Aeromonadaceae,Tolumonas,NA
ASV_3143,Bacteria,Candidatus Kapabacteria,Kapabacteria,Kapabacteriales,NA,NA,NA
ASV_3144,Bacteria,Campylobacterota,Campylobacteria,Campylobacterales,Arcobacteraceae,Arcobacter,NA
ASV_3145,Bacteria,Pseudomonadota,Alphaproteobacteria,Sphingomonadales,Sphingomonadaceae,Sphingobium,NA
ASV_3146,Bacteria,Bacteroidota,Bacteroidia,Sphingobacteriales,AKYH767,NA,NA
ASV_3147,Bacteria,Bacteroidota,Bacteroidia,Cytophagales,Spirosomataceae,Flectobacillus,roseus
ASV_3148,Bacteria,Actinomycetota,Actinobacteria,PeM15,NA,NA,NA
ASV_3149,Bacteria,Pseudomonadota,Gammaproteobacteria,Burkholderiales,Rhodocyclaceae,Dechloromonas,agitata
ASV_3150,Bacteria,Pseudomonadota,Gammaproteobacteria,Halothiobacillales,Halothiobacillaceae,Thiovirga,sulfuroxydans
ASV_3151,Bacteria,Pseudomonadota,Gammaproteobacteria,Burkholderiales,Rhodocyclaceae,Dechloromonas,agitata
ASV_3152,Bacteria,Pseudomonadota,Gammaproteobacteria,Methylococcales,Methylococcaceae,Methyloparacoccus,NA
ASV_3153,Bacteria,Bacteroidota,Bacteroidia,Chitinophagales,Chitinophagaceae,Flavihumibacter,NA
ASV_3154,Bacteria,Actinomycetota,Actinobacteria,Micrococcales,Microbacteriaceae,Leucobacter,NA
ASV_3155,Bacteria,Pseudomonadota,Gammaproteobacteria,Burkholderiales,Alcaligenaceae,Saccharedens,NA
ASV_3156,Bacteria,Bacillota,Bacilli,Acholeplasmatales,Acholeplasmataceae,EUB33-2,NA
ASV_3157,Bacteria,Chlorobiota,Chlorobia,Chlorobiales,Chlorobiaceae,Chlorobium,NA
ASV_3158,Bacteria,Patescibacteria,Gracilibacteria,Candidatus Peregrinibacteria,NA,NA,NA
ASV_3159,Bacteria,Pseudomonadota,Gammaproteobacteria,Burkholderiales,Burkholderiaceae,Polynucleobacter,NA
ASV_3160,Bacteria,Pseudomonadota,Gammaproteobacteria,Salinisphaerales,Nevskiaceae,NA,NA
ASV_3161,Bacteria,Verrucomicrobiota,Verrucomicrobiia,Verrucomicrobiales,Verrucomicrobiaceae,Prosthecobacter,NA
ASV_3162,Bacteria,Pseudomonadota,Gammaproteobacteria,Chromatiales,Chromatiaceae,Allochromatium,NA
ASV_3163,Bacteria,Actinomycetota,Actinobacteria,Propionibacteriales,Nocardioidaceae,Nocardioides,NA
ASV_3164,Bacteria,Pseudomonadota,Gammaproteobacteria,Pseudomonadales,Moraxellaceae,Acinetobacter,parvus
ASV_3165,Bacteria,Pseudomonadota,Alphaproteobacteria,Parvibaculales,Parvibaculaceae,Parvibaculum,NA
ASV_3166,Bacteria,Bacteroidota,Bacteroidia,Bacteroidales,Paludibacteraceae,Paludibacter,NA
ASV_3167,Bacteria,Pseudomonadota,Alphaproteobacteria,Sphingomonadales,Sphingomonadaceae,Altericroceibacterium,NA
ASV_3168,Bacteria,Pseudomonadota,Alphaproteobacteria,Rickettsiales,Rickettsiaceae,Candidatus Megaira,NA
ASV_3169,Bacteria,Pseudomonadota,Gammaproteobacteria,Burkholderiales,Rhodocyclaceae,Thauera,aminoaromatica
ASV_3170,Bacteria,Hydrogenedentes,Hydrogenedentia,Hydrogenedentiales,Hydrogenedensaceae,NA,NA
ASV_3171,Bacteria,Pseudomonadota,Alphaproteobacteria,Hyphomicrobiales,Rhizobiaceae,Brucella,NA
ASV_3172,Bacteria,Patescibacteria,Parcubacteria,Candidatus Moranbacteria,NA,NA,NA
ASV_3173,Bacteria,Bacteroidota,Bacteroidia,Cytophagales,Cyclobacteriaceae,Algoriphagus,NA
ASV_3174,Bacteria,Pseudomonadota,Gammaproteobacteria,Pseudomonadales,Moraxellaceae,NA,NA
ASV_3175,Bacteria,Verrucomicrobiota,Verrucomicrobiia,Opitutales,Opitutaceae,Opitutus,NA
ASV_3176,Bacteria,Bacillota,Clostridia,Clostridiales,Clostridiaceae,Clostridium,NA
ASV_3177,Bacteria,Pseudomonadota,Gammaproteobacteria,Burkholderiales,Comamonadaceae,NA,NA
ASV_3178,Bacteria,Pseudomonadota,Gammaproteobacteria,Burkholderiales,Comamonadaceae,Rubrivivax,NA
ASV_3179,Bacteria,Actinomycetota,Actinobacteria,Frankiales,Sporichthyaceae,hgcI clade,NA
ASV_3180,Bacteria,Pseudomonadota,Gammaproteobacteria,Burkholderiales,Comamonadaceae,Pseudacidovorax,NA
ASV_3181,Bacteria,Pseudomonadota,Gammaproteobacteria,Burkholderiales,Comamonadaceae,Ottowia,NA
ASV_3182,Bacteria,Actinomycetota,Actinobacteria,Micrococcales,Microbacteriaceae,Leifsonia,NA
ASV_3183,Bacteria,Pseudomonadota,Gammaproteobacteria,Burkholderiales,Rhodocyclaceae,Zoogloea,NA
ASV_3184,Bacteria,Chlorobiota,Chlorobia,Chlorobiales,Chlorobiaceae,Chlorobaculum,NA
ASV_3185,Bacteria,Thermodesulfobacteriota,Desulfobulbia,Desulfobulbales,Desulfobulbaceae,Desulfobulbus,NA
ASV_3186,Bacteria,Pseudomonadota,Gammaproteobacteria,Halothiobacillales,Halothiobacillaceae,Thiovirga,sulfuroxydans
ASV_3187,Bacteria,Pseudomonadota,Gammaproteobacteria,Burkholderiales,Burkholderiaceae,Limnobacter,NA
ASV_3188,Bacteria,Verrucomicrobiota,Verrucomicrobiia,Pedosphaerales,Pedosphaeraceae,DEV114,NA
ASV_3189,Bacteria,Bacteroidota,Bacteroidia,Flavobacteriales,NS9 marine group,NA,NA
ASV_3190,Bacteria,Bacteroidota,Bacteroidia,Chitinophagales,37-13,NA,NA
ASV_3191,Bacteria,Pseudomonadota,Gammaproteobacteria,Burkholderiales,Comamonadaceae,Hydrogenophaga,atypica
ASV_3192,Bacteria,Pseudomonadota,Gammaproteobacteria,Burkholderiales,Alcaligenaceae,NA,NA
ASV_3193,Bacteria,Pseudomonadota,Alphaproteobacteria,Hyphomicrobiales,Beijerinckiaceae,NA,NA
ASV_3194,Bacteria,Bacillota,Negativicutes,Veillonellales-Selenomonadales,Sporomusaceae,Anaerosinus,glycerini
ASV_3195,Bacteria,Pseudomonadota,Gammaproteobacteria,Pseudomonadales,Nitrincolaceae,Marinobacterium,NA
ASV_3196,Bacteria,Bacillota,Bacilli,Lactobacillales,Carnobacteriaceae,Granulicatella,elegans
ASV_3197,Bacteria,Pseudomonadota,Alphaproteobacteria,Hyphomicrobiales,Beijerinckiaceae,NA,NA
ASV_3198,Bacteria,Verrucomicrobiota,Verrucomicrobiia,Pedosphaerales,Pedosphaeraceae,DEV114,NA
ASV_3199,Bacteria,Pseudomonadota,Alphaproteobacteria,Hyphomicrobiales,Rhizobiaceae,Brucella,NA
ASV_3200,Bacteria,Pseudomonadota,Gammaproteobacteria,Enterobacterales,Aeromonadaceae,Pseudaeromonas,sharmana
ASV_3201,Bacteria,Actinomycetota,Actinobacteria,Micrococcales,Microbacteriaceae,Leifsonia,NA
ASV_3202,Bacteria,Pseudomonadota,Alphaproteobacteria,Azospirillales,Azospirillaceae,Azospirillum,fermentarium
ASV_3203,Bacteria,Pseudomonadota,Alphaproteobacteria,Tistrellales,Tistrellaceae,Tistrella,mobilis
ASV_3204,Bacteria,Actinomycetota,Actinobacteria,Micrococcales,Microbacteriaceae,Leifsonia,NA
ASV_3205,Bacteria,Pseudomonadota,Gammaproteobacteria,Enterobacterales,Enterobacteriaceae,Enterobacter,NA
ASV_3206,Bacteria,Bacteroidota,Bacteroidia,Bacteroidales,Prolixibacteraceae,NA,NA
ASV_3207,Bacteria,Pseudomonadota,Alphaproteobacteria,Paracaedibacterales,Paracaedibacteraceae,NA,NA
ASV_3208,Bacteria,Actinomycetota,Actinobacteria,Micrococcales,Microbacteriaceae,ML602J-51,NA
ASV_3209,Bacteria,Actinomycetota,Acidimicrobiia,Microtrichales,Ilumatobacteraceae,CL500-29 marine group,NA
ASV_3210,Bacteria,Bacteroidota,Bacteroidia,Flavobacteriales,Crocinitomicaceae,Fluviicola,NA
ASV_3211,Bacteria,Pseudomonadota,Alphaproteobacteria,Azospirillales,Azospirillaceae,Niveispirillum,NA
ASV_3212,Bacteria,Bacteroidota,Bacteroidia,Cytophagales,Cyclobacteriaceae,Algoriphagus,NA
ASV_3213,Bacteria,Actinomycetota,Actinobacteria,Micrococcales,Microbacteriaceae,ML602J-51,NA
ASV_3214,Bacteria,Pseudomonadota,Gammaproteobacteria,Lysobacterales,Rhodanobacteraceae,Ahniella,NA
ASV_3215,Bacteria,Pseudomonadota,Gammaproteobacteria,Salinisphaerales,Nevskiaceae,Polycyclovorans,NA
ASV_3216,Bacteria,Pseudomonadota,Alphaproteobacteria,Rickettsiales,Mitochondria,NA,NA
ASV_3217,Bacteria,Hydrogenedentes,Hydrogenedentia,Hydrogenedentiales,Hydrogenedensaceae,NA,NA
ASV_3218,Bacteria,Pseudomonadota,Alphaproteobacteria,Caulobacterales,Caulobacteraceae,Phenylobacterium,muchangponense
ASV_3219,Bacteria,Pseudomonadota,Alphaproteobacteria,Sphingomonadales,Sphingomonadaceae,Novosphingobium,NA
ASV_3220,Bacteria,Pseudomonadota,Gammaproteobacteria,Methylococcales,Methylococcaceae,Methyloparacoccus,NA
ASV_3221,Bacteria,Pseudomonadota,Gammaproteobacteria,Burkholderiales,Rhodocyclaceae,Dechlorobacter,NA
ASV_3222,Bacteria,Actinomycetota,Actinobacteria,PeM15,NA,NA,NA
ASV_3223,Bacteria,Pseudomonadota,Gammaproteobacteria,Salinisphaerales,Nevskiaceae,Fontimonas,NA
ASV_3224,Bacteria,Pseudomonadota,Gammaproteobacteria,Run-SP154,NA,NA,NA
ASV_3225,Bacteria,Bacillota,Clostridia,Oscillospirales,Ruminococcaceae,NA,NA
ASV_3226,Bacteria,Pseudomonadota,Alphaproteobacteria,Sphingomonadales,Sphingomonadaceae,Novosphingobium,NA
ASV_3227,Bacteria,Thermodesulfobacteriota,Desulfobulbia,Desulfobulbales,Desulfobulbaceae,Desulfobulbus,NA
ASV_3228,Bacteria,Pseudomonadota,Alphaproteobacteria,Acetobacterales,Acetobacteraceae,NA,NA
ASV_3229,Bacteria,Verrucomicrobiota,Verrucomicrobiia,Pedosphaerales,Pedosphaeraceae,Oikopleura,NA
ASV_3230,Bacteria,Candidatus Kapabacteria,Kapabacteria,Kapabacteriales,NA,NA,NA
ASV_3231,Bacteria,Pseudomonadota,Gammaproteobacteria,Enterobacterales,Enterobacteriaceae,Klebsiella,NA
ASV_3232,Bacteria,Pseudomonadota,Alphaproteobacteria,Hyphomicrobiales,Hyphomicrobiaceae,Pedomicrobium,NA
ASV_3233,Bacteria,Bacteroidota,Bacteroidia,Chitinophagales,Chitinophagaceae,NA,NA
ASV_3234,Bacteria,Bacteroidota,Bacteroidia,Flavobacteriales,NS9 marine group,NA,NA
ASV_3235,Bacteria,Pseudomonadota,Gammaproteobacteria,Burkholderiales,Comamonadaceae,Ottowia,NA
ASV_3236,Bacteria,Pseudomonadota,Gammaproteobacteria,Burkholderiales,MWH-UniP1 aquatic group,NA,NA
ASV_3237,Bacteria,Actinomycetota,Actinobacteria,Frankiales,Sporichthyaceae,hgcI clade,NA
ASV_3238,Bacteria,Pseudomonadota,Gammaproteobacteria,Enterobacterales,Aeromonadaceae,Aeromonas,NA
ASV_3239,Bacteria,Pseudomonadota,Gammaproteobacteria,Burkholderiales,Comamonadaceae,Piscinibacter,NA
ASV_3240,Bacteria,Cyanobacteriota,Cyanobacteriia,Cyanobacteriales,Oscillatoriaceae,Planktothricoides SR001,NA
ASV_3241,Bacteria,Pseudomonadota,Gammaproteobacteria,Legionellales,Legionellaceae,Legionella,NA
ASV_3242,Bacteria,Pseudomonadota,Gammaproteobacteria,Burkholderiales,Oxalobacteraceae,Lacisediminimonas,NA
ASV_3243,Bacteria,Pseudomonadota,Gammaproteobacteria,Pseudomonadales,NA,NA,NA
ASV_3244,Bacteria,Pseudomonadota,Gammaproteobacteria,Chromatiales,Chromatiaceae,Allochromatium,NA
ASV_3245,Bacteria,Pseudomonadota,Gammaproteobacteria,Burkholderiales,TRA3-20,NA,NA
ASV_3246,Bacteria,Pseudomonadota,Alphaproteobacteria,Rhodobacterales,Paracoccaceae,Fuscovulum,NA
ASV_3247,Bacteria,Pseudomonadota,Gammaproteobacteria,Burkholderiales,Methylophilaceae,Methylotenera,NA
ASV_3248,Bacteria,Pseudomonadota,Gammaproteobacteria,Burkholderiales,Comamonadaceae,NA,NA
ASV_3249,Bacteria,Pseudomonadota,Gammaproteobacteria,Burkholderiales,Comamonadaceae,Hydrogenophaga,NA
ASV_3250,Bacteria,Bacteroidota,Bacteroidia,Sphingobacteriales,NS11-12 marine group,NA,NA
ASV_3251,Bacteria,Thermodesulfobacteriota,Desulfuromonadia,Geobacterales,Geobacteraceae,Trichlorobacter,NA
ASV_3252,Bacteria,Bacillota,Clostridia,Clostridia vadinBB60 group,NA,NA,NA
ASV_3253,Bacteria,Patescibacteria,Dojkabacteria,NA,NA,NA,NA
ASV_3254,Bacteria,Pseudomonadota,Gammaproteobacteria,Burkholderiales,Comamonadaceae,Curvibacter,NA
ASV_3255,Bacteria,Myxococcota,Polyangiia,Polyangiales,Sandaracinaceae,NA,NA
ASV_3256,Bacteria,Pseudomonadota,Alphaproteobacteria,Hyphomicrobiales,Beijerinckiaceae,NA,NA
ASV_3257,Bacteria,Dependentiae,Babeliae,Babeliales,NA,NA,NA
ASV_3258,Bacteria,Pseudomonadota,Gammaproteobacteria,Lysobacterales,Lysobacteraceae,NA,NA
ASV_3259,Bacteria,Pseudomonadota,Gammaproteobacteria,Run-SP154,NA,NA,NA
ASV_3260,Bacteria,Verrucomicrobiota,Verrucomicrobiia,Pedosphaerales,Pedosphaeraceae,Oikopleura,NA
ASV_3261,Bacteria,Pseudomonadota,Gammaproteobacteria,Burkholderiales,Comamonadaceae,NA,NA
ASV_3262,Bacteria,Bacteroidota,Bacteroidia,Chitinophagales,Chitinophagaceae,Rurimicrobium,NA
ASV_3263,Bacteria,Actinomycetota,Actinobacteria,Micrococcales,Microbacteriaceae,NA,NA
ASV_3264,Bacteria,Pseudomonadota,Gammaproteobacteria,Burkholderiales,Rhodocyclaceae,Zoogloea,resiniphila
ASV_3265,Bacteria,Bacteroidota,Bacteroidia,Flavobacteriales,Crocinitomicaceae,Fluviicola,NA
ASV_3266,Bacteria,Planctomycetota,Planctomycetes,Planctomycetales,Rubinisphaeraceae,SH-PL14,NA
ASV_3267,Bacteria,Pseudomonadota,Gammaproteobacteria,Enterobacterales,Aeromonadaceae,Aeromonas,NA
ASV_3268,Bacteria,Pseudomonadota,Gammaproteobacteria,Burkholderiales,Comamonadaceae,Hydrogenophaga,NA
ASV_3269,Bacteria,Pseudomonadota,Gammaproteobacteria,Lysobacterales,Lysobacteraceae,Stenotrophomonas,maltophilia
ASV_3270,Bacteria,Thermodesulfobacteriota,Desulfobulbia,Desulfobulbales,Desulfobulbaceae,Desulfobulbus,NA
ASV_3271,Bacteria,Actinomycetota,Actinobacteria,Frankiales,Sporichthyaceae,hgcI clade,NA
ASV_3272,Bacteria,Pseudomonadota,Gammaproteobacteria,Burkholderiales,Methylophilaceae,MM2,NA
ASV_3273,Bacteria,Pseudomonadota,Alphaproteobacteria,Rickettsiales,Rickettsiaceae,Candidatus Megaira,NA
ASV_3274,Bacteria,Pseudomonadota,Gammaproteobacteria,Burkholderiales,MWH-UniP1 aquatic group,NA,NA
ASV_3275,Bacteria,Bacteroidota,Bacteroidia,Chitinophagales,Chitinophagaceae,Dinghuibacter,NA
ASV_3276,Bacteria,Dependentiae,Babeliae,Babeliales,NA,NA,NA
ASV_3277,Bacteria,Pseudomonadota,Alphaproteobacteria,Hyphomicrobiales,Hyphomicrobiales Incertae Sedis,NA,NA
ASV_3278,Bacteria,Bacillota,Bacilli,Erysipelotrichales,Erysipelotrichaceae,Erysipelothrix,NA
ASV_3279,Bacteria,Pseudomonadota,Gammaproteobacteria,Burkholderiales,Burkholderiaceae,Polynucleobacter,NA
ASV_3280,Bacteria,Pseudomonadota,Gammaproteobacteria,Pseudomonadales,Moraxellaceae,Acinetobacter,NA
ASV_3281,Bacteria,Actinomycetota,Actinobacteria,Micrococcales,Microbacteriaceae,Leucobacter,chromiireducens
ASV_3282,Bacteria,Pseudomonadota,Gammaproteobacteria,Burkholderiales,Comamonadaceae,Hydrogenophaga,atypica
ASV_3283,Bacteria,Pseudomonadota,Gammaproteobacteria,Burkholderiales,Comamonadaceae,Hydrogenophaga,NA
ASV_3284,Bacteria,Actinomycetota,Actinobacteria,Frankiales,Sporichthyaceae,hgcI clade,NA
ASV_3285,Bacteria,Candidatus Kapabacteria,Kapabacteria,Kapabacteriales,NA,NA,NA
ASV_3286,Bacteria,Bacteroidota,Bacteroidia,Sphingobacteriales,NS11-12 marine group,NA,NA
ASV_3287,Bacteria,Campylobacterota,Campylobacteria,Campylobacterales,Arcobacteraceae,Arcobacter,NA
ASV_3288,Bacteria,Bacteroidota,Bacteroidia,Bacteroidetes VC2.1 Bac22,NA,NA,NA
ASV_3289,Bacteria,Bacteroidota,Bacteroidia,Cytophagales,Cyclobacteriaceae,Algoriphagus,NA
ASV_3290,Bacteria,Actinomycetota,Actinobacteria,Frankiales,Sporichthyaceae,hgcI clade,NA
ASV_3291,Bacteria,Myxococcota,Polyangiia,Polyangiales,Phaselicystaceae,Phaselicystis,NA
ASV_3292,Bacteria,Pseudomonadota,Gammaproteobacteria,Salinisphaerales,Nevskiaceae,NA,NA
ASV_3293,Bacteria,Pseudomonadota,Alphaproteobacteria,Sphingomonadales,Sphingomonadaceae,Erythrobacter,NA
ASV_3294,Bacteria,Bacteroidota,Bacteroidia,Bacteroidales,Prolixibacteraceae,NA,NA
ASV_3295,Bacteria,Pseudomonadota,Gammaproteobacteria,Burkholderiales,Chromobacteriaceae,Vogesella,perlucida
ASV_3296,Bacteria,Pseudomonadota,Alphaproteobacteria,Hyphomicrobiales,Rhizobiaceae,Brucella,NA
ASV_3297,Bacteria,Pseudomonadota,Alphaproteobacteria,Hyphomicrobiales,Devosiaceae,NA,NA
ASV_3298,Bacteria,Pseudomonadota,Alphaproteobacteria,Hyphomicrobiales,Rhizobiaceae,NA,NA
ASV_3299,Bacteria,Pseudomonadota,Alphaproteobacteria,Caulobacterales,Hyphomonadaceae,Hyphomonas,NA
ASV_3300,Bacteria,Pseudomonadota,Gammaproteobacteria,Burkholderiales,Comamonadaceae,Brachymonas,denitrificans
ASV_3301,Bacteria,Pseudomonadota,Gammaproteobacteria,Burkholderiales,Rhodocyclaceae,Thauera,NA
ASV_3302,Bacteria,Thermodesulfobacteriota,Desulfobacteria,Desulfobacterales,Desulfobacteraceae,Desulfobacter,NA
ASV_3303,Bacteria,Thermodesulfobacteriota,Desulfobulbia,Desulfobulbales,Desulfocapsaceae,Desulfocastanea,NA
ASV_3304,Bacteria,Actinomycetota,Actinobacteria,PeM15,NA,NA,NA
ASV_3305,Bacteria,Actinomycetota,Actinobacteria,Propionibacteriales,Nocardioidaceae,Aeromicrobium,NA
ASV_3306,Bacteria,Pseudomonadota,Gammaproteobacteria,Burkholderiales,Hydrogenophilaceae,Thiobacillus,NA
ASV_3307,Bacteria,Pseudomonadota,Gammaproteobacteria,Burkholderiales,Comamonadaceae,NA,NA
ASV_3308,Bacteria,Bacteroidota,Bacteroidia,Sphingobacteriales,env.OPS 17,NA,NA
ASV_3309,Bacteria,Acidobacteriota,Aminicenantia,Aminicenantales,Aminicenantaceae,Aminicenans,NA
ASV_3310,Bacteria,Pseudomonadota,Alphaproteobacteria,Sphingomonadales,Sphingomonadaceae,Sphingoaurantiacus,NA
ASV_3311,Bacteria,Pseudomonadota,Gammaproteobacteria,Run-SP154,NA,NA,NA
ASV_3312,Bacteria,Actinomycetota,Actinobacteria,PeM15,NA,NA,NA
ASV_3313,Bacteria,Bacteroidota,Bacteroidia,Bacteroidetes VC2.1 Bac22,NA,NA,NA
ASV_3314,Bacteria,Pseudomonadota,Alphaproteobacteria,Tistrellales,Tistrellaceae,Tistrella,mobilis
ASV_3315,Bacteria,Synergistota,Synergistia,Synergistales,Synergistaceae,NA,NA
ASV_3316,Bacteria,Bdellovibrionota,Bacteriovoracia,Bacteriovoracales,Bacteriovoracaceae,Peredibacter,NA
ASV_3317,Bacteria,Pseudomonadota,Alphaproteobacteria,Micropepsales,Micropepsaceae,NA,NA
ASV_3318,Bacteria,Pseudomonadota,Gammaproteobacteria,Burkholderiales,Rhodocyclaceae,Dechloromonas,agitata
ASV_3319,Bacteria,Pseudomonadota,Gammaproteobacteria,Pseudomonadales,Porticoccaceae,C1-B045,NA
ASV_3320,Bacteria,Pseudomonadota,Gammaproteobacteria,Burkholderiales,Comamonadaceae,Ottowia,NA
ASV_3321,Bacteria,Pseudomonadota,Alphaproteobacteria,Sphingomonadales,Sphingomonadaceae,NA,NA
ASV_3322,Bacteria,Pseudomonadota,Gammaproteobacteria,Burkholderiales,Comamonadaceae,Hydrogenophaga,bisanensis
ASV_3323,Bacteria,Bacteroidota,Bacteroidia,Bacteroidales,Tannerellaceae,Tannerella,NA
ASV_3324,Bacteria,Hydrogenedentes,Hydrogenedentia,Hydrogenedentiales,Hydrogenedensaceae,NA,NA
ASV_3325,Bacteria,Spirochaetota,MVP-15,NA,NA,NA,NA
ASV_3326,Bacteria,Pseudomonadota,Gammaproteobacteria,Burkholderiales,Rhodocyclaceae,Methyloversatilis,NA
ASV_3327,Bacteria,Planctomycetota,Planctomycetes,Gemmatales,Gemmataceae,NA,NA
ASV_3328,Bacteria,Thermodesulfobacteriota,Desulfuromonadia,Bradymonadales,NA,NA,NA
ASV_3329,Bacteria,Pseudomonadota,Alphaproteobacteria,Caulobacterales,Caulobacteraceae,Phenylobacterium,muchangponense
ASV_3330,Bacteria,Planctomycetota,Planctomycetes,Gemmatales,Gemmataceae,NA,NA
ASV_3331,Bacteria,Chlamydiota,Chlamydiia,Chlamydiales,NA,NA,NA
ASV_3332,Bacteria,Bacteroidota,Bacteroidia,NA,NA,NA,NA
ASV_3333,Bacteria,Verrucomicrobiota,Verrucomicrobiia,Pedosphaerales,Pedosphaeraceae,DEV114,NA
ASV_3334,Bacteria,Pseudomonadota,Gammaproteobacteria,Chromatiales,Chromatiaceae,Allochromatium,NA
ASV_3335,Bacteria,Pseudomonadota,Gammaproteobacteria,Enterobacterales,Alteromonadaceae,Rheinheimera,NA
ASV_3336,Bacteria,Pseudomonadota,Alphaproteobacteria,Caulobacterales,Caulobacteraceae,Caulobacter,NA
ASV_3337,Bacteria,Bacillota,Bacilli,Erysipelotrichales,Erysipelatoclostridiaceae,UCG-004,NA
ASV_3338,Bacteria,Bacteroidota,Bacteroidia,Flavobacteriales,Flavobacteriaceae,Flavobacterium,cheonhonense
ASV_3339,Bacteria,Pseudomonadota,Gammaproteobacteria,Enterobacterales,Alteromonadaceae,Rheinheimera,NA
ASV_3340,Bacteria,Pseudomonadota,Alphaproteobacteria,Sphingomonadales,Sphingomonadaceae,NA,NA
ASV_3341,Bacteria,Pseudomonadota,Alphaproteobacteria,Sphingomonadales,Sphingomonadaceae,Novosphingobium,NA
ASV_3342,Bacteria,Pseudomonadota,Alphaproteobacteria,Rickettsiales,Midichloriaceae,NA,NA
ASV_3343,Bacteria,Pseudomonadota,Alphaproteobacteria,Paracaedibacterales,Paracaedibacteraceae,Candidatus Captivus,NA
ASV_3344,Bacteria,Pseudomonadota,Alphaproteobacteria,Hyphomicrobiales,Beijerinckiaceae,NA,NA
ASV_3345,Bacteria,Pseudomonadota,Gammaproteobacteria,Burkholderiales,Neisseriaceae,NA,NA
ASV_3346,Bacteria,Pseudomonadota,Gammaproteobacteria,Salinisphaerales,Nevskiaceae,Panacagrimonas,NA
ASV_3347,Bacteria,Bacteroidota,Bacteroidia,Chitinophagales,Chitinophagaceae,Flavihumibacter,NA
ASV_3348,Bacteria,Pseudomonadota,Gammaproteobacteria,Chromatiales,Chromatiaceae,Allochromatium,NA
ASV_3349,Bacteria,Patescibacteria,Dojkabacteria,NA,NA,NA,NA
ASV_3350,Bacteria,Pseudomonadota,Alphaproteobacteria,Sphingomonadales,Sphingomonadaceae,Rhizorhabdus,NA
ASV_3351,Bacteria,Actinomycetota,Actinobacteria,Propionibacteriales,Nocardioidaceae,Aeromicrobium,NA
ASV_3352,Bacteria,Pseudomonadota,Gammaproteobacteria,Salinisphaerales,Nevskiaceae,NA,NA
ASV_3353,Bacteria,Actinomycetota,Actinobacteria,PeM15,NA,NA,NA
ASV_3354,Bacteria,Pseudomonadota,Gammaproteobacteria,Chromatiales,Chromatiaceae,Allochromatium,NA
ASV_3355,Bacteria,Actinomycetota,Actinobacteria,Micrococcales,Microbacteriaceae,Candidatus Aquiluna,NA
ASV_3356,Bacteria,Actinomycetota,Actinobacteria,Frankiales,Sporichthyaceae,hgcI clade,NA
ASV_3357,Bacteria,Bacteroidota,Bacteroidia,Bacteroidales,Paludibacteraceae,Paludibacter,NA
ASV_3358,Bacteria,Pseudomonadota,Alphaproteobacteria,NA,NA,NA,NA
ASV_3359,Bacteria,Actinomycetota,Actinobacteria,PeM15,NA,NA,NA
ASV_3360,Bacteria,Pseudomonadota,Alphaproteobacteria,NA,NA,NA,NA
ASV_3361,Bacteria,Bacteroidota,Bacteroidia,Chitinophagales,Saprospiraceae,Haliscomenobacter,NA
ASV_3362,Bacteria,Pseudomonadota,Gammaproteobacteria,Burkholderiales,Burkholderiaceae,Polynucleobacter,NA
ASV_3363,Bacteria,Pseudomonadota,Alphaproteobacteria,Hyphomicrobiales,Rhizobiaceae,Brucella,NA
ASV_3364,Bacteria,SAR324 clade(Marine group B),Incertae Sedis,Incertae Sedis,Incertae Sedis,Candidatus Nitrosoarchaeum,NA
ASV_3365,Bacteria,Pseudomonadota,Gammaproteobacteria,Burkholderiales,Comamonadaceae,NA,NA
ASV_3366,Bacteria,Pseudomonadota,Gammaproteobacteria,Burkholderiales,Methylophilaceae,Methylotenera,NA
ASV_3367,Bacteria,Actinomycetota,Actinobacteria,PeM15,NA,NA,NA
ASV_3368,Bacteria,Pseudomonadota,Gammaproteobacteria,Methylococcales,Methylococcaceae,Methyloparacoccus,NA
ASV_3369,Bacteria,Actinomycetota,Actinobacteria,Micrococcales,Microbacteriaceae,Klugiella,NA
ASV_3370,Bacteria,Bacteroidota,Bacteroidia,Bacteroidales,M2PB4-65 termite group,NA,NA
ASV_3371,Bacteria,Bacteroidota,Bacteroidia,Cytophagales,Cyclobacteriaceae,Mariniradius,NA
ASV_3372,Bacteria,Bacteroidota,Bacteroidia,Sphingobacteriales,NA,NA,NA
ASV_3373,Bacteria,Chlamydiota,Chlamydiia,Chlamydiales,Parachlamydiaceae,Candidatus Protochlamydia,NA
ASV_3374,Bacteria,Pseudomonadota,Alphaproteobacteria,Caulobacterales,Hyphomonadaceae,Hirschia,NA
ASV_3375,Bacteria,Pseudomonadota,Gammaproteobacteria,Salinisphaerales,Nevskiaceae,Stagnimonas,NA
ASV_3376,Bacteria,Bacteroidota,Bacteroidia,Flavobacteriales,Flavobacteriaceae,Flavobacterium,cheonhonense
ASV_3377,Bacteria,Pseudomonadota,Gammaproteobacteria,Burkholderiales,Comamonadaceae,Curvibacter,NA
ASV_3378,Bacteria,Pseudomonadota,Alphaproteobacteria,Hyphomicrobiales,Devosiaceae,NA,NA
ASV_3379,Bacteria,Pseudomonadota,Alphaproteobacteria,Hyphomicrobiales,Devosiaceae,NA,NA
ASV_3380,Bacteria,Patescibacteria,Parcubacteria,Candidatus Moranbacteria,NA,NA,NA
ASV_3381,Bacteria,Verrucomicrobiota,Omnitrophia,Omnitrophales,Omnitrophaceae,Candidatus Omnitrophus,NA
ASV_3382,Bacteria,Pseudomonadota,Gammaproteobacteria,Pseudomonadales,Moraxellaceae,Perlucidibaca,NA
ASV_3383,Bacteria,Thermodesulfobacteriota,Desulfuromonadia,Bradymonadales,NA,NA,NA
ASV_3384,Bacteria,Pseudomonadota,Gammaproteobacteria,Burkholderiales,Burkholderiaceae,Polynucleobacter,cosmopolitanus
ASV_3385,Bacteria,Pseudomonadota,Alphaproteobacteria,Azospirillales,Azospirillales Incertae Sedis,Stella,NA
ASV_3386,Bacteria,Pseudomonadota,Gammaproteobacteria,Pseudomonadales,NA,NA,NA
ASV_3387,Bacteria,Acidobacteriota,Acidobacteriae,Bryobacterales,Bryobacteraceae,Paludibaculum,NA
ASV_3388,Bacteria,Thermodesulfobacteriota,Desulfobulbia,Desulfobulbales,Desulfocapsaceae,Desulfocastanea,NA
ASV_3389,Bacteria,Pseudomonadota,Gammaproteobacteria,Burkholderiales,Rhodocyclaceae,C39,NA
ASV_3390,Bacteria,Pseudomonadota,Gammaproteobacteria,Burkholderiales,Rhodocyclaceae,Thauera,NA
ASV_3391,Bacteria,Bacteroidota,Bacteroidia,Sphingobacteriales,NS11-12 marine group,NA,NA
ASV_3392,Bacteria,Bacteroidota,Bacteroidia,Chitinophagales,Saprospiraceae,Phaeodactylibacter,NA
ASV_3393,Bacteria,Pseudomonadota,Gammaproteobacteria,Enterobacterales,Aeromonadaceae,Tolumonas,NA
ASV_3394,Bacteria,Pseudomonadota,Gammaproteobacteria,Methylococcales,Methylomonadaceae,Methylomonas,NA
ASV_3395,Bacteria,Bacteroidota,Bacteroidia,Bacteroidales,Prolixibacteraceae,WCHB1-32,NA
ASV_3396,Bacteria,Thermodesulfobacteriota,Desulfobulbia,Desulfobulbales,Desulfobulbaceae,Desulfobulbus,NA
ASV_3397,Bacteria,Pseudomonadota,Gammaproteobacteria,Salinisphaerales,Nevskiaceae,Solimonas,NA
ASV_3398,Bacteria,Pseudomonadota,Gammaproteobacteria,Burkholderiales,Alcaligenaceae,NA,NA
ASV_3399,Bacteria,Patescibacteria,Dojkabacteria,NA,NA,NA,NA
ASV_3400,Bacteria,Pseudomonadota,Gammaproteobacteria,Lysobacterales,Lysobacteraceae,Lysobacter,brunescens
ASV_3401,Bacteria,Pseudomonadota,Gammaproteobacteria,Burkholderiales,Comamonadaceae,Ramlibacter,NA
ASV_3402,Bacteria,Patescibacteria,ABY1,Candidatus Magasanikbacteria,NA,NA,NA
ASV_3403,Bacteria,Bacteroidota,Bacteroidia,Flavobacteriales,Crocinitomicaceae,Fluviicola,NA
ASV_3404,Bacteria,Pseudomonadota,Gammaproteobacteria,Burkholderiales,Rhodocyclaceae,Zoogloea,NA
ASV_3405,Bacteria,Pseudomonadota,Gammaproteobacteria,Burkholderiales,Rhodocyclaceae,NA,NA
ASV_3406,Bacteria,Bdellovibrionota,Oligoflexia,Oligoflexales,Oligoflexaceae,NA,NA
ASV_3407,Bacteria,Pseudomonadota,Gammaproteobacteria,Lysobacterales,Lysobacteraceae,Arenimonas,malthae
ASV_3408,Bacteria,Actinomycetota,Actinobacteria,PeM15,NA,NA,NA
ASV_3409,Bacteria,Bacteroidota,Bacteroidia,Flavobacteriales,Crocinitomicaceae,Fluviicola,NA
ASV_3410,Bacteria,Bacillota,Bacilli,Erysipelotrichales,Erysipelatoclostridiaceae,UCG-004,NA
ASV_3411,Bacteria,Pseudomonadota,Alphaproteobacteria,Rhodospirillales,Rhodospirillaceae,NA,NA
ASV_3412,Bacteria,Pseudomonadota,Gammaproteobacteria,Halothiobacillales,Halothiobacillaceae,Thiovirga,sulfuroxydans
ASV_3413,Bacteria,Pseudomonadota,Alphaproteobacteria,Micavibrionales,Micavibrionaceae,NA,NA
ASV_3414,Bacteria,Myxococcota,Polyangiia,Polyangiales,Phaselicystaceae,Phaselicystis,NA
ASV_3415,Bacteria,Patescibacteria,Gracilibacteria,JGI 0000069-P22,NA,NA,NA
ASV_3416,Bacteria,Pseudomonadota,Alphaproteobacteria,Reyranellales,Reyranellaceae,Reyranella,NA
ASV_3417,Bacteria,Pseudomonadota,Gammaproteobacteria,Burkholderiales,Methylophilaceae,MM2,NA
ASV_3418,Bacteria,Actinomycetota,Acidimicrobiia,Microtrichales,NA,NA,NA
ASV_3419,Bacteria,Pseudomonadota,Gammaproteobacteria,Ga0077536,NA,NA,NA
ASV_3420,Bacteria,Bacteroidota,Bacteroidia,Flavobacteriales,Crocinitomicaceae,Fluviicola,NA
ASV_3421,Bacteria,Pseudomonadota,Gammaproteobacteria,Chromatiales,Chromatiaceae,Thiolamprovum,NA
ASV_3422,Bacteria,Verrucomicrobiota,Lentisphaeria,Victivallales,Victivallaceae,NA,NA
ASV_3423,Bacteria,Bacteroidota,Bacteroidia,Bacteroidales,Paludibacteraceae,Paludibacter,NA
ASV_3424,Bacteria,Pseudomonadota,Gammaproteobacteria,Chromatiales,Chromatiaceae,Allochromatium,NA
ASV_3425,Bacteria,Pseudomonadota,Gammaproteobacteria,Burkholderiales,Methylophilaceae,UBA6140,NA
ASV_3426,Bacteria,Actinomycetota,Actinobacteria,Micrococcales,Microbacteriaceae,Leifsonia,NA
ASV_3427,Bacteria,Pseudomonadota,Alphaproteobacteria,Acetobacterales,Acetobacteraceae,Rhodovastum,NA
ASV_3428,Bacteria,Pseudomonadota,Gammaproteobacteria,Enterobacterales,Enterobacteriaceae,Enterobacter,NA
ASV_3429,Bacteria,Bacteroidota,Bacteroidia,Flavobacteriales,Flavobacteriaceae,Flavobacterium,indicum
ASV_3430,Bacteria,Pseudomonadota,Gammaproteobacteria,Lysobacterales,Lysobacteraceae,Arenimonas,malthae
ASV_3431,Bacteria,Pseudomonadota,Alphaproteobacteria,Hyphomicrobiales,Rhizobiaceae,Brucella,NA
ASV_3432,Bacteria,Verrucomicrobiota,Kiritimatiellia,WCHB1-41,NA,NA,NA
ASV_3433,Bacteria,Bacteroidota,Bacteroidia,Bacteroidales,Prolixibacteraceae,NA,NA
ASV_3434,Bacteria,Pseudomonadota,Gammaproteobacteria,Burkholderiales,Alcaligenaceae,NA,NA
ASV_3435,Bacteria,Bacteroidota,Bacteroidia,Cytophagales,Spirosomataceae,Sandaracinomonas,NA
ASV_3436,Bacteria,Pseudomonadota,Alphaproteobacteria,Rhodobacterales,Paracoccaceae,Rhodobacter,NA
ASV_3437,Bacteria,Thermodesulfobacteriota,Desulfuromonadia,PB19,NA,NA,NA
ASV_3438,Bacteria,Pseudomonadota,Alphaproteobacteria,Holosporales,Holosporaceae,NA,NA
ASV_3439,Bacteria,Bdellovibrionota,Bacteriovoracia,Bacteriovoracales,Bacteriovoracaceae,Peredibacter,NA
ASV_3440,Bacteria,Bdellovibrionota,Bacteriovoracia,Bacteriovoracales,Bacteriovoracaceae,Bacteriovorax,NA
ASV_3441,Bacteria,Bacteroidota,Bacteroidia,Cytophagales,Spirosomataceae,Fluviimonas,pallidilutea
ASV_3442,Bacteria,Pseudomonadota,Gammaproteobacteria,Lysobacterales,Lysobacteraceae,Arenimonas,malthae
ASV_3443,Bacteria,Pseudomonadota,Gammaproteobacteria,Salinisphaerales,Nevskiaceae,Solimonas,NA
ASV_3444,Bacteria,Actinomycetota,Actinobacteria,Micrococcales,Microbacteriaceae,Leifsonia,NA
ASV_3445,Bacteria,Pseudomonadota,Alphaproteobacteria,Caulobacterales,Hyphomonadaceae,Hyphomonas,NA
ASV_3446,Bacteria,Pseudomonadota,Gammaproteobacteria,Enterobacterales,Enterobacteriaceae,Escherichia-Shigella,NA
ASV_3447,Bacteria,Bacteroidota,Bacteroidia,Sphingobacteriales,Lentimicrobiaceae,Lentimicrobium,NA
ASV_3448,Bacteria,Bacteroidota,Bacteroidia,Bacteroidales,Rikenellaceae,Anaerocella,NA
ASV_3449,Bacteria,Bacteroidota,Bacteroidia,Bacteroidales,Rikenellaceae,NA,NA
ASV_3450,Bacteria,Pseudomonadota,Gammaproteobacteria,Burkholderiales,Comamonadaceae,Sphaerotilus,NA
ASV_3451,Bacteria,Pseudomonadota,Gammaproteobacteria,Chromatiales,Chromatiaceae,Thiolamprovum,NA
ASV_3452,Bacteria,Bacteroidota,Bacteroidia,Sphingobacteriales,env.OPS 17,NA,NA
ASV_3453,Bacteria,Pseudomonadota,Gammaproteobacteria,Salinisphaerales,Nevskiaceae,Fontimonas,NA
ASV_3454,Bacteria,Bacteroidota,Bacteroidia,Sphingobacteriales,env.OPS 17,NA,NA
ASV_3455,Bacteria,Pseudomonadota,Gammaproteobacteria,Halothiobacillales,Thioalkalibacteraceae,Guyparkeria,NA
ASV_3456,Bacteria,Bacillota,Clostridia,Peptostreptococcales-Tissierellales,Anaerovoracaceae,Anaerovorax,NA
ASV_3457,Bacteria,Bacteroidota,Bacteroidia,Bacteroidales,Prevotellaceae,Hoylesella,NA
ASV_3458,Bacteria,Pseudomonadota,Gammaproteobacteria,Burkholderiales,Methylophilaceae,Methylophilus,rhizosphaerae
ASV_3459,Bacteria,Pseudomonadota,Alphaproteobacteria,Rhodospirillales,Rhodospirillaceae,NA,NA
ASV_3460,Bacteria,Pseudomonadota,Gammaproteobacteria,Burkholderiales,Comamonadaceae,Sphaerotilus,NA
ASV_3461,Bacteria,Pseudomonadota,Gammaproteobacteria,Burkholderiales,Comamonadaceae,NA,NA
ASV_3462,Bacteria,Cyanobacteriota,Vampirivibrionia,Obscuribacterales,Obscuribacteraceae,Candidatus Obscuribacter,NA
ASV_3463,Bacteria,Pseudomonadota,Alphaproteobacteria,Caulobacterales,Caulobacteraceae,Phenylobacterium,NA
ASV_3464,Bacteria,Bacillota,Bacilli,Erysipelotrichales,NA,NA,NA
ASV_3465,Bacteria,Pseudomonadota,Gammaproteobacteria,Burkholderiales,Comamonadaceae,Rubrivivax,NA
ASV_3466,Bacteria,Actinomycetota,Actinobacteria,PeM15,NA,NA,NA
ASV_3467,Bacteria,Pseudomonadota,Alphaproteobacteria,Parvibaculales,Parvibaculaceae,Parvibaculum,NA
ASV_3468,Bacteria,Pseudomonadota,Gammaproteobacteria,Burkholderiales,Comamonadaceae,NA,NA
ASV_3469,Bacteria,Synergistota,Synergistia,Synergistales,Synergistaceae,NA,NA
ASV_3470,Bacteria,Thermodesulfobacteriota,Desulfuromonadia,Bradymonadales,NA,NA,NA
ASV_3471,Bacteria,Pseudomonadota,Alphaproteobacteria,Rickettsiales,Rickettsiaceae,NA,NA
ASV_3472,Bacteria,Actinomycetota,Actinobacteria,PeM15,NA,NA,NA
ASV_3473,Bacteria,Pseudomonadota,Alphaproteobacteria,Rickettsiales,SM2D12,NA,NA
ASV_3474,Bacteria,Pseudomonadota,Gammaproteobacteria,Pseudomonadales,Pseudomonadaceae,Pseudomonas,NA
ASV_3475,Bacteria,Acidobacteriota,Blastocatellia,11-24,NA,NA,NA
ASV_3476,Bacteria,Actinomycetota,Acidimicrobiia,Microtrichales,Ilumatobacteraceae,NA,NA
ASV_3477,Bacteria,Pseudomonadota,Alphaproteobacteria,Sphingomonadales,Sphingomonadaceae,Sphingobium,NA
ASV_3478,Bacteria,Actinomycetota,Acidimicrobiia,Microtrichales,Ilumatobacteraceae,CL500-29 marine group,NA
ASV_3479,Bacteria,Pseudomonadota,Gammaproteobacteria,Burkholderiales,Aquaspirillaceae,Rivicola,pingtungensis
ASV_3480,Bacteria,Patescibacteria,Gracilibacteria,NA,NA,NA,NA
ASV_3481,Bacteria,Pseudomonadota,Alphaproteobacteria,Caulobacterales,Caulobacteraceae,Phenylobacterium,NA
ASV_3482,Bacteria,Bacteroidota,Bacteroidia,Sphingobacteriales,NS11-12 marine group,NA,NA
ASV_3483,Bacteria,Pseudomonadota,Alphaproteobacteria,Rhodobacterales,Paracoccaceae,Gemmobacter,NA
ASV_3484,Bacteria,Pseudomonadota,Alphaproteobacteria,Caulobacterales,Caulobacteraceae,Phenylobacterium,NA
ASV_3485,Bacteria,Planctomycetota,Planctomycetes,Planctomycetales,Schlesneriaceae,Planctopirus,NA
ASV_3486,Bacteria,Pseudomonadota,Gammaproteobacteria,Burkholderiales,Burkholderiaceae,Lautropia,NA
ASV_3487,Bacteria,Verrucomicrobiota,Verrucomicrobiia,Opitutales,Opitutaceae,Oleiharenicola,NA
ASV_3488,Bacteria,Acidobacteriota,Blastocatellia,Blastocatellales,Blastocatellaceae,NA,NA
ASV_3489,Bacteria,Pseudomonadota,Gammaproteobacteria,Burkholderiales,Comamonadaceae,Aquabacterium,NA
ASV_3490,Bacteria,Patescibacteria,Gracilibacteria,Absconditabacteriales (SR1),NA,NA,NA
ASV_3491,Bacteria,Deinococcota,Deinococci,Thermales,Thermaceae,Allomeiothermus,NA
ASV_3492,Bacteria,Bacteroidota,Bacteroidia,Flavobacteriales,Crocinitomicaceae,Fluviicola,NA
ASV_3493,Bacteria,Bacteroidota,Bacteroidia,Bacteroidales,Rikenellaceae,NA,NA
ASV_3494,Bacteria,Pseudomonadota,Gammaproteobacteria,Burkholderiales,Burkholderiaceae,Lautropia,NA
ASV_3495,Bacteria,Pseudomonadota,Gammaproteobacteria,Methylococcales,Methylococcaceae,Methyloparacoccus,NA
ASV_3496,Bacteria,Pseudomonadota,Gammaproteobacteria,Burkholderiales,Hydrogenophilaceae,NA,NA
ASV_3497,Bacteria,Pseudomonadota,Gammaproteobacteria,Enterobacterales,Aeromonadaceae,Aeromonas,NA
ASV_3498,Bacteria,Pseudomonadota,Gammaproteobacteria,Burkholderiales,Chromobacteriaceae,Vogesella,NA
ASV_3499,Bacteria,Pseudomonadota,Gammaproteobacteria,Burkholderiales,Rhodocyclaceae,Dechloromonas,NA
ASV_3500,Bacteria,Pseudomonadota,Gammaproteobacteria,Burkholderiales,Rhodocyclaceae,C39,NA
ASV_3501,Bacteria,Bdellovibrionota,Bacteriovoracia,Bacteriovoracales,Bacteriovoracaceae,Bacteriovorax,NA
ASV_3502,Bacteria,Thermodesulfobacteriota,Desulfobulbia,Desulfobulbales,Desulfocapsaceae,Desulfocastanea,NA
ASV_3503,Bacteria,Pseudomonadota,Gammaproteobacteria,Lysobacterales,Lysobacteraceae,Arenimonas,NA
ASV_3504,Bacteria,Pseudomonadota,Alphaproteobacteria,Caulobacterales,Hyphomonadaceae,SWB02,NA
ASV_3505,Bacteria,Pseudomonadota,Alphaproteobacteria,Caulobacterales,Caulobacteraceae,Phenylobacterium,NA
ASV_3506,Bacteria,Pseudomonadota,Gammaproteobacteria,Salinisphaerales,Nevskiaceae,Solimonas,NA
ASV_3507,Bacteria,Bacillota,Bacilli,Erysipelotrichales,NA,NA,NA
ASV_3508,Bacteria,Pseudomonadota,Gammaproteobacteria,Pseudomonadales,Moraxellaceae,Acinetobacter,NA
ASV_3509,Bacteria,Pseudomonadota,Gammaproteobacteria,Burkholderiales,Rhodocyclaceae,Zoogloea,NA
ASV_3510,Bacteria,Campylobacterota,Campylobacteria,Campylobacterales,Sulfurimonadaceae,Sulfuricurvum,NA
ASV_3511,Bacteria,Spirochaetota,Spirochaetia,Spirochaetales,Spirochaetaceae,Treponema,NA
ASV_3512,Bacteria,Pseudomonadota,Gammaproteobacteria,Methylococcales,Methylomonadaceae,Methylomonas,NA
ASV_3513,Bacteria,Pseudomonadota,Gammaproteobacteria,Pseudomonadales,Pseudomonadaceae,Pseudomonas,NA
ASV_3514,Bacteria,Myxococcota,Polyangiia,Polyangiales,Sandaracinaceae,NA,NA
ASV_3515,Bacteria,Bacteroidota,Bacteroidia,Bacteroidales,Prevotellaceae,Hoylesella,NA
ASV_3516,Bacteria,Bacteroidota,Bacteroidia,Flavobacteriales,Flavobacteriaceae,Capnocytophaga,sputigena
ASV_3517,Bacteria,Bdellovibrionota,Bacteriovoracia,Bacteriovoracales,Bacteriovoracaceae,Peredibacter,NA
ASV_3518,Bacteria,Pseudomonadota,Gammaproteobacteria,Ga0077536,NA,NA,NA
ASV_3519,Bacteria,Pseudomonadota,Gammaproteobacteria,Rickettsiellales,Rickettsiellaceae,NA,NA
ASV_3520,Bacteria,Planctomycetota,Planctomycetes,Planctomycetales,Rubinisphaeraceae,SH-PL14,NA
ASV_3521,Bacteria,Candidatus Kapabacteria,Kapabacteria,Kapabacteriales,NA,NA,NA
ASV_3522,Bacteria,Pseudomonadota,Alphaproteobacteria,Hyphomicrobiales,Devosiaceae,NA,NA
ASV_3523,Bacteria,Pseudomonadota,Alphaproteobacteria,Rickettsiales,Mitochondria,NA,NA
ASV_3524,Bacteria,Pseudomonadota,Alphaproteobacteria,Caulobacterales,Caulobacteraceae,NA,NA
ASV_3525,Bacteria,Thermodesulfobacteriota,Desulfuromonadia,Geobacterales,Geobacteraceae,Trichlorobacter,NA
ASV_3526,Bacteria,Bacillota,Bacilli,Acholeplasmatales,Acholeplasmataceae,Acholeplasma,NA
ASV_3527,Bacteria,Verrucomicrobiota,Lentisphaeria,Oligosphaerales,Oligosphaeraceae,NA,NA
ASV_3528,Bacteria,Actinomycetota,Actinobacteria,PeM15,NA,NA,NA
ASV_3529,Bacteria,Thermodesulfobacteriota,Desulfuromonadia,Geobacterales,Geobacteraceae,Trichlorobacter,NA
ASV_3530,Bacteria,Bacillota,Bacilli,Acholeplasmatales,Acholeplasmataceae,Acholeplasma,NA
ASV_3531,Bacteria,Pseudomonadota,Alphaproteobacteria,Rickettsiales,NA,NA,NA
ASV_3532,Bacteria,Pseudomonadota,Gammaproteobacteria,Burkholderiales,Rhodocyclaceae,C39,NA
ASV_3533,Bacteria,Pseudomonadota,Gammaproteobacteria,Burkholderiales,Methylophilaceae,Methylotenera,NA
ASV_3534,Bacteria,SAR324 clade(Marine group B),Incertae Sedis,Incertae Sedis,Incertae Sedis,Candidatus Nitrosoarchaeum,NA
ASV_3535,Bacteria,Pseudomonadota,Gammaproteobacteria,Lysobacterales,Lysobacteraceae,Thermomonas,NA
ASV_3536,Bacteria,Pseudomonadota,Alphaproteobacteria,Micavibrionales,Micavibrionaceae,NA,NA
ASV_3537,Bacteria,Bdellovibrionota,Oligoflexia,0319-6G20,NA,NA,NA
ASV_3538,Bacteria,Pseudomonadota,Gammaproteobacteria,Burkholderiales,Comamonadaceae,Comamonas,NA
ASV_3539,Bacteria,Pseudomonadota,Gammaproteobacteria,Salinisphaerales,Nevskiaceae,Solimonas,NA
ASV_3540,Bacteria,Pseudomonadota,Gammaproteobacteria,Burkholderiales,Rhodocyclaceae,Sulfurisoma,NA
ASV_3541,Bacteria,Pseudomonadota,Alphaproteobacteria,Caulobacterales,Hyphomonadaceae,Hirschia,NA
ASV_3542,Bacteria,Pseudomonadota,Gammaproteobacteria,Burkholderiales,Burkholderiaceae,Lautropia,NA
ASV_3543,Bacteria,Pseudomonadota,Alphaproteobacteria,Hyphomicrobiales,Hyphomicrobiales Incertae Sedis,NA,NA
ASV_3544,Bacteria,Pseudomonadota,Gammaproteobacteria,Methylococcales,Methylococcaceae,Methyloparacoccus,NA
ASV_3545,Bacteria,Bacteroidota,Bacteroidia,Chitinophagales,Chitinophagaceae,Flavihumibacter,NA
ASV_3546,Bacteria,Pseudomonadota,Gammaproteobacteria,Burkholderiales,Rhodocyclaceae,Dechlorobacter,NA
ASV_3547,Bacteria,Pseudomonadota,Alphaproteobacteria,Rickettsiales,Midichloriaceae,Candidatus Jidaibacter,NA
ASV_3548,Bacteria,Bacteroidota,Bacteroidia,Bacteroidales,Paludibacteraceae,Paludibacter,NA
ASV_3549,Bacteria,Actinomycetota,Acidimicrobiia,Microtrichales,NA,NA,NA
ASV_3550,Bacteria,Pseudomonadota,Alphaproteobacteria,Ferrovibrionales,Ferrovibrionaceae,Ferrovibrio,NA
ASV_3551,Bacteria,Pseudomonadota,Gammaproteobacteria,Burkholderiales,Methylophilaceae,Methylotenera,NA
ASV_3552,Bacteria,Bacillota,Bacilli,Lactobacillales,Carnobacteriaceae,Trichococcus,NA
ASV_3553,Bacteria,Pseudomonadota,Alphaproteobacteria,Reyranellales,Reyranellaceae,Reyranella,NA
ASV_3554,Bacteria,Pseudomonadota,Gammaproteobacteria,Pseudomonadales,Moraxellaceae,Cavicella,NA
ASV_3555,Bacteria,Pseudomonadota,Alphaproteobacteria,Caulobacterales,Hyphomonadaceae,SWB02,NA
ASV_3556,Bacteria,Bacteroidota,Bacteroidia,Cytophagales,Cyclobacteriaceae,Algoriphagus,NA
ASV_3557,Bacteria,Pseudomonadota,Gammaproteobacteria,Burkholderiales,Rhodocyclaceae,Thauera,aminoaromatica
ASV_3558,Bacteria,Pseudomonadota,Gammaproteobacteria,Burkholderiales,Rhodocyclaceae,Dechloromonas,agitata
ASV_3559,Bacteria,Pseudomonadota,Alphaproteobacteria,Parvibaculales,Parvibaculaceae,Parvibaculum,NA
ASV_3560,Bacteria,Pseudomonadota,Gammaproteobacteria,Pseudomonadales,Moraxellaceae,Perlucidibaca,NA
ASV_3561,Bacteria,Bacillota,Bacilli,Erysipelotrichales,Erysipelatoclostridiaceae,NA,NA
ASV_3562,Bacteria,Thermodesulfobacteriota,Desulfovibrionia,Desulfovibrionales,Desulfomicrobiaceae,Desulfomicrobium,NA
ASV_3563,Bacteria,Bacillota,Bacilli,Erysipelotrichales,Erysipelatoclostridiaceae,NA,NA
ASV_3564,Bacteria,Bacillota,Bacilli,Acholeplasmatales,Acholeplasmataceae,Acholeplasma,NA
ASV_3565,Bacteria,Pseudomonadota,Gammaproteobacteria,Burkholderiales,Burkholderiaceae,Lautropia,NA
ASV_3566,Bacteria,Bacteroidota,Bacteroidia,Cytophagales,Cyclobacteriaceae,Algoriphagus,NA
ASV_3567,Bacteria,Patescibacteria,Dojkabacteria,NA,NA,NA,NA
ASV_3568,Bacteria,Bacteroidota,Bacteroidia,Flavobacteriales,Crocinitomicaceae,Fluviicola,NA
ASV_3569,Bacteria,Pseudomonadota,Gammaproteobacteria,Lysobacterales,Lysobacteraceae,Thermomonas,NA
ASV_3570,Bacteria,Candidatus Kapabacteria,Kapabacteria,Kapabacteriales,NA,NA,NA
ASV_3571,Bacteria,Actinomycetota,Actinobacteria,Frankiales,Sporichthyaceae,hgcI clade,NA
ASV_3572,Bacteria,Pseudomonadota,Alphaproteobacteria,Rickettsiales,SM2D12,NA,NA
ASV_3573,Bacteria,Pseudomonadota,Gammaproteobacteria,Enterobacterales,Alteromonadaceae,Rheinheimera,NA
ASV_3574,Bacteria,Pseudomonadota,Gammaproteobacteria,Chromatiales,Chromatiaceae,Allochromatium,NA
ASV_3575,Bacteria,Pseudomonadota,Alphaproteobacteria,Sphingomonadales,Sphingomonadaceae,Sphingoaurantiacus,NA
ASV_3576,Bacteria,Planctomycetota,Planctomycetes,Gemmatales,Gemmataceae,Tuwongella,NA
ASV_3577,Bacteria,Pseudomonadota,Alphaproteobacteria,Sphingomonadales,Sphingomonadaceae,Novosphingobium,NA
ASV_3578,Bacteria,Pseudomonadota,Gammaproteobacteria,Enterobacterales,Aeromonadaceae,Tolumonas,NA
ASV_3579,Bacteria,Actinomycetota,Actinobacteria,Micrococcales,Microbacteriaceae,NA,NA
ASV_3580,Bacteria,Dependentiae,Babeliae,Babeliales,NA,NA,NA
ASV_3581,Bacteria,Campylobacterota,Campylobacteria,Campylobacterales,Sulfurimonadaceae,Sulfuricurvum,NA
ASV_3582,Bacteria,Pseudomonadota,Gammaproteobacteria,Burkholderiales,Nitrosomonadaceae,Nitrosomonas,NA
ASV_3583,Bacteria,Verrucomicrobiota,Verrucomicrobiia,Verrucomicrobiales,Verrucomicrobiaceae,Prosthecobacter,NA
ASV_3584,Bacteria,Bacteroidota,Bacteroidia,Sphingobacteriales,env.OPS 17,NA,NA
ASV_3585,Bacteria,Bacteroidota,Bacteroidia,Chitinophagales,Chitinophagaceae,Dinghuibacter,NA
ASV_3586,Bacteria,Synergistota,Synergistia,Synergistales,Synergistaceae,Fretibacterium,NA
ASV_3587,Bacteria,Pseudomonadota,Alphaproteobacteria,Dongiales,Dongiaceae,Dongia,NA
ASV_3588,Bacteria,Pseudomonadota,Alphaproteobacteria,Rhodobacterales,Paracoccaceae,Gemmobacter,NA
ASV_3589,Bacteria,Pseudomonadota,Gammaproteobacteria,Burkholderiales,Comamonadaceae,Hydrogenophaga,soli
ASV_3590,Bacteria,Pseudomonadota,Gammaproteobacteria,Chromatiales,Chromatiaceae,Allochromatium,NA
ASV_3591,Bacteria,Pseudomonadota,Alphaproteobacteria,Rickettsiales,Mitochondria,NA,NA
ASV_3592,Bacteria,Bacteroidota,Bacteroidia,Chitinophagales,Saprospiraceae,Haliscomenobacter,NA
ASV_3593,Bacteria,Pseudomonadota,Gammaproteobacteria,Burkholderiales,Comamonadaceae,Hydrogenophaga,NA
ASV_3594,Bacteria,Pseudomonadota,Alphaproteobacteria,Rhodospirillales,Rhodospirillaceae,Novispirillum,itersonii
ASV_3595,Bacteria,Bacteroidota,Bacteroidia,Bacteroidales,Prolixibacteraceae,NA,NA
ASV_3596,Bacteria,Pseudomonadota,Gammaproteobacteria,Lysobacterales,Lysobacteraceae,Pseudoxanthomonas,NA
ASV_3597,Bacteria,Pseudomonadota,Alphaproteobacteria,Azospirillales,Azospirillaceae,Niveispirillum,NA
ASV_3598,Bacteria,Pseudomonadota,Gammaproteobacteria,Methylococcales,Methylococcaceae,Methyloparacoccus,NA
ASV_3599,Bacteria,Pseudomonadota,Alphaproteobacteria,Rhodospirillales,Terasakiellaceae,Marivibrio,NA
ASV_3600,Bacteria,Verrucomicrobiota,Omnitrophia,Omnitrophales,Omnitrophaceae,Candidatus Omnitrophus,NA
ASV_3601,Bacteria,Bdellovibrionota,Bacteriovoracia,Bacteriovoracales,Bacteriovoracaceae,Bacteriovorax,NA
ASV_3602,Bacteria,Thermodesulfobacteriota,Desulfovibrionia,Desulfovibrionales,Desulfomicrobiaceae,Desulfomicrobium,aestuarii
ASV_3603,Bacteria,Pseudomonadota,Gammaproteobacteria,Burkholderiales,Comamonadaceae,Inhella,NA
ASV_3604,Bacteria,Deinococcota,Deinococci,Thermales,Thermaceae,Allomeiothermus,NA
ASV_3605,Bacteria,Myxococcota,Polyangiia,Polyangiales,Sandaracinaceae,NA,NA
ASV_3606,Bacteria,Planctomycetota,Planctomycetes,Isosphaerales,Isosphaeraceae,NA,NA
ASV_3607,Bacteria,Pseudomonadota,Gammaproteobacteria,Pseudomonadales,Porticoccaceae,C1-B045,NA
ASV_3608,Bacteria,Bdellovibrionota,Bacteriovoracia,Bacteriovoracales,Bacteriovoracaceae,Peredibacter,NA
ASV_3609,Bacteria,Pseudomonadota,Gammaproteobacteria,Lysobacterales,Rhodanobacteraceae,Ahniella,NA
ASV_3610,Bacteria,Pseudomonadota,Gammaproteobacteria,Burkholderiales,MWH-UniP1 aquatic group,NA,NA
ASV_3611,Bacteria,Pseudomonadota,Gammaproteobacteria,Lysobacterales,Rhodanobacteraceae,Ahniella,NA
ASV_3612,Bacteria,Hydrogenedentes,Hydrogenedentia,Hydrogenedentiales,Hydrogenedensaceae,NA,NA
ASV_3613,Bacteria,Pseudomonadota,Gammaproteobacteria,Lysobacterales,Lysobacteraceae,Arenimonas,NA
ASV_3614,Bacteria,Candidatus Kapabacteria,Kapabacteria,Kapabacteriales,NA,NA,NA
ASV_3615,Bacteria,Bacillota,Bacilli,Staphylococcales,Staphylococcaceae,Staphylococcus,NA
ASV_3616,Bacteria,Bacteroidota,Bacteroidia,Bacteroidales,Rikenellaceae,NA,NA
ASV_3617,Bacteria,Pseudomonadota,Gammaproteobacteria,Burkholderiales,Alcaligenaceae,NA,NA
ASV_3618,Bacteria,Actinomycetota,Actinobacteria,Micrococcales,Microbacteriaceae,Leucobacter,NA
ASV_3619,Bacteria,Bacteroidota,Bacteroidia,Bacteroidales,Prolixibacteraceae,NA,NA
ASV_3620,Bacteria,Cyanobacteriota,Cyanobacteriia,Synechococcales,Cyanobiaceae,Cyanobium PCC-6307,NA
ASV_3621,Bacteria,Patescibacteria,Parcubacteria,Candidatus Nomurabacteria,NA,NA,NA
ASV_3622,Bacteria,Pseudomonadota,Alphaproteobacteria,Hyphomicrobiales,Beijerinckiaceae,alphaI cluster,NA
ASV_3623,Bacteria,Pseudomonadota,Gammaproteobacteria,Burkholderiales,Nitrosomonadaceae,Nitrosomonas,NA
ASV_3624,Bacteria,Pseudomonadota,Gammaproteobacteria,Pseudomonadales,Porticoccaceae,C1-B045,NA
ASV_3625,Bacteria,Pseudomonadota,Gammaproteobacteria,Burkholderiales,Burkholderiaceae,Polynucleobacter,NA
ASV_3626,Bacteria,Verrucomicrobiota,Verrucomicrobiia,Verrucomicrobiales,Verrucomicrobiaceae,Prosthecobacter,NA
ASV_3627,Bacteria,Pseudomonadota,Alphaproteobacteria,Hyphomicrobiales,Devosiaceae,NA,NA
ASV_3628,Bacteria,Bacteroidota,Bacteroidia,Chitinophagales,Chitinophagaceae,Rurimicrobium,NA
ASV_3629,Bacteria,Planctomycetota,Planctomycetes,Planctomycetales,Rubinisphaeraceae,NA,NA
ASV_3630,Bacteria,Pseudomonadota,Gammaproteobacteria,Pseudomonadales,Moraxellaceae,Acinetobacter,NA
ASV_3631,Bacteria,Bacteroidota,Bacteroidia,Bacteroidales,Prolixibacteraceae,NA,NA
ASV_3632,Bacteria,Pseudomonadota,Alphaproteobacteria,Sphingomonadales,Sphingomonadaceae,Novosphingobium,arabidopsis
ASV_3633,Bacteria,Bacteroidota,Bacteroidia,Sphingobacteriales,Lentimicrobiaceae,Lentimicrobium,NA
ASV_3634,Bacteria,Bacillota,Clostridia,Peptostreptococcales-Tissierellales,Anaerovoracaceae,Anaerovorax,NA
ASV_3635,Bacteria,Planctomycetota,Planctomycetes,Isosphaerales,Isosphaeraceae,NA,NA
ASV_3636,Bacteria,Patescibacteria,ABY1,Candidatus Magasanikbacteria,NA,NA,NA
ASV_3637,Bacteria,Pseudomonadota,Gammaproteobacteria,Pseudomonadales,Cellvibrionaceae,Cellvibrio,NA
ASV_3638,Bacteria,Verrucomicrobiota,Verrucomicrobiia,Opitutales,Opitutaceae,Oleiharenicola,NA
ASV_3639,Bacteria,Pseudomonadota,Gammaproteobacteria,Burkholderiales,Burkholderiaceae,Limnobacter,NA
ASV_3640,Bacteria,Pseudomonadota,Alphaproteobacteria,Hyphomicrobiales,Xanthobacteraceae,NA,NA
ASV_3641,Bacteria,Pseudomonadota,Gammaproteobacteria,Competibacterales,Competibacteraceae,Candidatus Competibacter,NA
ASV_3642,Bacteria,Pseudomonadota,Gammaproteobacteria,Lysobacterales,Rhodanobacteraceae,Ahniella,NA
ASV_3643,Bacteria,Actinomycetota,Actinobacteria,PeM15,NA,NA,NA
ASV_3644,Bacteria,Pseudomonadota,Gammaproteobacteria,Enterobacterales,Aeromonadaceae,Tolumonas,NA
ASV_3645,Bacteria,Bacteroidota,Bacteroidia,Chitinophagales,Saprospiraceae,Phaeodactylibacter,NA
ASV_3646,Bacteria,Candidatus Kapabacteria,Kapabacteria,Kapabacteriales,NA,NA,NA
ASV_3647,Bacteria,Bacteroidota,Bacteroidia,NA,NA,NA,NA
ASV_3648,Bacteria,Pseudomonadota,Alphaproteobacteria,Hyphomicrobiales,Beijerinckiaceae,Camelimonas,NA
ASV_3649,Bacteria,Bacillota,Bacilli,Acholeplasmatales,Acholeplasmataceae,EUB33-2,NA
ASV_3650,Bacteria,Bacillota,Desulfitobacteriia,Desulfitobacteriales,Incertae Sedis,TC1,NA
ASV_3651,Bacteria,Thermodesulfobacteriota,Desulfuromonadia,Bradymonadales,NA,NA,NA
ASV_3652,Bacteria,Myxococcota,Polyangiia,Polyangiales,Sandaracinaceae,NA,NA
ASV_3653,Bacteria,Chlamydiota,Chlamydiia,Chlamydiales,Parachlamydiaceae,Candidatus Protochlamydia,NA
ASV_3654,Bacteria,Pseudomonadota,Alphaproteobacteria,Acetobacterales,Acetobacteraceae,Roseomonas,NA
ASV_3655,Bacteria,Verrucomicrobiota,Verrucomicrobiia,Opitutales,Opitutaceae,Oleiharenicola,NA
ASV_3656,Bacteria,Bdellovibrionota,Bacteriovoracia,Bacteriovoracales,Bacteriovoracaceae,Bacteriovorax,NA
ASV_3657,Bacteria,Planctomycetota,Planctomycetes,Pirellulales,Pirellulaceae,NA,NA
ASV_3658,Bacteria,Planctomycetota,Planctomycetes,Gemmatales,Gemmataceae,Tuwongella,NA
ASV_3659,Bacteria,Bdellovibrionota,Bacteriovoracia,Bacteriovoracales,Bacteriovoracaceae,Bacteriovorax,NA
ASV_3660,Bacteria,Pseudomonadota,Gammaproteobacteria,Burkholderiales,Burkholderiaceae,Polynucleobacter,NA
ASV_3661,Bacteria,Pseudomonadota,Gammaproteobacteria,Burkholderiales,Rhodocyclaceae,Rhodocyclus,NA
ASV_3662,Bacteria,Pseudomonadota,Gammaproteobacteria,Burkholderiales,Rhodocyclaceae,C39,NA
ASV_3663,Bacteria,Pseudomonadota,Alphaproteobacteria,Sphingomonadales,Sphingomonadaceae,Altericroceibacterium,NA
ASV_3664,Bacteria,Pseudomonadota,Gammaproteobacteria,Pseudomonadales,Moraxellaceae,Acinetobacter,NA
ASV_3665,Bacteria,Thermodesulfobacteriota,Desulfuromonadia,PB19,NA,NA,NA
ASV_3666,Bacteria,Planctomycetota,Planctomycetes,Pirellulales,Pirellulaceae,NA,NA
ASV_3667,Bacteria,Verrucomicrobiota,Omnitrophia,Omnitrophales,Omnitrophaceae,Candidatus Omnitrophus,NA
ASV_3668,Bacteria,Bacteroidota,Bacteroidia,Chitinophagales,Chitinophagaceae,Flavihumibacter,NA
ASV_3669,Bacteria,Pseudomonadota,Alphaproteobacteria,Acetobacterales,Acetobacteraceae,Roseomonas,NA
ASV_3670,Bacteria,Planctomycetota,Planctomycetes,Planctomycetales,Schlesneriaceae,Planctopirus,NA
ASV_3671,Bacteria,Pseudomonadota,Gammaproteobacteria,Burkholderiales,Comamonadaceae,Hydrogenophaga,NA
ASV_3672,Bacteria,Pseudomonadota,Alphaproteobacteria,Rhodobacterales,Paracoccaceae,Gemmobacter,NA
ASV_3673,Bacteria,Bacteroidota,Bacteroidia,Bacteroidales,Prolixibacteraceae,NA,NA
ASV_3674,Bacteria,Bacteroidota,Bacteroidia,Bacteroidales,Rikenellaceae,Bact-08,NA
ASV_3675,Bacteria,Pseudomonadota,Gammaproteobacteria,Salinisphaerales,Nevskiaceae,Solimonas,NA
ASV_3676,Bacteria,Pseudomonadota,Gammaproteobacteria,Chromatiales,Chromatiaceae,Allochromatium,NA
ASV_3677,Bacteria,Pseudomonadota,Alphaproteobacteria,Sphingomonadales,Sphingomonadaceae,Sphingobium,NA
ASV_3678,Bacteria,Pseudomonadota,Gammaproteobacteria,Burkholderiales,Alcaligenaceae,Saccharedens,NA
ASV_3679,Bacteria,Pseudomonadota,Gammaproteobacteria,Enterobacterales,Alteromonadaceae,Rheinheimera,NA
ASV_3680,Bacteria,Pseudomonadota,Alphaproteobacteria,NA,NA,NA,NA
ASV_3681,Bacteria,Bdellovibrionota,Bdellovibrionia,Bdellovibrionales,Pseudobdellovibrionaceae,OM27 clade,NA
ASV_3682,Bacteria,Actinomycetota,Actinobacteria,Frankiales,Sporichthyaceae,NA,NA
ASV_3683,Bacteria,Pseudomonadota,Alphaproteobacteria,Acetobacterales,Acetobacteraceae,Roseomonas,NA
ASV_3684,Bacteria,Pseudomonadota,Gammaproteobacteria,Methylococcales,Methylococcaceae,Methyloparacoccus,NA
ASV_3685,Bacteria,Bacteroidota,Bacteroidia,Sphingobacteriales,Lentimicrobiaceae,Lentimicrobium,NA
ASV_3686,Bacteria,Pseudomonadota,Gammaproteobacteria,Burkholderiales,Comamonadaceae,Ramlibacter,NA
ASV_3687,Bacteria,Bacteroidota,Bacteroidia,Bacteroidales,Paludibacteraceae,Paludibacter,NA
ASV_3688,Bacteria,Bacteroidota,Bacteroidia,Bacteroidales,Prolixibacteraceae,NA,NA
ASV_3689,Bacteria,Pseudomonadota,Gammaproteobacteria,Burkholderiales,Comamonadaceae,NA,NA
ASV_3690,Bacteria,Pseudomonadota,Gammaproteobacteria,Burkholderiales,Rhodocyclaceae,Thauera,NA
ASV_3691,Bacteria,Bacillota,Desulfitobacteriia,Desulfitobacteriales,Incertae Sedis,TC1,NA
ASV_3692,Bacteria,Bacillota,Bacilli,Erysipelotrichales,Erysipelatoclostridiaceae,UCG-004,NA
ASV_3693,Bacteria,Actinomycetota,Actinobacteria,PeM15,NA,NA,NA
ASV_3694,Bacteria,Pseudomonadota,Gammaproteobacteria,Burkholderiales,Alcaligenaceae,NA,NA
ASV_3695,Bacteria,Pseudomonadota,Gammaproteobacteria,Burkholderiales,Comamonadaceae,NA,NA
ASV_3696,Bacteria,Pseudomonadota,Gammaproteobacteria,Burkholderiales,Rhodocyclaceae,Parazoarcus,NA
ASV_3697,Bacteria,Pseudomonadota,Gammaproteobacteria,Burkholderiales,Methylophilaceae,Methylotenera,NA
ASV_3698,Bacteria,Pseudomonadota,Gammaproteobacteria,Burkholderiales,Comamonadaceae,Leptothrix,NA
ASV_3699,Bacteria,Pseudomonadota,Alphaproteobacteria,Caulobacterales,Hyphomonadaceae,Hyphomonas,NA
ASV_3700,Bacteria,Bacteroidota,Bacteroidia,Sphingobacteriales,env.OPS 17,NA,NA
ASV_3701,Bacteria,Pseudomonadota,Gammaproteobacteria,Gammaproteobacteria Incertae Sedis,Unknown Family,Candidatus Berkiella,NA
ASV_3702,Bacteria,Actinomycetota,Actinobacteria,PeM15,NA,NA,NA
ASV_3703,Bacteria,Pseudomonadota,Alphaproteobacteria,Zavarziniales,Zavarziniaceae,Zavarzinia,NA
ASV_3704,Bacteria,Candidatus Kapabacteria,Kapabacteria,Kapabacteriales,NA,NA,NA
ASV_3705,Bacteria,Pseudomonadota,Alphaproteobacteria,Paracaedibacterales,Paracaedibacteraceae,Candidatus Captivus,NA
ASV_3706,Bacteria,Pseudomonadota,Gammaproteobacteria,Methylococcales,Methylomonadaceae,Methylomonas,NA
ASV_3707,Bacteria,Actinomycetota,Acidimicrobiia,Microtrichales,NA,NA,NA
ASV_3708,Bacteria,Pseudomonadota,Gammaproteobacteria,Burkholderiales,Comamonadaceae,Rubrivivax,NA
ASV_3709,Bacteria,Actinomycetota,Actinobacteria,Micrococcales,Microbacteriaceae,Candidatus Aquiluna,NA
ASV_3710,Bacteria,Pseudomonadota,Gammaproteobacteria,Legionellales,Legionellaceae,Legionella,NA
ASV_3711,Bacteria,Verrucomicrobiota,Verrucomicrobiia,Pedosphaerales,Pedosphaeraceae,ADurb.Bin063-1,NA
ASV_3712,Bacteria,Bacteroidota,Bacteroidia,Bacteroidales,Paludibacteraceae,NA,NA
ASV_3713,Bacteria,Pseudomonadota,Gammaproteobacteria,Burkholderiales,MWH-UniP1 aquatic group,NA,NA
ASV_3714,Bacteria,Bacteroidota,Bacteroidia,Bacteroidales,Paludibacteraceae,NA,NA
ASV_3715,Bacteria,Planctomycetota,Planctomycetes,Pirellulales,Pirellulaceae,NA,NA
ASV_3716,Bacteria,Bacteroidota,Bacteroidia,Sphingobacteriales,Lentimicrobiaceae,NA,NA
ASV_3717,Bacteria,Bacteroidota,Bacteroidia,Sphingobacteriales,NS11-12 marine group,NA,NA
ASV_3718,Bacteria,Actinomycetota,Acidimicrobiia,Microtrichales,NA,NA,NA
ASV_3719,Bacteria,Pseudomonadota,Gammaproteobacteria,Burkholderiales,Alcaligenaceae,Saccharedens,NA
ASV_3720,Bacteria,Pseudomonadota,Gammaproteobacteria,Burkholderiales,Comamonadaceae,NA,NA
ASV_3721,Bacteria,Bacteroidota,Bacteroidia,Chitinophagales,NA,NA,NA
ASV_3722,Bacteria,Bacteroidota,Bacteroidia,Sphingobacteriales,NS11-12 marine group,NA,NA
ASV_3723,Bacteria,Pseudomonadota,Gammaproteobacteria,Burkholderiales,Rhodocyclaceae,Dechloromonas,agitata
ASV_3724,Bacteria,Thermodesulfobacteriota,Desulfobulbia,Desulfobulbales,Desulfocapsaceae,Desulfocastanea,NA
ASV_3725,Bacteria,Pseudomonadota,Gammaproteobacteria,Burkholderiales,Comamonadaceae,Ideonella,dechloratans
ASV_3726,Bacteria,Pseudomonadota,Gammaproteobacteria,Legionellales,Legionellaceae,Legionella,NA
ASV_3727,Bacteria,Pseudomonadota,Gammaproteobacteria,Lysobacterales,Lysobacteraceae,Pseudoxanthomonas,NA
ASV_3728,Bacteria,Pseudomonadota,Gammaproteobacteria,Pseudomonadales,Alcanivoracaceae,Ketobacter,NA
ASV_3729,Bacteria,Bacteroidota,Bacteroidia,Bacteroidales,M2PB4-65 termite group,NA,NA
ASV_3730,Bacteria,Pseudomonadota,Gammaproteobacteria,Chromatiales,Chromatiaceae,Allochromatium,NA
ASV_3731,Bacteria,Bacteroidota,Bacteroidia,Sphingobacteriales,Lentimicrobiaceae,Lentimicrobium,NA
ASV_3732,Bacteria,Bacteroidota,Bacteroidia,Bacteroidales,Paludibacteraceae,NA,NA
ASV_3733,Bacteria,Campylobacterota,Campylobacteria,Campylobacterales,Sulfurimonadaceae,Sulfuricurvum,NA
ASV_3734,Bacteria,Actinomycetota,Actinobacteria,PeM15,NA,NA,NA
ASV_3735,Bacteria,Spirochaetota,Spirochaetia,Spirochaetales,Spirochaetaceae,Sphaerochaeta,NA
ASV_3736,Bacteria,Pseudomonadota,Alphaproteobacteria,Caulobacterales,Hyphomonadaceae,Hyphomonas,NA
ASV_3737,Bacteria,Verrucomicrobiota,Verrucomicrobiia,Opitutales,Opitutaceae,Oleiharenicola,NA
ASV_3738,Bacteria,Patescibacteria,Saccharimonadia,Saccharimonadales,NA,NA,NA
ASV_3739,Bacteria,Pseudomonadota,Gammaproteobacteria,Burkholderiales,Rhodocyclaceae,Parazoarcus,NA
ASV_3740,Bacteria,Pseudomonadota,Gammaproteobacteria,Run-SP154,NA,NA,NA
ASV_3741,Bacteria,Pseudomonadota,Gammaproteobacteria,Burkholderiales,Methylophilaceae,NA,NA
ASV_3742,Bacteria,Pseudomonadota,Gammaproteobacteria,Pseudomonadales,Pseudomonadaceae,Pseudomonas,NA
ASV_3743,Bacteria,Pseudomonadota,Gammaproteobacteria,Competibacterales,Competibacteraceae,Candidatus Competibacter,NA
ASV_3744,Bacteria,Bacteroidota,Bacteroidia,Flavobacteriales,Flavobacteriaceae,Flavobacterium,NA
ASV_3745,Bacteria,Thermodesulfobacteriota,Desulfovibrionia,Desulfovibrionales,Desulfomicrobiaceae,Desulfomicrobium,aestuarii
ASV_3746,Bacteria,Pseudomonadota,Alphaproteobacteria,Rickettsiales,Rickettsiaceae,Candidatus Megaira,NA
ASV_3747,Bacteria,Pseudomonadota,Gammaproteobacteria,Salinisphaerales,Nevskiaceae,Stagnimonas,NA
ASV_3748,Bacteria,Bacteroidota,Bacteroidia,Bacteroidales,Prolixibacteraceae,NA,NA
ASV_3749,Bacteria,Bacteroidota,Bacteroidia,Chitinophagales,Chitinophagaceae,Dinghuibacter,NA
ASV_3750,Bacteria,Actinomycetota,Actinobacteria,PeM15,NA,NA,NA
ASV_3751,Bacteria,Pseudomonadota,Alphaproteobacteria,Sphingomonadales,Sphingomonadaceae,Novosphingobium,NA
ASV_3752,Bacteria,Pseudomonadota,Gammaproteobacteria,Burkholderiales,Comamonadaceae,NA,NA
ASV_3753,Bacteria,Gemmatimonadota,Gemmatimonadia,Gemmatimonadales,Gemmatimonadaceae,Gemmatimonas,NA
ASV_3754,Bacteria,Bacteroidota,Bacteroidia,Sphingobacteriales,Sphingobacteriaceae,Daejeonella,NA
ASV_3755,Bacteria,Gemmatimonadota,Gemmatimonadia,Gemmatimonadales,Gemmatimonadaceae,Gemmatimonas,NA
ASV_3756,Bacteria,Pseudomonadota,Alphaproteobacteria,NA,NA,NA,NA
ASV_3757,Bacteria,Pseudomonadota,Gammaproteobacteria,Burkholderiales,Nitrosomonadaceae,oc32,NA
ASV_3758,Bacteria,Pseudomonadota,Gammaproteobacteria,Salinisphaerales,Nevskiaceae,Hydrocarboniphaga,NA
ASV_3759,Bacteria,Pseudomonadota,Gammaproteobacteria,Burkholderiales,Methylophilaceae,MM2,NA
ASV_3760,Bacteria,Bdellovibrionota,Bacteriovoracia,Bacteriovoracales,Bacteriovoracaceae,Bacteriovorax,NA
ASV_3761,Bacteria,Pseudomonadota,Alphaproteobacteria,Sphingomonadales,Sphingomonadaceae,NA,NA
ASV_3762,Bacteria,Pseudomonadota,Gammaproteobacteria,Salinisphaerales,Nevskiaceae,Panacagrimonas,NA
ASV_3763,Bacteria,Pseudomonadota,Gammaproteobacteria,Burkholderiales,Comamonadaceae,Ottowia,NA
ASV_3764,Bacteria,Pseudomonadota,Alphaproteobacteria,Caulobacterales,Caulobacteraceae,Phenylobacterium,NA
ASV_3765,Bacteria,Pseudomonadota,Gammaproteobacteria,Burkholderiales,Rhodocyclaceae,Thauera,humireducens
ASV_3766,Bacteria,Actinomycetota,Actinobacteria,Micrococcales,Demequinaceae,Demequina,NA
ASV_3767,Bacteria,Actinomycetota,Actinobacteria,Micrococcales,Microbacteriaceae,ML602J-51,NA
ASV_3768,Bacteria,Pseudomonadota,Gammaproteobacteria,Burkholderiales,MWH-UniP1 aquatic group,NA,NA
ASV_3769,Bacteria,Pseudomonadota,Gammaproteobacteria,Pseudomonadales,Moraxellaceae,Acinetobacter,beijerinckii
ASV_3770,Bacteria,Pseudomonadota,Gammaproteobacteria,Burkholderiales,Comamonadaceae,Inhella,NA
ASV_3771,Bacteria,Pseudomonadota,Gammaproteobacteria,Salinisphaerales,Nevskiaceae,Polycyclovorans,NA
ASV_3772,Bacteria,Pseudomonadota,Gammaproteobacteria,Burkholderiales,Rhodocyclaceae,Dechlorobacter,NA
ASV_3773,Bacteria,Bacteroidota,Bacteroidia,Bacteroidales,Prevotellaceae,Segatella,NA
ASV_3774,Bacteria,Bacteroidota,Bacteroidia,Bacteroidales,Porphyromonadaceae,Porphyromonas,endodontalis
ASV_3775,Bacteria,Pseudomonadota,Alphaproteobacteria,Parvibaculales,Parvibaculaceae,Parvibaculum,NA
ASV_3776,Bacteria,Pseudomonadota,Gammaproteobacteria,Rickettsiellales,Rickettsiellaceae,NA,NA
ASV_3777,Bacteria,Pseudomonadota,Gammaproteobacteria,Burkholderiales,Rhodocyclaceae,Dechlorobacter,NA
ASV_3778,Bacteria,Pseudomonadota,Alphaproteobacteria,Sphingomonadales,Sphingomonadaceae,Sphingoaurantiacus,NA
ASV_3779,Bacteria,Pseudomonadota,Gammaproteobacteria,Burkholderiales,Rhodocyclaceae,NA,NA
ASV_3780,Bacteria,Verrucomicrobiota,Verrucomicrobiia,Opitutales,Opitutaceae,Oleiharenicola,NA
ASV_3781,Bacteria,Bacteroidota,Bacteroidia,Sphingobacteriales,Lentimicrobiaceae,Lentimicrobium,NA
ASV_3782,Bacteria,Pseudomonadota,Gammaproteobacteria,Burkholderiales,Rhodocyclaceae,Dechloromonas,agitata
ASV_3783,Bacteria,Pseudomonadota,Gammaproteobacteria,Burkholderiales,Comamonadaceae,NA,NA
ASV_3784,Bacteria,Pseudomonadota,Gammaproteobacteria,Burkholderiales,Rhodocyclaceae,C39,NA
ASV_3785,Bacteria,Pseudomonadota,Gammaproteobacteria,Lysobacterales,Rhodanobacteraceae,Aquimonas,voraii
ASV_3786,Bacteria,Pseudomonadota,Gammaproteobacteria,Burkholderiales,Methylophilaceae,NA,NA
ASV_3787,Bacteria,Pseudomonadota,Alphaproteobacteria,Caulobacterales,Caulobacteraceae,Phenylobacterium,NA
ASV_3788,Bacteria,Myxococcota,Polyangiia,Blfdi19,NA,NA,NA
ASV_3789,Bacteria,Dependentiae,Babeliae,Babeliales,NA,NA,NA
ASV_3790,Bacteria,Pseudomonadota,Gammaproteobacteria,Lysobacterales,Lysobacteraceae,Arenimonas,NA
ASV_3791,Bacteria,Pseudomonadota,Gammaproteobacteria,Burkholderiales,Rhodocyclaceae,Propionivibrio,NA
ASV_3792,Bacteria,Chlamydiota,Chlamydiia,Chlamydiales,Parachlamydiaceae,NA,NA
ASV_3793,Bacteria,Bacteroidota,Bacteroidia,Chitinophagales,NA,NA,NA
ASV_3794,Bacteria,Pseudomonadota,Gammaproteobacteria,Burkholderiales,Comamonadaceae,Ideonella,NA
ASV_3795,Bacteria,Pseudomonadota,Alphaproteobacteria,NA,NA,NA,NA
ASV_3796,Bacteria,Pseudomonadota,Gammaproteobacteria,Lysobacterales,Lysobacteraceae,Arenimonas,malthae
ASV_3797,Bacteria,Pseudomonadota,Gammaproteobacteria,Burkholderiales,Neisseriaceae,NA,NA
ASV_3798,Bacteria,Verrucomicrobiota,Verrucomicrobiia,Opitutales,Opitutaceae,Cephaloticoccus,NA
ASV_3799,Bacteria,Pseudomonadota,Gammaproteobacteria,Lysobacterales,Lysobacteraceae,Stenotrophomonas,maltophilia
ASV_3800,Bacteria,Pseudomonadota,Gammaproteobacteria,Burkholderiales,Burkholderiaceae,Polynucleobacter,NA
ASV_3801,Bacteria,Pseudomonadota,Gammaproteobacteria,Burkholderiales,Comamonadaceae,NA,NA
ASV_3802,Bacteria,Bacillota,Bacilli,Erysipelotrichales,Erysipelotrichaceae,Erysipelothrix,NA
ASV_3803,Bacteria,Bacteroidota,Bacteroidia,Flavobacteriales,Crocinitomicaceae,Fluviicola,NA
ASV_3804,Bacteria,Bdellovibrionota,Bacteriovoracia,Bacteriovoracales,Bacteriovoracaceae,Peredibacter,NA
ASV_3805,Bacteria,Pseudomonadota,Gammaproteobacteria,Pseudomonadales,NA,NA,NA
ASV_3806,Bacteria,Pseudomonadota,Gammaproteobacteria,Burkholderiales,Comamonadaceae,Hydrogenophaga,NA
ASV_3807,Bacteria,Pseudomonadota,Gammaproteobacteria,Burkholderiales,Oxalobacteraceae,Lacisediminimonas,NA
ASV_3808,Bacteria,Bacillota,Clostridia,Peptostreptococcales-Tissierellales,Anaerovoracaceae,Anaerovorax,NA
ASV_3809,Bacteria,Pseudomonadota,Gammaproteobacteria,Pseudomonadales,Pseudomonadaceae,Pseudomonas,NA
ASV_3810,Bacteria,Pseudomonadota,Gammaproteobacteria,Burkholderiales,Neisseriaceae,Eikenella,NA
ASV_3811,Bacteria,Pseudomonadota,Alphaproteobacteria,Rhodobacterales,Paracoccaceae,Fuscovulum,NA
ASV_3812,Bacteria,Pseudomonadota,Alphaproteobacteria,Hyphomicrobiales,Hyphomicrobiaceae,Pedomicrobium,NA
ASV_3813,Bacteria,Pseudomonadota,Gammaproteobacteria,Burkholderiales,Rhodocyclaceae,Thauera,phenylacetica
ASV_3814,Bacteria,Pseudomonadota,Alphaproteobacteria,Rhodobacterales,Paracoccaceae,NA,NA
ASV_3815,Bacteria,Pseudomonadota,Alphaproteobacteria,Caulobacterales,Caulobacteraceae,Caulobacter,NA
ASV_3816,Bacteria,Actinomycetota,Actinobacteria,PeM15,NA,NA,NA
ASV_3817,Bacteria,Pseudomonadota,Gammaproteobacteria,Burkholderiales,Comamonadaceae,Hydrogenophaga,NA
ASV_3818,Bacteria,Pseudomonadota,Alphaproteobacteria,Caulobacterales,Caulobacteraceae,Phenylobacterium,NA
ASV_3819,Bacteria,Pseudomonadota,Gammaproteobacteria,Burkholderiales,Comamonadaceae,Pseudacidovorax,NA
ASV_3820,Bacteria,Pseudomonadota,Gammaproteobacteria,Burkholderiales,Chromobacteriaceae,Vogesella,NA
ASV_3821,Bacteria,Pseudomonadota,Gammaproteobacteria,Salinisphaerales,Nevskiaceae,Stagnimonas,NA
ASV_3822,Bacteria,Pseudomonadota,Alphaproteobacteria,Parvibaculales,Parvibaculaceae,Parvibaculum,NA
ASV_3823,Bacteria,Pseudomonadota,Gammaproteobacteria,Burkholderiales,Rhodocyclaceae,Thauera,NA
ASV_3824,Bacteria,Verrucomicrobiota,Verrucomicrobiia,Verrucomicrobiales,Verrucomicrobiaceae,Prosthecobacter,NA
ASV_3825,Bacteria,Pseudomonadota,Gammaproteobacteria,Enterobacterales,Aeromonadaceae,Tolumonas,NA
ASV_3826,Bacteria,Bacteroidota,Bacteroidia,Chitinophagales,Chitinophagaceae,NA,NA
ASV_3827,Bacteria,Pseudomonadota,Alphaproteobacteria,Caulobacterales,Caulobacteraceae,Caulobacter,daechungensis
ASV_3828,Bacteria,Bacteroidota,Bacteroidia,Sphingobacteriales,Sphingobacteriaceae,Daejeonella,NA
ASV_3829,Bacteria,Pseudomonadota,Alphaproteobacteria,NA,NA,NA,NA
ASV_3830,Bacteria,Pseudomonadota,Gammaproteobacteria,Enterobacterales,Alteromonadaceae,Rheinheimera,NA
ASV_3831,Bacteria,Pseudomonadota,Gammaproteobacteria,Burkholderiales,Alcaligenaceae,Saccharedens,NA
ASV_3832,Bacteria,Verrucomicrobiota,Verrucomicrobiia,Opitutales,Opitutaceae,Opitutus,NA
ASV_3833,Bacteria,Planctomycetota,OM190,NA,NA,NA,NA
ASV_3834,Bacteria,Bacteroidota,Bacteroidia,Flavobacteriales,Flavobacteriaceae,Flavobacterium,NA
ASV_3835,Bacteria,Pseudomonadota,Gammaproteobacteria,Burkholderiales,Comamonadaceae,NA,NA
ASV_3836,Bacteria,Pseudomonadota,Alphaproteobacteria,Rhodobacterales,Paracoccaceae,Gemmobacter,NA
ASV_3837,Bacteria,Bacteroidota,Bacteroidia,Chitinophagales,Saprospiraceae,NA,NA
ASV_3838,Bacteria,Bacillota,Clostridia,Oscillospirales,Ruminococcaceae,Candidatus Soleaferrea,NA
ASV_3839,Bacteria,Bacillota,Bacilli,Erysipelotrichales,NA,NA,NA
ASV_3840,Bacteria,Bacillota,Bacilli,Acholeplasmatales,Acholeplasmataceae,Acholeplasma,NA
ASV_3841,Bacteria,Pseudomonadota,Gammaproteobacteria,Burkholderiales,Comamonadaceae,NA,NA
ASV_3842,Bacteria,Verrucomicrobiota,Verrucomicrobiia,Verrucomicrobiales,Verrucomicrobiaceae,Prosthecobacter,NA
ASV_3843,Bacteria,Pseudomonadota,Gammaproteobacteria,Burkholderiales,Methylophilaceae,Methylophilus,NA
ASV_3844,Bacteria,Actinomycetota,Actinobacteria,Propionibacteriales,Nocardioidaceae,Aeromicrobium,NA
ASV_3845,Bacteria,Actinomycetota,Actinobacteria,Frankiales,NA,NA,NA
ASV_3846,Bacteria,Patescibacteria,WWE3,NA,NA,NA,NA
ASV_3847,Bacteria,Actinomycetota,Actinobacteria,Frankiales,NA,NA,NA
ASV_3848,Bacteria,Pseudomonadota,Gammaproteobacteria,Burkholderiales,Comamonadaceae,NA,NA
ASV_3849,Bacteria,Bacteroidota,Bacteroidia,Sphingobacteriales,Lentimicrobiaceae,Lentimicrobium,NA
ASV_3850,Bacteria,Bacteroidota,Bacteroidia,Bacteroidales,Prevotellaceae,NA,NA
ASV_3851,Bacteria,Pseudomonadota,Gammaproteobacteria,Pseudomonadales,Spongiibacteraceae,BD1-7 clade,NA
ASV_3852,Bacteria,Bacillota,Bacilli,Erysipelotrichales,NA,NA,NA
ASV_3853,Bacteria,Pseudomonadota,Alphaproteobacteria,Azospirillales,Azospirillales Incertae Sedis,Stella,NA
ASV_3854,Bacteria,Pseudomonadota,Gammaproteobacteria,Burkholderiales,Comamonadaceae,Curvibacter,NA
ASV_3855,Bacteria,Pseudomonadota,Gammaproteobacteria,Lysobacterales,Lysobacteraceae,Pseudoxanthomonas,mexicana
ASV_3856,Bacteria,Hydrogenedentes,Hydrogenedentia,Hydrogenedentiales,Hydrogenedensaceae,NA,NA
ASV_3857,Bacteria,Pseudomonadota,Gammaproteobacteria,Burkholderiales,Procabacteriaceae,Procabacter,NA
ASV_3858,Bacteria,Pseudomonadota,Alphaproteobacteria,Sphingomonadales,Sphingomonadaceae,Novosphingobium,NA
ASV_3859,Bacteria,Verrucomicrobiota,Verrucomicrobiia,Opitutales,Opitutaceae,Cephaloticoccus,NA
ASV_3860,Bacteria,Bacteroidota,Bacteroidia,Chitinophagales,Chitinophagaceae,Flavihumibacter,NA
ASV_3861,Bacteria,Pseudomonadota,Gammaproteobacteria,Burkholderiales,Rhodocyclaceae,Dechloromonas,agitata
ASV_3862,Bacteria,Pseudomonadota,Gammaproteobacteria,Burkholderiales,Comamonadaceae,Ottowia,NA
ASV_3863,Bacteria,Actinomycetota,Actinobacteria,PeM15,NA,NA,NA
ASV_3864,Bacteria,Pseudomonadota,Gammaproteobacteria,Burkholderiales,Methylophilaceae,Methylophilus,rhizosphaerae
ASV_3865,Bacteria,Actinomycetota,Acidimicrobiia,Microtrichales,Ilumatobacteraceae,CL500-29 marine group,NA
ASV_3866,Bacteria,Thermodesulfobacteriota,Desulfobacteria,Desulfobacterales,Desulfobacteraceae,Desulfobacter,NA
ASV_3867,Bacteria,Verrucomicrobiota,Kiritimatiellia,WCHB1-41,NA,NA,NA
ASV_3868,Bacteria,Verrucomicrobiota,Verrucomicrobiia,Verrucomicrobiales,Rubritaleaceae,Luteolibacter,NA
ASV_3869,Bacteria,Pseudomonadota,Gammaproteobacteria,Burkholderiales,Oxalobacteraceae,CM1G08,NA
ASV_3870,Bacteria,Pseudomonadota,Gammaproteobacteria,Burkholderiales,Comamonadaceae,Comamonas,NA
ASV_3871,Bacteria,Bacteroidota,Bacteroidia,Flavobacteriales,Crocinitomicaceae,Fluviicola,NA
ASV_3872,Bacteria,Bacteroidota,Bacteroidia,Bacteroidales,Rikenellaceae,DMER64,NA
ASV_3873,Bacteria,Patescibacteria,Dojkabacteria,NA,NA,NA,NA
ASV_3874,Bacteria,Bacteroidota,Bacteroidia,Chitinophagales,37-13,NA,NA
ASV_3875,Bacteria,Actinomycetota,Actinobacteria,Micrococcales,Microbacteriaceae,Aurantimicrobium,NA
ASV_3876,Bacteria,Pseudomonadota,Gammaproteobacteria,Enterobacterales,Alteromonadaceae,Rheinheimera,NA
ASV_3877,Bacteria,Bacteroidota,Bacteroidia,Bacteroidales,M2PB4-65 termite group,NA,NA
ASV_3878,Bacteria,Bacillota,Bacilli,Lactobacillales,Streptococcaceae,Streptococcus,NA
ASV_3879,Bacteria,Pseudomonadota,Alphaproteobacteria,Rhodobacterales,Paracoccaceae,Fuscovulum,NA
ASV_3880,Bacteria,Pseudomonadota,Alphaproteobacteria,Caulobacterales,Hyphomonadaceae,Hyphomonas,NA
ASV_3881,Bacteria,Pseudomonadota,Gammaproteobacteria,Run-SP154,NA,NA,NA
ASV_3882,Bacteria,Pseudomonadota,Gammaproteobacteria,Burkholderiales,Rhodocyclaceae,Dechlorobacter,NA
ASV_3883,Bacteria,Bacteroidota,Bacteroidia,Chitinophagales,Chitinophagaceae,NA,NA
ASV_3884,Bacteria,Bacteroidota,Bacteroidia,Bacteroidales,Prolixibacteraceae,NA,NA
ASV_3885,Bacteria,Bacteroidota,Bacteroidia,Chitinophagales,Chitinophagaceae,Flavihumibacter,NA
ASV_3886,Bacteria,Bacteroidota,Bacteroidia,Bacteroidales,Prolixibacteraceae,NA,NA
ASV_3887,Bacteria,Chlamydiota,Chlamydiia,Chlamydiales,Parachlamydiaceae,Neochlamydia,NA
ASV_3888,Bacteria,Verrucomicrobiota,Lentisphaeria,Oligosphaerales,Oligosphaeraceae,Oligosphaera,NA
ASV_3889,Bacteria,Bacillota,Bacilli,Erysipelotrichales,Erysipelatoclostridiaceae,UCG-004,NA
ASV_3890,Bacteria,Pseudomonadota,Alphaproteobacteria,Sphingomonadales,Sphingomonadaceae,Novosphingobium,NA
ASV_3891,Bacteria,Pseudomonadota,Gammaproteobacteria,Enterobacterales,Alteromonadaceae,Rheinheimera,NA
ASV_3892,Bacteria,Pseudomonadota,Gammaproteobacteria,Burkholderiales,Methylophilaceae,UBA6140,NA
ASV_3893,Bacteria,Pseudomonadota,Gammaproteobacteria,Burkholderiales,Comamonadaceae,Hydrogenophaga,soli
ASV_3894,Bacteria,Pseudomonadota,Gammaproteobacteria,Pseudomonadales,211ds20,NA,NA
ASV_3895,Bacteria,Pseudomonadota,Gammaproteobacteria,Burkholderiales,Alcaligenaceae,NA,NA
ASV_3896,Bacteria,Pseudomonadota,Gammaproteobacteria,Burkholderiales,Comamonadaceae,Leptothrix,NA
ASV_3897,Bacteria,Hydrogenedentes,Hydrogenedentia,Hydrogenedentiales,Hydrogenedensaceae,NA,NA
ASV_3898,Bacteria,Pseudomonadota,Gammaproteobacteria,Burkholderiales,Burkholderiaceae,Limnobacter,NA
ASV_3899,Bacteria,Pseudomonadota,Alphaproteobacteria,Rhodobacterales,Paracoccaceae,Fuscovulum,NA
ASV_3900,Bacteria,Pseudomonadota,Alphaproteobacteria,Defluviicoccales,NA,NA,NA
ASV_3901,Bacteria,Verrucomicrobiota,Verrucomicrobiia,Opitutales,Opitutaceae,Oleiharenicola,NA
ASV_3902,Bacteria,Actinomycetota,Actinobacteria,Micrococcales,Microbacteriaceae,Candidatus Aquiluna,NA
ASV_3903,Bacteria,Acidobacteriota,Acidobacteriae,Bryobacterales,Bryobacteraceae,Paludibaculum,NA
ASV_3904,Bacteria,Pseudomonadota,Gammaproteobacteria,Burkholderiales,Burkholderiaceae,Lautropia,NA
ASV_3905,Bacteria,Pseudomonadota,Gammaproteobacteria,R7C24,NA,NA,NA
ASV_3906,Bacteria,Pseudomonadota,Gammaproteobacteria,Rickettsiellales,Rickettsiellaceae,NA,NA
ASV_3907,Bacteria,Pseudomonadota,Gammaproteobacteria,Enterobacterales,Enterobacteriaceae,Escherichia-Shigella,NA
ASV_3908,Bacteria,Pseudomonadota,Alphaproteobacteria,Tistrellales,Tistrellaceae,Tistrella,mobilis
ASV_3909,Bacteria,Pseudomonadota,Gammaproteobacteria,Burkholderiales,Comamonadaceae,Macromonas,NA
ASV_3910,Bacteria,Bacteroidota,Bacteroidia,Bacteroidales,Prolixibacteraceae,WCHB1-32,NA
ASV_3911,Bacteria,Actinomycetota,Actinobacteria,Propionibacteriales,Nocardioidaceae,Aeromicrobium,NA
ASV_3912,Bacteria,Bacteroidota,Bacteroidia,Flavobacteriales,Crocinitomicaceae,Fluviicola,NA
ASV_3913,Bacteria,Bacillota,Clostridia,Peptostreptococcales-Tissierellales,Anaerovoracaceae,[Eubacterium] brachy group,NA
ASV_3914,Bacteria,Synergistota,Synergistia,Synergistales,Synergistaceae,NA,NA
ASV_3915,Bacteria,Bacteroidota,Bacteroidia,Chitinophagales,Chitinophagaceae,Nemorincola,NA
ASV_3916,Bacteria,Pseudomonadota,Gammaproteobacteria,Burkholderiales,Rhodocyclaceae,C39,NA
ASV_3917,Bacteria,Verrucomicrobiota,Verrucomicrobiia,Verrucomicrobiales,Verrucomicrobiaceae,Prosthecobacter,NA
ASV_3918,Bacteria,Pseudomonadota,Gammaproteobacteria,Burkholderiales,Burkholderiaceae,Polynucleobacter,NA
ASV_3919,Bacteria,Bacteroidota,Bacteroidia,Cytophagales,Cyclobacteriaceae,Algoriphagus,NA
ASV_3920,Bacteria,Bacteroidota,Bacteroidia,NA,NA,NA,NA
ASV_3921,Bacteria,Actinomycetota,Actinobacteria,Frankiales,Sporichthyaceae,hgcI clade,NA
ASV_3922,Bacteria,Bacteroidota,Bacteroidia,Sphingobacteriales,NA,NA,NA
ASV_3923,Bacteria,Pseudomonadota,Gammaproteobacteria,Lysobacterales,Lysobacteraceae,Thermomonas,NA
ASV_3924,Bacteria,Bacteroidota,Bacteroidia,Flavobacteriales,Weeksellaceae,Bergeyella,NA
ASV_3925,Bacteria,Bacteroidota,Bacteroidia,Chitinophagales,Saprospiraceae,Phaeodactylibacter,NA
ASV_3926,Bacteria,Bacteroidota,Bacteroidia,Flavobacteriales,Cryomorphaceae,Vicingus,NA
ASV_3927,Bacteria,Pseudomonadota,Gammaproteobacteria,Burkholderiales,Comamonadaceae,Sphaerotilus,NA
ASV_3928,Bacteria,Bacillota,Bacilli,Acholeplasmatales,Acholeplasmataceae,Acholeplasma,NA
ASV_3929,Bacteria,Pseudomonadota,Gammaproteobacteria,Burkholderiales,Rhodocyclaceae,Methyloversatilis,NA
ASV_3930,Bacteria,Actinomycetota,Actinobacteria,Propionibacteriales,Nocardioidaceae,Nocardioides,NA
ASV_3931,Bacteria,Pseudomonadota,Gammaproteobacteria,Burkholderiales,Burkholderiaceae,Polynucleobacter,NA
ASV_3932,Bacteria,Pseudomonadota,Alphaproteobacteria,Rhodobacterales,Paracoccaceae,Rhodobacter,NA
ASV_3933,Bacteria,Acidobacteriota,Acidobacteriae,Bryobacterales,Bryobacteraceae,Paludibaculum,NA
ASV_3934,Bacteria,Pseudomonadota,Gammaproteobacteria,Burkholderiales,Rhodocyclaceae,C39,NA
ASV_3935,Bacteria,Pseudomonadota,Gammaproteobacteria,Salinisphaerales,Nevskiaceae,Solimonas,NA
ASV_3936,Bacteria,Bacteroidota,Bacteroidia,Chitinophagales,Chitinophagaceae,Nemorincola,NA
ASV_3937,Bacteria,Bacteroidota,Bacteroidia,Sphingobacteriales,NA,NA,NA
ASV_3938,Bacteria,Pseudomonadota,Alphaproteobacteria,Sphingomonadales,Sphingomonadaceae,Erythrobacter,NA
ASV_3939,Bacteria,Pseudomonadota,Gammaproteobacteria,Burkholderiales,Comamonadaceae,Hydrogenophaga,NA
ASV_3940,Bacteria,Pseudomonadota,Alphaproteobacteria,Sphingomonadales,Sphingomonadaceae,NA,NA
ASV_3941,Bacteria,Pseudomonadota,Alphaproteobacteria,Acetobacterales,Acetobacteraceae,Rhodovastum,NA
ASV_3942,Bacteria,Verrucomicrobiota,Verrucomicrobiia,NA,NA,NA,NA
ASV_3943,Archaea,Halobacteriota,Methanosarcinia,Methanosarcinales,Methanosaetaceae,Methanothrix,NA
ASV_3944,Bacteria,Pseudomonadota,Alphaproteobacteria,Rickettsiales,Mitochondria,NA,NA
ASV_3945,Bacteria,Actinomycetota,Actinobacteria,Micrococcales,Microbacteriaceae,Aurantimicrobium,minutum
ASV_3946,Bacteria,Planctomycetota,Planctomycetes,Planctomycetales,Rubinisphaeraceae,SH-PL14,NA
ASV_3947,Bacteria,Pseudomonadota,Gammaproteobacteria,Burkholderiales,Rhodocyclaceae,Dechloromonas,NA
ASV_3948,Bacteria,Pseudomonadota,Gammaproteobacteria,Run-SP154,NA,NA,NA
ASV_3949,Bacteria,Bacteroidota,Bacteroidia,Flavobacteriales,Crocinitomicaceae,Fluviicola,NA
ASV_3950,Bacteria,Pseudomonadota,Gammaproteobacteria,Burkholderiales,Comamonadaceae,Ottowia,NA
ASV_3951,Bacteria,Bacteroidota,Bacteroidia,Sphingobacteriales,NS11-12 marine group,NA,NA
ASV_3952,Bacteria,Pseudomonadota,Gammaproteobacteria,Burkholderiales,Comamonadaceae,NA,NA
ASV_3953,Bacteria,Bacteroidota,Bacteroidia,Sphingobacteriales,NA,NA,NA
ASV_3954,Bacteria,Pseudomonadota,Gammaproteobacteria,Burkholderiales,Hydrogenophilaceae,Thiobacillus,NA
ASV_3955,Bacteria,Pseudomonadota,Gammaproteobacteria,Enterobacterales,Alteromonadaceae,Rheinheimera,NA
ASV_3956,Bacteria,Thermodesulfobacteriota,Desulfobacteria,Desulfobacterales,Desulfobacteraceae,Desulfobacter,NA
ASV_3957,Bacteria,Pseudomonadota,Gammaproteobacteria,Burkholderiales,Nitrosomonadaceae,Nitrosomonas,NA
ASV_3958,Bacteria,Actinomycetota,Actinobacteria,Micrococcales,Microbacteriaceae,ML602J-51,NA
ASV_3959,Bacteria,Verrucomicrobiota,Verrucomicrobiia,Opitutales,Opitutaceae,Opitutus,NA
ASV_3960,Bacteria,Bdellovibrionota,Bacteriovoracia,Bacteriovoracales,Bacteriovoracaceae,Peredibacter,NA
ASV_3961,Bacteria,Pseudomonadota,Gammaproteobacteria,Burkholderiales,Burkholderiaceae,Limnobacter,NA
ASV_3962,Bacteria,Pseudomonadota,Gammaproteobacteria,Burkholderiales,MWH-UniP1 aquatic group,NA,NA
ASV_3963,Bacteria,Pseudomonadota,Gammaproteobacteria,Enterobacterales,Pasteurellaceae,Aggregatibacter,NA
ASV_3964,Bacteria,Bacteroidota,Bacteroidia,Bacteroidales,Prolixibacteraceae,WCHB1-32,NA
ASV_3965,Bacteria,Bacteroidota,Bacteroidia,Chitinophagales,37-13,NA,NA
ASV_3966,Bacteria,Bacillota,Bacilli,Erysipelotrichales,NA,NA,NA
ASV_3967,Bacteria,Verrucomicrobiota,Verrucomicrobiia,Opitutales,Opitutaceae,Oleiharenicola,NA
ASV_3968,Bacteria,Bacteroidota,Bacteroidia,Flavobacteriales,Flavobacteriaceae,Flavobacterium,NA
ASV_3969,Bacteria,Pseudomonadota,Gammaproteobacteria,Burkholderiales,Nitrosomonadaceae,Nitrosomonas,NA
ASV_3970,Bacteria,Actinomycetota,Actinobacteria,PeM15,NA,NA,NA
ASV_3971,Bacteria,Pseudomonadota,Alphaproteobacteria,Caulobacterales,Caulobacteraceae,Caulobacter,NA
ASV_3972,Bacteria,Pseudomonadota,Gammaproteobacteria,Burkholderiales,Neisseriaceae,NA,NA
ASV_3973,Bacteria,Pseudomonadota,Alphaproteobacteria,Caulobacterales,Caulobacteraceae,Caulobacter,NA
ASV_3974,Bacteria,Verrucomicrobiota,Kiritimatiellia,WCHB1-41,NA,NA,NA
ASV_3975,Bacteria,Cyanobacteriota,Cyanobacteriia,Synechococcales,Cyanobiaceae,Cyanobium PCC-6307,NA
ASV_3976,Bacteria,Pseudomonadota,Gammaproteobacteria,Burkholderiales,Alcaligenaceae,NA,NA
ASV_3977,Bacteria,Synergistota,Synergistia,Synergistales,Synergistaceae,NA,NA
ASV_3978,Bacteria,Bacteroidota,Bacteroidia,Bacteroidales,Paludibacteraceae,Paludibacter,NA
ASV_3979,Bacteria,Verrucomicrobiota,Verrucomicrobiia,Pedosphaerales,Pedosphaeraceae,DEV114,NA
ASV_3980,Bacteria,Patescibacteria,Parcubacteria,Candidatus Moranbacteria,NA,NA,NA
ASV_3981,Bacteria,Bacteroidota,Bacteroidia,Sphingobacteriales,Lentimicrobiaceae,Lentimicrobium,NA
ASV_3982,Bacteria,Pseudomonadota,Gammaproteobacteria,Salinisphaerales,Nevskiaceae,NA,NA
ASV_3983,Bacteria,Verrucomicrobiota,Verrucomicrobiia,Opitutales,Opitutaceae,Oleiharenicola,NA
ASV_3984,Bacteria,Pseudomonadota,Gammaproteobacteria,Pseudomonadales,Moraxellaceae,Permianibacter,NA
ASV_3985,Bacteria,Verrucomicrobiota,Verrucomicrobiia,Chthoniobacterales,Terrimicrobiaceae,Terrimicrobium,NA
ASV_3986,Bacteria,Planctomycetota,Planctomycetes,Gemmatales,Gemmataceae,NA,NA
ASV_3987,Bacteria,Pseudomonadota,Gammaproteobacteria,Burkholderiales,Comamonadaceae,Comamonas,jiangduensis
ASV_3988,Bacteria,Pseudomonadota,Gammaproteobacteria,Chromatiales,Chromatiaceae,Allochromatium,NA
ASV_3989,Bacteria,Bacillota,Bacilli,Lactobacillales,Streptococcaceae,Streptococcus,NA
ASV_3990,Bacteria,Spirochaetota,Spirochaetia,Spirochaetales,Spirochaetaceae,Sphaerochaeta,NA
ASV_3991,Bacteria,Bacillota,Bacilli,Erysipelotrichales,Erysipelatoclostridiaceae,UCG-004,NA
ASV_3992,Bacteria,Bacillota,Clostridia,Lachnospirales,Lachnospiraceae,Catonella,NA
ASV_3993,Bacteria,Bacteroidota,Bacteroidia,Bacteroidales,Prevotellaceae,Prevotella,NA
ASV_3994,Bacteria,Pseudomonadota,Alphaproteobacteria,Caulobacterales,Caulobacteraceae,Phenylobacterium,NA
ASV_3995,Bacteria,Pseudomonadota,Alphaproteobacteria,NA,NA,NA,NA
ASV_3996,Bacteria,Verrucomicrobiota,Verrucomicrobiia,Verrucomicrobiales,Verrucomicrobiaceae,Prosthecobacter,NA
ASV_3997,Bacteria,Pseudomonadota,Alphaproteobacteria,Hyphomicrobiales,Hyphomicrobiales Incertae Sedis,NA,NA
ASV_3998,Bacteria,Pseudomonadota,Gammaproteobacteria,Salinisphaerales,Nevskiaceae,Solimonas,NA
ASV_3999,Bacteria,Thermodesulfobacteriota,Desulfovibrionia,Desulfovibrionales,Desulfomicrobiaceae,Desulfomicrobium,NA
ASV_4000,Bacteria,Pseudomonadota,Gammaproteobacteria,Chromatiales,Chromatiaceae,Allochromatium,NA
ASV_4001,Bacteria,Bacteroidota,Bacteroidia,Chitinophagales,Saprospiraceae,Haliscomenobacter,NA
ASV_4002,Bacteria,Pseudomonadota,Gammaproteobacteria,Methylococcales,Methylococcaceae,Methyloparacoccus,NA
ASV_4003,Bacteria,Pseudomonadota,Alphaproteobacteria,Sphingomonadales,Sphingomonadaceae,Novosphingobium,NA
ASV_4004,Bacteria,Bacteroidota,Bacteroidia,Bacteroidales,Paludibacteraceae,Paludibacter,NA
ASV_4005,Bacteria,Pseudomonadota,Alphaproteobacteria,Caulobacterales,Caulobacteraceae,Phenylobacterium,NA
ASV_4006,Bacteria,Pseudomonadota,Alphaproteobacteria,Rhodospirillales,Rhodospirillaceae,Novispirillum,itersonii
ASV_4007,Bacteria,Bacillota,Clostridia,Clostridia vadinBB60 group,NA,NA,NA
ASV_4008,Bacteria,Actinomycetota,Actinobacteria,Frankiales,Sporichthyaceae,hgcI clade,NA
ASV_4009,Bacteria,Thermodesulfobacteriota,Desulfobulbia,Desulfobulbales,Desulfobulbaceae,Desulfobulbus,NA
ASV_4010,Bacteria,Bacteroidota,Bacteroidia,Chitinophagales,Chitinophagaceae,Dinghuibacter,NA
ASV_4011,Bacteria,Chlamydiota,Chlamydiia,Chlamydiales,Criblamydiaceae,Estrella,NA
ASV_4012,Bacteria,Chlorobiota,Chlorobia,Chlorobiales,Chlorobiaceae,Chlorobaculum,NA
ASV_4013,Bacteria,Bacteroidota,Bacteroidia,Sphingobacteriales,Lentimicrobiaceae,Lentimicrobium,NA
ASV_4014,Bacteria,Pseudomonadota,Gammaproteobacteria,Burkholderiales,Comamonadaceae,Ottowia,NA
ASV_4015,Bacteria,Pseudomonadota,Gammaproteobacteria,Burkholderiales,Comamonadaceae,Ideonella,paludis
ASV_4016,Bacteria,Pseudomonadota,Alphaproteobacteria,Caulobacterales,Caulobacteraceae,Phenylobacterium,muchangponense
ASV_4017,Bacteria,Patescibacteria,Parcubacteria,Candidatus Nomurabacteria,NA,NA,NA
ASV_4018,Bacteria,Pseudomonadota,Gammaproteobacteria,Burkholderiales,Comamonadaceae,NA,NA
ASV_4019,Bacteria,Pseudomonadota,Alphaproteobacteria,Rhodospirillales,Rhodospirillaceae,NA,NA
ASV_4020,Bacteria,Thermodesulfobacteriota,Desulfovibrionia,Desulfovibrionales,Desulfovibrionaceae,Desulfovibrio,desulfuricans
ASV_4021,Bacteria,Bdellovibrionota,Bacteriovoracia,Bacteriovoracales,Bacteriovoracaceae,Peredibacter,NA
ASV_4022,Bacteria,Actinomycetota,Actinobacteria,Propionibacteriales,Nocardioidaceae,Aeromicrobium,NA
ASV_4023,Bacteria,Pseudomonadota,Gammaproteobacteria,Burkholderiales,Alcaligenaceae,Verticiella,NA
ASV_4024,Bacteria,Pseudomonadota,Gammaproteobacteria,Burkholderiales,Rhodocyclaceae,Thauera,phenylacetica
ASV_4025,Bacteria,Pseudomonadota,Gammaproteobacteria,Run-SP154,NA,NA,NA
ASV_4026,Bacteria,Pseudomonadota,Alphaproteobacteria,Dongiales,Dongiaceae,Dongia,NA
ASV_4027,Bacteria,Pseudomonadota,Alphaproteobacteria,Azospirillales,Azospirillaceae,Azospirillum,fermentarium
ASV_4028,Bacteria,Pseudomonadota,Alphaproteobacteria,Hyphomicrobiales,Rhizobiaceae,Falsochrobactrum,NA
ASV_4029,Bacteria,Pseudomonadota,Gammaproteobacteria,Burkholderiales,Burkholderiaceae,Polynucleobacter,NA
ASV_4030,Bacteria,Pseudomonadota,Gammaproteobacteria,Burkholderiales,Rhodocyclaceae,Dechloromonas,NA
ASV_4031,Bacteria,Bacteroidota,Bacteroidia,Flavobacteriales,Crocinitomicaceae,Fluviicola,NA
ASV_4032,Bacteria,Pseudomonadota,Gammaproteobacteria,Burkholderiales,Methylophilaceae,MM2,NA
ASV_4033,Bacteria,Bacteroidota,Bacteroidia,Sphingobacteriales,NS11-12 marine group,NA,NA
ASV_4034,Bacteria,Pseudomonadota,Gammaproteobacteria,Salinisphaerales,Nevskiaceae,Sinimarinibacterium,NA
ASV_4035,Bacteria,Thermodesulfobacteriota,Desulfovibrionia,Desulfovibrionales,Desulfomicrobiaceae,Desulfomicrobium,NA
ASV_4036,Bacteria,Patescibacteria,Dojkabacteria,NA,NA,NA,NA
ASV_4037,Bacteria,Myxococcota,Polyangiia,Nannocystales,Nannocystaceae,Nannocystis,NA
ASV_4038,Bacteria,Actinomycetota,Actinobacteria,Frankiales,Sporichthyaceae,NA,NA
ASV_4039,Bacteria,Bacteroidota,Bacteroidia,Bacteroidales,Prolixibacteraceae,Roseimarinus,NA
ASV_4040,Bacteria,Bacteroidota,Bacteroidia,Bacteroidales,Prolixibacteraceae,NA,NA
ASV_4041,Bacteria,Acidobacteriota,Holophagae,Holophagales,Holophagaceae,Holophaga,NA
ASV_4042,Bacteria,Actinomycetota,Actinobacteria,PeM15,NA,NA,NA
ASV_4043,Bacteria,Bdellovibrionota,Bacteriovoracia,Bacteriovoracales,Bacteriovoracaceae,Peredibacter,NA
ASV_4044,Bacteria,Bacteroidota,Bacteroidia,Chitinophagales,NA,NA,NA
ASV_4045,Bacteria,Pseudomonadota,Alphaproteobacteria,Rhodobacterales,Paracoccaceae,Gemmobacter,NA
ASV_4046,Bacteria,Actinomycetota,Actinobacteria,Micrococcales,Microbacteriaceae,Leifsonia,NA
ASV_4047,Archaea,Halobacteriota,Methanosarcinia,Methanosarcinales,Methanosaetaceae,Methanothrix,NA
ASV_4048,Bacteria,Pseudomonadota,Alphaproteobacteria,Parvibaculales,Parvibaculaceae,Parvibaculum,NA
ASV_4049,Bacteria,Ignavibacteriota,Ignavibacteria,Ignavibacteriales,Ignavibacteriaceae,Ignavibacterium,NA
ASV_4050,Bacteria,Pseudomonadota,Alphaproteobacteria,Rhodobacterales,Paracoccaceae,Fuscovulum,NA
ASV_4051,Bacteria,Pseudomonadota,Gammaproteobacteria,Pseudomonadales,Halomonadaceae,HdN1,NA
ASV_4052,Bacteria,Actinomycetota,Actinobacteria,Micrococcales,Microbacteriaceae,Aurantimicrobium,NA
ASV_4053,Bacteria,Pseudomonadota,Gammaproteobacteria,Burkholderiales,Methylophilaceae,Methylophilus,rhizosphaerae
ASV_4054,Bacteria,Cyanobacteriota,Sericytochromatia,NA,NA,NA,NA
ASV_4055,Bacteria,Pseudomonadota,Alphaproteobacteria,Rhodobacterales,Paracoccaceae,Rhodobacter,NA
ASV_4056,Bacteria,SAR324 clade(Marine group B),Incertae Sedis,Incertae Sedis,Incertae Sedis,Candidatus Nitrosoarchaeum,NA
ASV_4057,Bacteria,Bacteroidota,Bacteroidia,Chitinophagales,Chitinophagaceae,Terrimonas,NA
ASV_4058,Bacteria,Planctomycetota,OM190,NA,NA,NA,NA
ASV_4059,Bacteria,Thermodesulfobacteriota,Desulfuromonadia,Bradymonadales,NA,NA,NA
ASV_4060,Bacteria,Bacillota,Clostridia,Peptostreptococcales-Tissierellales,Peptostreptococcaceae,Acetoanaerobium,NA
ASV_4061,Bacteria,Pseudomonadota,Gammaproteobacteria,Burkholderiales,Rhodocyclaceae,Thauera,NA
ASV_4062,Bacteria,Chlorobiota,Chlorobia,Chlorobiales,Chlorobiaceae,Chlorobaculum,NA
ASV_4063,Bacteria,Actinomycetota,Actinobacteria,Propionibacteriales,Nocardioidaceae,Aeromicrobium,NA
ASV_4064,Bacteria,Pseudomonadota,Gammaproteobacteria,Chromatiales,Chromatiaceae,Allochromatium,vinosum
ASV_4065,Bacteria,Pseudomonadota,Alphaproteobacteria,Acetobacterales,Acetobacteraceae,Rhodovastum,NA
ASV_4066,Archaea,Halobacteriota,Methanosarcinia,Methanosarcinales,Methanosaetaceae,Methanothrix,NA
ASV_4067,Bacteria,Bacteroidota,Bacteroidia,Chitinophagales,Chitinophagaceae,Rurimicrobium,NA
ASV_4068,Bacteria,Pseudomonadota,Gammaproteobacteria,Burkholderiales,Rhodocyclaceae,Dechloromonas,NA
ASV_4069,Bacteria,Pseudomonadota,Gammaproteobacteria,Enterobacterales,Alteromonadaceae,Rheinheimera,NA
ASV_4070,Bacteria,Pseudomonadota,Gammaproteobacteria,Lysobacterales,Lysobacteraceae,Arenimonas,malthae
ASV_4071,Bacteria,Planctomycetota,Planctomycetes,Planctomycetales,Schlesneriaceae,Planctopirus,NA
ASV_4072,Bacteria,Pseudomonadota,Gammaproteobacteria,Burkholderiales,Alcaligenaceae,NA,NA
ASV_4073,Bacteria,Pseudomonadota,Gammaproteobacteria,Chromatiales,Chromatiaceae,Allochromatium,NA
ASV_4074,Bacteria,Pseudomonadota,Gammaproteobacteria,Chromatiales,Chromatiaceae,Allochromatium,NA
ASV_4075,Bacteria,Pseudomonadota,Gammaproteobacteria,Burkholderiales,MWH-UniP1 aquatic group,NA,NA
ASV_4076,Bacteria,Pseudomonadota,Gammaproteobacteria,Chromatiales,Chromatiaceae,Allochromatium,NA
ASV_4077,Bacteria,Pseudomonadota,Gammaproteobacteria,Lysobacterales,Lysobacteraceae,Arenimonas,NA
ASV_4078,Bacteria,Pseudomonadota,Gammaproteobacteria,Burkholderiales,Methylophilaceae,Methylophilus,leisingeri
ASV_4079,Bacteria,Actinomycetota,Acidimicrobiia,Microtrichales,Ilumatobacteraceae,CL500-29 marine group,NA
ASV_4080,Bacteria,Bacteroidota,Bacteroidia,Sphingobacteriales,LiUU-11-161,NA,NA
ASV_4081,Bacteria,Actinomycetota,Actinobacteria,PeM15,NA,NA,NA
ASV_4082,Bacteria,Pseudomonadota,Gammaproteobacteria,Burkholderiales,Comamonadaceae,Inhella,NA
ASV_4083,Bacteria,Pseudomonadota,Alphaproteobacteria,Sphingomonadales,Sphingomonadaceae,Sphingoaurantiacus,NA
ASV_4084,Bacteria,Pseudomonadota,Gammaproteobacteria,Burkholderiales,Comamonadaceae,Candidatus Symbiobacter,NA
ASV_4085,Bacteria,Pseudomonadota,Gammaproteobacteria,Burkholderiales,Comamonadaceae,NA,NA
ASV_4086,Bacteria,Chlamydiota,Chlamydiia,Chlamydiales,Simkaniaceae,NA,NA
ASV_4087,Bacteria,Pseudomonadota,Gammaproteobacteria,Burkholderiales,Rhodocyclaceae,Methyloversatilis,NA
ASV_4088,Bacteria,Pseudomonadota,Alphaproteobacteria,Rickettsiales,Rickettsiaceae,NA,NA
ASV_4089,Bacteria,Actinomycetota,Actinobacteria,Frankiales,Sporichthyaceae,hgcI clade,NA
ASV_4090,Bacteria,Pseudomonadota,Gammaproteobacteria,R7C24,NA,NA,NA
ASV_4091,Bacteria,Pseudomonadota,Gammaproteobacteria,Salinisphaerales,Nevskiaceae,Fontimonas,NA
ASV_4092,Bacteria,Bacteroidota,Bacteroidia,Bacteroidales,Prolixibacteraceae,NA,NA
ASV_4093,Bacteria,Pseudomonadota,Gammaproteobacteria,Salinisphaerales,Nevskiaceae,Solimonas,NA
ASV_4094,Bacteria,Hydrogenedentes,Hydrogenedentia,Hydrogenedentiales,Hydrogenedensaceae,NA,NA
ASV_4095,Bacteria,Campylobacterota,Campylobacteria,Campylobacterales,Arcobacteraceae,Arcobacter,cryaerophilus
ASV_4096,Bacteria,Bacteroidota,Bacteroidia,Chitinophagales,Saprospiraceae,NA,NA
ASV_4097,Bacteria,Patescibacteria,Gracilibacteria,Absconditabacteriales (SR1),NA,NA,NA
ASV_4098,Bacteria,Verrucomicrobiota,Kiritimatiellia,WCHB1-41,NA,NA,NA
ASV_4099,Bacteria,Bacteroidota,Bacteroidia,Bacteroidales,Rikenellaceae,NA,NA
ASV_4100,Bacteria,Pseudomonadota,Gammaproteobacteria,Burkholderiales,Comamonadaceae,NA,NA
ASV_4101,Bacteria,Pseudomonadota,Gammaproteobacteria,Lysobacterales,Lysobacteraceae,Silanimonas,NA
ASV_4102,Bacteria,Myxococcota,Polyangiia,Polyangiales,Sandaracinaceae,NA,NA
ASV_4103,Bacteria,Pseudomonadota,Gammaproteobacteria,Pseudomonadales,Porticoccaceae,C1-B045,NA
ASV_4104,Bacteria,Actinomycetota,Acidimicrobiia,Microtrichales,Ilumatobacteraceae,NA,NA
ASV_4105,Bacteria,Pseudomonadota,Gammaproteobacteria,Burkholderiales,Nitrosomonadaceae,Nitrosomonas,NA
ASV_4106,Bacteria,Patescibacteria,ABY1,Candidatus Uhrbacteria,NA,NA,NA
ASV_4107,Bacteria,Patescibacteria,Gracilibacteria,Absconditabacteriales (SR1),NA,NA,NA
ASV_4108,Bacteria,Pseudomonadota,Alphaproteobacteria,Ferrovibrionales,Ferrovibrionaceae,Ferrovibrio,NA
ASV_4109,Bacteria,Hydrogenedentes,Hydrogenedentia,Hydrogenedentiales,Hydrogenedensaceae,NA,NA
ASV_4110,Bacteria,Actinomycetota,Actinobacteria,Frankiales,NA,NA,NA
ASV_4111,Bacteria,Pseudomonadota,Gammaproteobacteria,Burkholderiales,Neisseriaceae,NA,NA
ASV_4112,Bacteria,Planctomycetota,Planctomycetes,Planctomycetales,Rubinisphaeraceae,NA,NA
ASV_4113,Bacteria,Bacteroidota,Bacteroidia,Bacteroidales,Paludibacteraceae,Paludibacter,NA
ASV_4114,Bacteria,Bacteroidota,Bacteroidia,Bacteroidales,M2PB4-65 termite group,NA,NA
ASV_4115,Bacteria,Pseudomonadota,Alphaproteobacteria,Hyphomicrobiales,Pleomorphomonadaceae,Prosthecomicrobium,hirschii
ASV_4116,Bacteria,Pseudomonadota,Gammaproteobacteria,Salinisphaerales,Nevskiaceae,Solimonas,NA
ASV_4117,Bacteria,Pseudomonadota,Alphaproteobacteria,Rickettsiales,Mitochondria,NA,NA
ASV_4118,Bacteria,Bdellovibrionota,Bacteriovoracia,Bacteriovoracales,Bacteriovoracaceae,Peredibacter,NA
ASV_4119,Bacteria,Pseudomonadota,Alphaproteobacteria,Caulobacterales,Caulobacteraceae,Phenylobacterium,NA
ASV_4120,Bacteria,Verrucomicrobiota,Verrucomicrobiia,Verrucomicrobiales,Verrucomicrobiaceae,Prosthecobacter,NA
ASV_4121,Bacteria,Pseudomonadota,Gammaproteobacteria,Burkholderiales,Comamonadaceae,Ottowia,NA
ASV_4122,Bacteria,Bacteroidota,Bacteroidia,Bacteroidales,Paludibacteraceae,Paludibacter,NA
ASV_4123,Bacteria,Chlamydiota,Chlamydiia,Chlamydiales,Parachlamydiaceae,Neochlamydia,NA
ASV_4124,Bacteria,Verrucomicrobiota,Verrucomicrobiia,Opitutales,Opitutaceae,Oleiharenicola,NA
ASV_4125,Bacteria,Bacteroidota,Bacteroidia,Flavobacteriales,Crocinitomicaceae,Fluviicola,NA
ASV_4126,Bacteria,Actinomycetota,Actinobacteria,PeM15,NA,NA,NA
ASV_4127,Bacteria,Verrucomicrobiota,Verrucomicrobiia,Pedosphaerales,Pedosphaeraceae,DEV114,NA
ASV_4128,Bacteria,Chloroflexota,Chloroflexia,Chloroflexales,Roseiflexaceae,NA,NA
ASV_4129,Bacteria,Deinococcota,Deinococci,Thermales,Thermaceae,Allomeiothermus,NA
ASV_4130,Bacteria,Bacteroidota,Bacteroidia,Sphingobacteriales,Sphingobacteriaceae,Daejeonella,NA
ASV_4131,Bacteria,Pseudomonadota,Alphaproteobacteria,Paracaedibacterales,Paracaedibacteraceae,NA,NA
ASV_4132,Bacteria,Pseudomonadota,Alphaproteobacteria,Caulobacterales,Hyphomonadaceae,Hyphomonas,NA
ASV_4133,Bacteria,Pseudomonadota,Gammaproteobacteria,Burkholderiales,Comamonadaceae,Macromonas,NA
ASV_4134,Bacteria,Synergistota,Synergistia,Synergistales,Synergistaceae,Syner-01,NA
ASV_4135,Bacteria,Bacillota,Bacilli,Lactobacillales,Carnobacteriaceae,Dolosigranulum,pigrum
ASV_4136,Bacteria,Planctomycetota,Planctomycetes,Pirellulales,Pirellulaceae,NA,NA
ASV_4137,Bacteria,Pseudomonadota,Alphaproteobacteria,Rickettsiales,Rickettsiaceae,NA,NA
ASV_4138,Bacteria,Pseudomonadota,Gammaproteobacteria,Burkholderiales,Procabacteriaceae,Procabacter,NA
ASV_4139,Bacteria,Pseudomonadota,Alphaproteobacteria,Parvibaculales,Parvibaculaceae,Parvibaculum,NA
ASV_4140,Bacteria,Bacteroidota,Bacteroidia,Flavobacteriales,NS9 marine group,NA,NA
ASV_4141,Bacteria,Ignavibacteriota,Ignavibacteria,Ignavibacteriales,Ignavibacteriaceae,Ignavibacterium,NA
ASV_4142,Bacteria,Pseudomonadota,Gammaproteobacteria,Burkholderiales,Comamonadaceae,Hydrogenophaga,soli
ASV_4143,Bacteria,Pseudomonadota,Gammaproteobacteria,Methylococcales,Methylomonadaceae,Methylomicrobium,NA
ASV_4144,Bacteria,Bacteroidota,Bacteroidia,Bacteroidetes VC2.1 Bac22,NA,NA,NA
ASV_4145,Bacteria,Pseudomonadota,Alphaproteobacteria,Rhodobacterales,Paracoccaceae,Gemmobacter,NA
ASV_4146,Bacteria,Pseudomonadota,Gammaproteobacteria,Burkholderiales,Comamonadaceae,Aquabacterium,NA
ASV_4147,Bacteria,Pseudomonadota,Alphaproteobacteria,NA,NA,NA,NA
ASV_4148,Bacteria,Patescibacteria,Dojkabacteria,NA,NA,NA,NA
ASV_4149,Bacteria,Bacteroidota,Bacteroidia,Flavobacteriales,Cryomorphaceae,NA,NA
ASV_4150,Bacteria,Thermodesulfobacteriota,Desulfobacteria,Desulfobacterales,Desulfosarcinaceae,NA,NA
ASV_4151,Bacteria,Pseudomonadota,Alphaproteobacteria,Ferrovibrionales,Ferrovibrionaceae,Ferrovibrio,NA
ASV_4152,Bacteria,Hydrogenedentes,Hydrogenedentia,Hydrogenedentiales,Hydrogenedensaceae,NA,NA
ASV_4153,Bacteria,Cyanobacteriota,Cyanobacteriia,Chloroplast,NA,NA,NA
ASV_4154,Bacteria,Pseudomonadota,Alphaproteobacteria,Rhodobacterales,Paracoccaceae,Fuscovulum,NA
ASV_4155,Bacteria,Pseudomonadota,Alphaproteobacteria,Caulobacterales,Caulobacteraceae,Phenylobacterium,NA
ASV_4156,Bacteria,Bacteroidota,Bacteroidia,Chitinophagales,Chitinophagaceae,Dinghuibacter,NA
ASV_4157,Bacteria,Patescibacteria,Saccharimonadia,Saccharimonadales,NA,NA,NA
ASV_4158,Bacteria,Bdellovibrionota,Oligoflexia,0319-6G20,NA,NA,NA
ASV_4159,Bacteria,Dependentiae,Babeliae,Babeliales,NA,NA,NA
ASV_4160,Bacteria,Pseudomonadota,Gammaproteobacteria,Burkholderiales,Methylophilaceae,UBA6140,NA
ASV_4161,Bacteria,Bacillota,Bacilli,Mycoplasmatales,Mycoplasmataceae,Mycoplasma,NA
ASV_4162,Bacteria,Planctomycetota,Planctomycetes,Isosphaerales,Isosphaeraceae,Aquisphaera,NA
ASV_4163,Bacteria,Pseudomonadota,Alphaproteobacteria,Sphingomonadales,Sphingomonadaceae,DSSF69,NA
ASV_4164,Bacteria,Cyanobacteriota,Cyanobacteriia,Cyanobacteriales,Microcystaceae,Microcystis PCC-7914,NA
ASV_4165,Bacteria,Pseudomonadota,Alphaproteobacteria,Caulobacterales,Hyphomonadaceae,Hirschia,NA
ASV_4166,Bacteria,Pseudomonadota,Gammaproteobacteria,Rickettsiellales,Rickettsiellaceae,NA,NA
ASV_4167,Bacteria,Cyanobacteriota,Sericytochromatia,NA,NA,NA,NA
ASV_4168,Bacteria,Pseudomonadota,Gammaproteobacteria,Pseudomonadales,Moraxellaceae,Cavicella,NA
ASV_4169,Bacteria,Pseudomonadota,Alphaproteobacteria,Hyphomicrobiales,Pleomorphomonadaceae,Prosthecomicrobium,hirschii
ASV_4170,Bacteria,Bacteroidota,Bacteroidia,Flavobacteriales,Crocinitomicaceae,Fluviicola,NA
ASV_4171,Bacteria,Hydrogenedentes,Hydrogenedentia,Hydrogenedentiales,Hydrogenedensaceae,NA,NA
ASV_4172,Bacteria,Pseudomonadota,Alphaproteobacteria,Hyphomicrobiales,Hyphomicrobiaceae,Pedomicrobium,NA
ASV_4173,Bacteria,Actinomycetota,Actinobacteria,Micrococcales,Microbacteriaceae,Candidatus Aquiluna,NA
ASV_4174,Bacteria,Pseudomonadota,Alphaproteobacteria,Holosporales,Holosporaceae,Candidatus Paraholospora,NA
ASV_4175,Bacteria,Pseudomonadota,Gammaproteobacteria,Salinisphaerales,Nevskiaceae,Stagnimonas,NA
ASV_4176,Bacteria,Pseudomonadota,Alphaproteobacteria,Parvibaculales,Parvibaculaceae,Parvibaculum,NA
ASV_4177,Bacteria,Actinomycetota,Actinobacteria,Mycobacteriales,Mycobacteriaceae,Mycobacterium,NA
ASV_4178,Bacteria,Pseudomonadota,Alphaproteobacteria,Rhodobacterales,Paracoccaceae,NA,NA
ASV_4179,Bacteria,Pseudomonadota,Alphaproteobacteria,Azospirillales,Azospirillaceae,Niveispirillum,NA
ASV_4180,Bacteria,Actinomycetota,Actinobacteria,PeM15,NA,NA,NA
ASV_4181,Bacteria,Pseudomonadota,Gammaproteobacteria,Pseudomonadales,Pseudomonadaceae,Pseudomonas,NA
ASV_4182,Bacteria,Ignavibacteriota,Ignavibacteria,Ignavibacteriales,Ignavibacteriaceae,Ignavibacterium,NA
ASV_4183,Bacteria,Bacteroidota,Bacteroidia,Flavobacteriales,Cryomorphaceae,NA,NA
ASV_4184,Bacteria,Pseudomonadota,Alphaproteobacteria,NA,NA,NA,NA
ASV_4185,Bacteria,Pseudomonadota,Gammaproteobacteria,Burkholderiales,Alcaligenaceae,Saccharedens,NA
ASV_4186,Bacteria,Pseudomonadota,Alphaproteobacteria,Caulobacterales,Caulobacteraceae,Phenylobacterium,NA
ASV_4187,Bacteria,Pseudomonadota,Alphaproteobacteria,Hyphomicrobiales,Beijerinckiaceae,Camelimonas,NA
ASV_4188,Bacteria,Synergistota,Synergistia,Synergistales,Synergistaceae,NA,NA
ASV_4189,Bacteria,Pseudomonadota,Alphaproteobacteria,Rhodobacterales,Paracoccaceae,Fuscovulum,NA
ASV_4190,Bacteria,Pseudomonadota,Gammaproteobacteria,Burkholderiales,Comamonadaceae,Limnohabitans,NA
ASV_4191,Bacteria,Pseudomonadota,Alphaproteobacteria,Rickettsiales,Rickettsiaceae,Candidatus Megaira,NA
ASV_4192,Bacteria,Pseudomonadota,Alphaproteobacteria,Rhodobacterales,Paracoccaceae,Fuscovulum,NA
ASV_4193,Bacteria,Myxococcota,Polyangiia,Blfdi19,NA,NA,NA
ASV_4194,Bacteria,Pseudomonadota,Alphaproteobacteria,Ferrovibrionales,Ferrovibrionaceae,Ferrovibrio,NA
ASV_4195,Bacteria,Pseudomonadota,Alphaproteobacteria,Caulobacterales,Hyphomonadaceae,Hyphomonas,NA
ASV_4196,Bacteria,Actinomycetota,Actinobacteria,Frankiales,Sporichthyaceae,NA,NA
ASV_4197,Bacteria,Pseudomonadota,Gammaproteobacteria,Burkholderiales,Comamonadaceae,NA,NA
ASV_4198,Bacteria,Pseudomonadota,Alphaproteobacteria,Rhodobacterales,Paracoccaceae,Fuscovulum,NA
ASV_4199,Bacteria,Bacillota,Clostridia,Lachnospirales,Lachnospiraceae,Anaerobium,acetethylicum
ASV_4200,Bacteria,Pseudomonadota,Gammaproteobacteria,Enterobacterales,Aeromonadaceae,Pseudaeromonas,sharmana
ASV_4201,Bacteria,Pseudomonadota,Gammaproteobacteria,Burkholderiales,Comamonadaceae,Ramlibacter,NA
ASV_4202,Bacteria,Pseudomonadota,Gammaproteobacteria,Pseudomonadales,Moraxellaceae,Cavicella,NA
ASV_4203,Bacteria,Pseudomonadota,Alphaproteobacteria,Rickettsiales,Rickettsiaceae,NA,NA
ASV_4204,Bacteria,Planctomycetota,Planctomycetes,Gemmatales,Gemmataceae,Tuwongella,NA
ASV_4205,Bacteria,Planctomycetota,Planctomycetes,Gemmatales,Gemmataceae,NA,NA
ASV_4206,Bacteria,Pseudomonadota,Alphaproteobacteria,Rickettsiales,NA,NA,NA
ASV_4207,Bacteria,Pseudomonadota,Gammaproteobacteria,Burkholderiales,Rhodocyclaceae,Dechloromonas,agitata
ASV_4208,Archaea,Halobacteriota,Methanosarcinia,Methanosarcinales,Methanosaetaceae,Methanothrix,NA
ASV_4209,Bacteria,Pseudomonadota,Alphaproteobacteria,Azospirillales,Azospirillaceae,Niveispirillum,NA
ASV_4210,Bacteria,Pseudomonadota,Gammaproteobacteria,Ga0077536,NA,NA,NA
ASV_4211,Bacteria,Chlamydiota,Chlamydiia,Chlamydiales,Parachlamydiaceae,Neochlamydia,NA
ASV_4212,Bacteria,Bacteroidota,Bacteroidia,Flavobacteriales,Flavobacteriaceae,Flavobacterium,NA
ASV_4213,Bacteria,Ignavibacteriota,Ignavibacteria,Ignavibacteriales,Ignavibacteriaceae,Ignavibacterium,NA
ASV_4214,Bacteria,Pseudomonadota,Alphaproteobacteria,Parvibaculales,Parvibaculaceae,Parvibaculum,NA
ASV_4215,Bacteria,Pseudomonadota,Alphaproteobacteria,Azospirillales,Azospirillales Incertae Sedis,Stella,NA
ASV_4216,Bacteria,Bacteroidota,Bacteroidia,Chitinophagales,Chitinophagaceae,Rurimicrobium,NA
ASV_4217,Bacteria,Pseudomonadota,Alphaproteobacteria,Rhodobacterales,Paracoccaceae,Fuscovulum,NA
ASV_4218,Bacteria,Pseudomonadota,Gammaproteobacteria,Burkholderiales,Burkholderiaceae,Limnobacter,NA
ASV_4219,Bacteria,Thermodesulfobacteriota,Desulfovibrionia,Desulfovibrionales,Desulfomicrobiaceae,Desulfomicrobium,NA
ASV_4220,Bacteria,Margulisbacteria,NA,NA,NA,NA,NA
ASV_4221,Bacteria,Pseudomonadota,Alphaproteobacteria,Rickettsiales,Midichloriaceae,NA,NA
ASV_4222,Bacteria,Pseudomonadota,Gammaproteobacteria,Burkholderiales,Comamonadaceae,NA,NA
ASV_4223,Bacteria,Pseudomonadota,Gammaproteobacteria,Burkholderiales,Rhodocyclaceae,Dechlorobacter,NA
ASV_4224,Bacteria,Bacteroidota,Bacteroidia,Bacteroidales,Prevotellaceae,Segatella,NA
ASV_4225,Bacteria,Fibrobacterota,Fibrobacteria,Fibrobacterales,Fibrobacteraceae,NA,NA
ASV_4226,Bacteria,Pseudomonadota,Gammaproteobacteria,Chromatiales,Chromatiaceae,Allochromatium,NA
ASV_4227,Bacteria,Chlamydiota,Chlamydiia,Chlamydiales,Parachlamydiaceae,NA,NA
ASV_4228,Bacteria,Actinomycetota,Actinobacteria,PeM15,NA,NA,NA
ASV_4229,Bacteria,Pseudomonadota,Alphaproteobacteria,Rhodobacterales,Paracoccaceae,NA,NA
ASV_4230,Bacteria,Planctomycetota,Planctomycetes,Gemmatales,Gemmataceae,NA,NA
ASV_4231,Bacteria,Actinomycetota,Actinobacteria,PeM15,NA,NA,NA
ASV_4232,Bacteria,Pseudomonadota,Alphaproteobacteria,Defluviicoccales,NA,NA,NA
ASV_4233,Bacteria,Pseudomonadota,Gammaproteobacteria,Burkholderiales,Comamonadaceae,Ramlibacter,NA
ASV_4234,Bacteria,Pseudomonadota,Gammaproteobacteria,Methylococcales,Methylomonadaceae,Methylomonas,NA
ASV_4235,Bacteria,Pseudomonadota,Alphaproteobacteria,Azospirillales,Azospirillales Incertae Sedis,Stella,NA
ASV_4236,Bacteria,Pseudomonadota,Alphaproteobacteria,Dongiales,Dongiaceae,Dongia,NA
ASV_4237,Bacteria,Bacteroidota,Bacteroidia,Bacteroidales,Paludibacteraceae,Paludibacter,NA
ASV_4238,Bacteria,Pseudomonadota,Alphaproteobacteria,Caulobacterales,Caulobacteraceae,Caulobacter,NA
ASV_4239,Bacteria,Pseudomonadota,Gammaproteobacteria,Chromatiales,Chromatiaceae,Allochromatium,NA
ASV_4240,Bacteria,Patescibacteria,Parcubacteria,Candidatus Nomurabacteria,NA,NA,NA
ASV_4241,Bacteria,Pseudomonadota,Alphaproteobacteria,Acetobacterales,Acetobacteraceae,Roseomonas,NA
ASV_4242,Bacteria,Pseudomonadota,Alphaproteobacteria,Rhodobacterales,Paracoccaceae,Fuscovulum,NA
ASV_4243,Bacteria,Pseudomonadota,Alphaproteobacteria,Caulobacterales,Caulobacteraceae,Phenylobacterium,NA
ASV_4244,Bacteria,Pseudomonadota,Gammaproteobacteria,Salinisphaerales,Nevskiaceae,NA,NA
ASV_4245,Bacteria,Bacteroidota,Bacteroidia,Bacteroidales,Dysgonomonadaceae,NA,NA
ASV_4246,Bacteria,Patescibacteria,Gracilibacteria,Absconditabacteriales (SR1),NA,NA,NA
ASV_4247,Bacteria,Pseudomonadota,Gammaproteobacteria,Pseudomonadales,Moraxellaceae,Acinetobacter,NA
ASV_4248,Bacteria,Bdellovibrionota,Bacteriovoracia,Bacteriovoracales,Bacteriovoracaceae,Peredibacter,NA
ASV_4249,Bacteria,Pseudomonadota,Alphaproteobacteria,Hyphomicrobiales,Hyphomicrobiaceae,Pedomicrobium,NA
ASV_4250,Bacteria,Pseudomonadota,Alphaproteobacteria,Acetobacterales,Acetobacteraceae,Roseomonas,NA
ASV_4251,Bacteria,Pseudomonadota,Gammaproteobacteria,Salinisphaerales,Nevskiaceae,NA,NA
ASV_4252,Bacteria,Dependentiae,Babeliae,Babeliales,Babeliaceae,NA,NA
ASV_4253,Bacteria,Pseudomonadota,Gammaproteobacteria,Salinisphaerales,Nevskiaceae,NA,NA
ASV_4254,Bacteria,Bacteroidota,Bacteroidia,Flavobacteriales,Flavobacteriaceae,Flavobacterium,NA
ASV_4255,Bacteria,Pseudomonadota,Gammaproteobacteria,Burkholderiales,Comamonadaceae,Ideonella,NA
ASV_4256,Bacteria,Pseudomonadota,Gammaproteobacteria,Methylococcales,Methylomonadaceae,Methylomonas,NA
ASV_4257,Bacteria,Bacteroidota,Bacteroidia,Flavobacteriales,Crocinitomicaceae,Fluviicola,NA
ASV_4258,Bacteria,Bacteroidota,Bacteroidia,Bacteroidales,Paludibacteraceae,Paludibacter,NA
ASV_4259,Bacteria,Actinomycetota,Actinobacteria,Micrococcales,Microbacteriaceae,Candidatus Aquiluna,NA
ASV_4260,Bacteria,Pseudomonadota,Gammaproteobacteria,Burkholderiales,NA,NA,NA
ASV_4261,Bacteria,Pseudomonadota,Gammaproteobacteria,Pseudomonadales,Halomonadaceae,HdN1,NA
ASV_4262,Bacteria,Campylobacterota,Campylobacteria,Campylobacterales,Sulfurimonadaceae,Sulfuricurvum,NA
ASV_4263,Bacteria,Patescibacteria,Saccharimonadia,Saccharimonadales,Saccharimonadaceae,TM7a,NA
ASV_4264,Bacteria,Campylobacterota,Campylobacteria,Campylobacterales,Sulfurimonadaceae,Sulfuricurvum,NA
ASV_4265,Bacteria,Bacillota,Clostridia,Peptostreptococcales-Tissierellales,Anaerovoracaceae,Anaerovorax,NA
ASV_4266,Bacteria,Pseudomonadota,Gammaproteobacteria,Burkholderiales,Burkholderiaceae,Lautropia,NA
ASV_4267,Bacteria,Actinomycetota,Actinobacteria,Frankiales,Sporichthyaceae,hgcI clade,NA
ASV_4268,Bacteria,Bdellovibrionota,Oligoflexia,0319-6G20,NA,NA,NA
ASV_4269,Bacteria,Pseudomonadota,Gammaproteobacteria,Pseudomonadales,Pseudomonadaceae,Pseudomonas,NA
ASV_4270,Bacteria,Actinomycetota,Actinobacteria,Micrococcales,Microbacteriaceae,Candidatus Aquiluna,NA
ASV_4271,Bacteria,Pseudomonadota,Gammaproteobacteria,Lysobacterales,Lysobacteraceae,NA,NA
ASV_4272,Bacteria,Pseudomonadota,Gammaproteobacteria,Pseudomonadales,Pseudomonadaceae,Pseudomonas,NA
ASV_4273,Bacteria,Actinomycetota,Actinobacteria,PeM15,NA,NA,NA
ASV_4274,Bacteria,Pseudomonadota,Alphaproteobacteria,Rhodobacterales,Paracoccaceae,Fuscovulum,NA
ASV_4275,Bacteria,Pseudomonadota,Alphaproteobacteria,Sphingomonadales,Sphingomonadaceae,Novosphingobium,NA
ASV_4276,Bacteria,Pseudomonadota,Gammaproteobacteria,Burkholderiales,Methylophilaceae,Methylotenera,NA
ASV_4277,Bacteria,Thermodesulfobacteriota,Desulfovibrionia,Desulfovibrionales,Desulfomicrobiaceae,Desulfomicrobium,NA
ASV_4278,Bacteria,Pseudomonadota,Gammaproteobacteria,Ga0077536,NA,NA,NA
ASV_4279,Bacteria,Pseudomonadota,Gammaproteobacteria,Methylococcales,Methylomonadaceae,Methylomonas,NA
ASV_4280,Bacteria,Pseudomonadota,Gammaproteobacteria,Pseudomonadales,Moraxellaceae,Acinetobacter,NA
ASV_4281,Bacteria,Hydrogenedentes,Hydrogenedentia,Hydrogenedentiales,Hydrogenedensaceae,NA,NA
ASV_4282,Bacteria,Bdellovibrionota,Bacteriovoracia,Bacteriovoracales,Bacteriovoracaceae,Peredibacter,NA
ASV_4283,Bacteria,Bacteroidota,Bacteroidia,Flavobacteriales,NS9 marine group,NA,NA
ASV_4284,Bacteria,Ignavibacteriota,Ignavibacteria,Ignavibacteriales,Ignavibacteriaceae,Ignavibacterium,NA
ASV_4285,Bacteria,Pseudomonadota,Alphaproteobacteria,Hyphomicrobiales,Beijerinckiaceae,alphaI cluster,NA
ASV_4286,Bacteria,Pseudomonadota,Alphaproteobacteria,Acetobacterales,Acetobacteraceae,Roseomonas,NA
ASV_4287,Bacteria,Bacteroidota,Bacteroidia,Chitinophagales,Chitinophagaceae,Terrimonas,NA
ASV_4288,Bacteria,Thermodesulfobacteriota,Desulfobacteria,Desulfobacterales,Desulfosarcinaceae,Desulfatitalea,NA
ASV_4289,Bacteria,Pseudomonadota,Gammaproteobacteria,Methylococcales,Methylococcaceae,Methyloparacoccus,NA
ASV_4290,Bacteria,Actinomycetota,Actinobacteria,Frankiales,Sporichthyaceae,hgcI clade,NA
ASV_4291,Bacteria,Thermodesulfobacteriota,Desulfuromonadia,PB19,NA,NA,NA
ASV_4292,Bacteria,Thermodesulfobacteriota,Desulfuromonadia,Bradymonadales,NA,NA,NA
ASV_4293,Bacteria,Pseudomonadota,Alphaproteobacteria,Rhodobacterales,Paracoccaceae,Fuscovulum,NA
ASV_4294,Bacteria,Pseudomonadota,Alphaproteobacteria,Defluviicoccales,NA,NA,NA
ASV_4295,Bacteria,Bacillota,Bacilli,Exiguobacterales,Exiguobacteraceae,Exiguobacterium,NA
ASV_4296,Bacteria,Pseudomonadota,Gammaproteobacteria,Enterobacterales,Aeromonadaceae,Tolumonas,NA
ASV_4297,Bacteria,Pseudomonadota,Alphaproteobacteria,Rickettsiales,Mitochondria,NA,NA
ASV_4298,Bacteria,Pseudomonadota,Gammaproteobacteria,Burkholderiales,Comamonadaceae,Aquabacterium,NA
ASV_4299,Bacteria,Pseudomonadota,Alphaproteobacteria,NA,NA,NA,NA
ASV_4300,Bacteria,Verrucomicrobiota,Verrucomicrobiia,Opitutales,Opitutaceae,Oleiharenicola,NA
ASV_4301,Bacteria,Bdellovibrionota,Bacteriovoracia,Bacteriovoracales,Bacteriovoracaceae,Bacteriovorax,NA
ASV_4302,Bacteria,Pseudomonadota,Gammaproteobacteria,Burkholderiales,Comamonadaceae,Aquabacterium,NA
ASV_4303,Bacteria,Pseudomonadota,Gammaproteobacteria,Chromatiales,Chromatiaceae,Allochromatium,NA
ASV_4304,Bacteria,Pseudomonadota,Alphaproteobacteria,Rhodobacterales,Paracoccaceae,Rhodobacter,NA
ASV_4305,Bacteria,Pseudomonadota,Gammaproteobacteria,Burkholderiales,Burkholderiaceae,Polynucleobacter,NA
ASV_4306,Bacteria,Pseudomonadota,Gammaproteobacteria,Burkholderiales,Neisseriaceae,NA,NA
ASV_4307,Bacteria,Pseudomonadota,Alphaproteobacteria,Rickettsiales,Midichloriaceae,Lyticum,NA
ASV_4308,Bacteria,Actinomycetota,Actinobacteria,Frankiales,Sporichthyaceae,hgcI clade,NA
ASV_4309,Bacteria,Pseudomonadota,Gammaproteobacteria,Enterobacterales,Alteromonadaceae,Rheinheimera,NA
ASV_4310,Bacteria,Pseudomonadota,Gammaproteobacteria,Chromatiales,Chromatiaceae,Allochromatium,NA
ASV_4311,Bacteria,Pseudomonadota,Gammaproteobacteria,Burkholderiales,Methylophilaceae,MM2,NA
ASV_4312,Bacteria,Pseudomonadota,Alphaproteobacteria,Rickettsiales,Midichloriaceae,NA,NA
ASV_4313,Bacteria,Pseudomonadota,Gammaproteobacteria,Burkholderiales,Burkholderiaceae,Limnobacter,NA
ASV_4314,Bacteria,Bacillota,NA,NA,NA,NA,NA
ASV_4315,Bacteria,Pseudomonadota,Alphaproteobacteria,Rhodospirillales,Rhodospirillaceae,Novispirillum,itersonii
ASV_4316,Bacteria,Pseudomonadota,Gammaproteobacteria,Ga0077536,NA,NA,NA
ASV_4317,Bacteria,Pseudomonadota,Alphaproteobacteria,Sphingomonadales,Sphingomonadaceae,NA,NA
ASV_4318,Bacteria,Bacteroidota,Bacteroidia,Chitinophagales,Chitinophagaceae,Rurimicrobium,NA
ASV_4319,Bacteria,Bacteroidota,Bacteroidia,Flavobacteriales,Crocinitomicaceae,Fluviicola,NA
ASV_4320,Bacteria,Pseudomonadota,Gammaproteobacteria,Burkholderiales,Comamonadaceae,NA,NA
ASV_4321,Bacteria,Patescibacteria,ABY1,Candidatus Uhrbacteria,NA,NA,NA
ASV_4322,Bacteria,Spirochaetota,Spirochaetia,Spirochaetales,Spirochaetaceae,Teretinema,NA
ASV_4323,Bacteria,Pseudomonadota,Gammaproteobacteria,Burkholderiales,Alcaligenaceae,Alcaligenes,NA
ASV_4324,Bacteria,Bacteroidota,Bacteroidia,Flavobacteriales,Flavobacteriaceae,Capnocytophaga,NA
ASV_4325,Bacteria,Pseudomonadota,Gammaproteobacteria,Chromatiales,Chromatiaceae,Allochromatium,NA
ASV_4326,Bacteria,Pseudomonadota,Gammaproteobacteria,Enterobacterales,Aeromonadaceae,Aeromonas,NA
ASV_4327,Bacteria,Verrucomicrobiota,Verrucomicrobiia,Pedosphaerales,Pedosphaeraceae,Oikopleura,NA
ASV_4328,Bacteria,Pseudomonadota,Gammaproteobacteria,Burkholderiales,Rhodocyclaceae,Dechloromonas,agitata
ASV_4329,Bacteria,Pseudomonadota,Gammaproteobacteria,Salinisphaerales,Nevskiaceae,Solimonas,NA
ASV_4330,Bacteria,Pseudomonadota,Alphaproteobacteria,Caulobacterales,Caulobacteraceae,Phenylobacterium,muchangponense
ASV_4331,Bacteria,Pseudomonadota,Gammaproteobacteria,Burkholderiales,Comamonadaceae,NA,NA
ASV_4332,Bacteria,Bacteroidota,Bacteroidia,Flavobacteriales,NS9 marine group,NA,NA
ASV_4333,Bacteria,Pseudomonadota,Gammaproteobacteria,Burkholderiales,Neisseriaceae,NA,NA
ASV_4334,Bacteria,Pseudomonadota,Gammaproteobacteria,Pseudomonadales,Pseudohongiellaceae,Pseudohongiella,NA
ASV_4335,Bacteria,Bacteroidota,Bacteroidia,Bacteroidales,Rikenellaceae,Bact-08,NA
ASV_4336,Bacteria,Pseudomonadota,Alphaproteobacteria,Rhodobacterales,Paracoccaceae,Fuscovulum,NA
ASV_4337,Bacteria,Actinomycetota,Actinobacteria,Propionibacteriales,Nocardioidaceae,Aeromicrobium,NA
ASV_4338,Bacteria,Bacteroidota,Bacteroidia,Chitinophagales,NA,NA,NA
ASV_4339,Bacteria,Pseudomonadota,Alphaproteobacteria,Dongiales,Dongiaceae,Dongia,NA
ASV_4340,Archaea,Halobacteriota,Methanosarcinia,Methanosarcinales,Methanosaetaceae,Methanothrix,NA
ASV_4341,Bacteria,Pseudomonadota,Alphaproteobacteria,Reyranellales,Reyranellaceae,Reyranella,NA
ASV_4342,Bacteria,Verrucomicrobiota,Verrucomicrobiia,Pedosphaerales,Pedosphaeraceae,SH3-11,NA
ASV_4343,Bacteria,Bacteroidota,Bacteroidia,Flavobacteriales,Crocinitomicaceae,Fluviicola,NA
ASV_4344,Bacteria,Pseudomonadota,Alphaproteobacteria,Defluviicoccales,NA,NA,NA
ASV_4345,Bacteria,Pseudomonadota,Gammaproteobacteria,Gammaproteobacteria Incertae Sedis,Unknown Family,Candidatus Ovatusbacter,NA
ASV_4346,Bacteria,Bacillota,Bacilli,Lactobacillales,Streptococcaceae,Streptococcus,NA
ASV_4347,Bacteria,Pseudomonadota,Gammaproteobacteria,Burkholderiales,Alcaligenaceae,Castellaniella,NA
ASV_4348,Bacteria,Planctomycetota,Planctomycetes,Pirellulales,Pirellulaceae,Pirellula,NA
ASV_4349,Bacteria,Pseudomonadota,Gammaproteobacteria,Burkholderiales,Burkholderiaceae,Lautropia,NA
ASV_4350,Bacteria,Bacteroidota,Bacteroidia,Sphingobacteriales,Lentimicrobiaceae,Lentimicrobium,NA
ASV_4351,Bacteria,Pseudomonadota,Gammaproteobacteria,Burkholderiales,Comamonadaceae,Hydrogenophaga,NA
ASV_4352,Bacteria,Pseudomonadota,Gammaproteobacteria,Pseudomonadales,Moraxellaceae,Cavicella,NA
ASV_4353,Bacteria,Bacteroidota,Bacteroidia,Flavobacteriales,Crocinitomicaceae,Fluviicola,NA
ASV_4354,Bacteria,Pseudomonadota,Gammaproteobacteria,Chromatiales,Chromatiaceae,Thiolamprovum,NA
ASV_4355,Bacteria,Actinomycetota,Actinobacteria,Micrococcales,Microbacteriaceae,ML602J-51,NA
ASV_4356,Bacteria,Bdellovibrionota,Bacteriovoracia,Bacteriovoracales,Bacteriovoracaceae,Peredibacter,NA
ASV_4357,Bacteria,Thermodesulfobacteriota,Desulfuromonadia,Geobacterales,Geobacteraceae,Trichlorobacter,NA
ASV_4358,Bacteria,Bacillota,Clostridia,Peptostreptococcales-Tissierellales,Family XI,Soehngenia,NA
ASV_4359,Bacteria,Bacteroidota,Bacteroidia,Sphingobacteriales,env.OPS 17,NA,NA
ASV_4360,Bacteria,Cloacimonadota,Cloacimonadia,Cloacimonadales,SHA-4,NA,NA
ASV_4361,Bacteria,Pseudomonadota,Alphaproteobacteria,Rhodobacterales,Paracoccaceae,Fuscovulum,NA
ASV_4362,Bacteria,Bacillota,Bacilli,Acholeplasmatales,Acholeplasmataceae,Acholeplasma,NA
ASV_4363,Bacteria,Bacteroidota,Bacteroidia,Bacteroidales,M2PB4-65 termite group,NA,NA
ASV_4364,Bacteria,Bacteroidota,Bacteroidia,Sphingobacteriales,NS11-12 marine group,NA,NA
ASV_4365,Bacteria,Pseudomonadota,Gammaproteobacteria,Burkholderiales,Rhodocyclaceae,Azonexus,NA
ASV_4366,Bacteria,Pseudomonadota,Gammaproteobacteria,Pseudomonadales,Porticoccaceae,C1-B045,NA
ASV_4367,Bacteria,Thermodesulfobacteriota,Desulfuromonadia,PB19,NA,NA,NA
ASV_4368,Bacteria,Pseudomonadota,Alphaproteobacteria,Sphingomonadales,Sphingomonadaceae,Novosphingobium,NA
ASV_4369,Bacteria,Bacteroidota,Bacteroidia,Chitinophagales,Chitinophagaceae,Nemorincola,NA
ASV_4370,Bacteria,Pseudomonadota,Gammaproteobacteria,Burkholderiales,Nitrosomonadaceae,Nitrosomonas,NA
ASV_4371,Bacteria,Pseudomonadota,Gammaproteobacteria,Lysobacterales,Rhodanobacteraceae,Aquimonas,NA
ASV_4372,Bacteria,Pseudomonadota,Alphaproteobacteria,Reyranellales,Reyranellaceae,Reyranella,NA
ASV_4373,Bacteria,Pseudomonadota,Gammaproteobacteria,Burkholderiales,Burkholderiaceae,Pandoraea,sputorum
ASV_4374,Bacteria,Bacteroidota,Bacteroidia,Bacteroidales,Paludibacteraceae,NA,NA
ASV_4375,Bacteria,Pseudomonadota,Gammaproteobacteria,Enterobacterales,Pasteurellaceae,Haemophilus,haemolyticus
ASV_4376,Bacteria,Pseudomonadota,Gammaproteobacteria,Burkholderiales,Rhodocyclaceae,Zoogloea,NA
ASV_4377,Bacteria,Hydrogenedentes,Hydrogenedentia,Hydrogenedentiales,Hydrogenedensaceae,NA,NA
ASV_4378,Bacteria,Pseudomonadota,Gammaproteobacteria,Burkholderiales,Methylophilaceae,Methylophilus,NA
ASV_4379,Bacteria,Pseudomonadota,Gammaproteobacteria,Salinisphaerales,Nevskiaceae,Fontimonas,NA
ASV_4380,Bacteria,Actinomycetota,Actinobacteria,Propionibacteriales,Nocardioidaceae,Nocardioides,NA
ASV_4381,Bacteria,Pseudomonadota,Gammaproteobacteria,Burkholderiales,Neisseriaceae,NA,NA
ASV_4382,Archaea,Halobacteriota,Methanosarcinia,Methanosarcinales,Methanosaetaceae,Methanothrix,NA
ASV_4383,Bacteria,Bacteroidota,Bacteroidia,Chitinophagales,Chitinophagaceae,Sediminibacterium,NA
ASV_4384,Bacteria,Bacteroidota,Bacteroidia,Bacteroidetes VC2.1 Bac22,NA,NA,NA
ASV_4385,Bacteria,Bacteroidota,Bacteroidia,Flavobacteriales,Flavobacteriaceae,Flavobacterium,NA
ASV_4386,Bacteria,Thermodesulfobacteriota,Desulfovibrionia,Desulfovibrionales,Desulfomicrobiaceae,Desulfomicrobium,aestuarii
ASV_4387,Bacteria,Patescibacteria,Saccharimonadia,Saccharimonadales,Saccharimonadaceae,TM7a,NA
ASV_4388,Bacteria,Thermodesulfobacteriota,Desulfovibrionia,Desulfovibrionales,Desulfomicrobiaceae,Desulfomicrobium,NA
ASV_4389,Bacteria,Bacteroidota,Bacteroidia,Sphingobacteriales,Lentimicrobiaceae,Lentimicrobium,NA
ASV_4390,Bacteria,Bdellovibrionota,Bacteriovoracia,Bacteriovoracales,Bacteriovoracaceae,Peredibacter,NA
ASV_4391,Bacteria,Verrucomicrobiota,Omnitrophia,Omnitrophales,Omnitrophaceae,Candidatus Omnitrophus,NA
ASV_4392,Bacteria,Chlamydiota,Chlamydiia,Chlamydiales,Parachlamydiaceae,NA,NA
ASV_4393,Bacteria,Planctomycetota,OM190,NA,NA,NA,NA
ASV_4394,Bacteria,Pseudomonadota,Gammaproteobacteria,Pseudomonadales,Moraxellaceae,Acinetobacter,NA
ASV_4395,Bacteria,Bacteroidota,Bacteroidia,Flavobacteriales,Crocinitomicaceae,Fluviicola,NA
ASV_4396,Bacteria,Planctomycetota,Planctomycetes,Gemmatales,Gemmataceae,NA,NA
ASV_4397,Bacteria,Bacteroidota,Bacteroidia,Bacteroidales,Prolixibacteraceae,WCHB1-32,NA
ASV_4398,Bacteria,Bacteroidota,Bacteroidia,Chitinophagales,Saprospiraceae,NA,NA
ASV_4399,Bacteria,Pseudomonadota,Gammaproteobacteria,Burkholderiales,Rhodocyclaceae,Thauera,phenylacetica
ASV_4400,Bacteria,Verrucomicrobiota,Verrucomicrobiia,Opitutales,Opitutaceae,Opitutus,NA
ASV_4401,Bacteria,Pseudomonadota,Gammaproteobacteria,Salinisphaerales,Nevskiaceae,NA,NA
ASV_4402,Bacteria,Bacillota,Bacilli,Acholeplasmatales,Acholeplasmataceae,Acholeplasma,NA
ASV_4403,Bacteria,Cyanobacteriota,Cyanobacteriia,Synechococcales,Cyanobiaceae,Cyanobium PCC-6307,NA
ASV_4404,Bacteria,Pseudomonadota,Gammaproteobacteria,Ga0077536,NA,NA,NA
ASV_4405,Bacteria,Actinomycetota,Actinobacteria,Micrococcales,Microbacteriaceae,Candidatus Aquiluna,NA
ASV_4406,Bacteria,Pseudomonadota,Alphaproteobacteria,Hyphomicrobiales,Xanthobacteraceae,NA,NA
ASV_4407,Bacteria,Pseudomonadota,Gammaproteobacteria,Competibacterales,Competibacteraceae,Candidatus Competibacter,NA
ASV_4408,Bacteria,Pseudomonadota,Gammaproteobacteria,Pseudomonadales,Pseudomonadaceae,Pseudomonas,NA
ASV_4409,Bacteria,Thermodesulfobacteriota,Desulfovibrionia,Desulfovibrionales,Desulfomicrobiaceae,Desulfomicrobium,NA
ASV_4410,Bacteria,Pseudomonadota,Gammaproteobacteria,Burkholderiales,Rhodocyclaceae,Zoogloea,NA
ASV_4411,Bacteria,Pseudomonadota,Alphaproteobacteria,Sphingomonadales,Sphingomonadaceae,Novosphingobium,NA
ASV_4412,Bacteria,Bacteroidota,Bacteroidia,Chitinophagales,Chitinophagaceae,Sediminibacterium,NA
ASV_4413,Bacteria,Bacteroidota,Bacteroidia,Chitinophagales,Saprospiraceae,Phaeodactylibacter,NA
ASV_4414,Bacteria,Pseudomonadota,Alphaproteobacteria,Rhodobacterales,Paracoccaceae,NA,NA
ASV_4415,Bacteria,Verrucomicrobiota,Verrucomicrobiia,Opitutales,Opitutaceae,Oleiharenicola,NA
ASV_4416,Bacteria,Pseudomonadota,Gammaproteobacteria,Salinisphaerales,Nevskiaceae,Panacagrimonas,NA
ASV_4417,Bacteria,Pseudomonadota,Gammaproteobacteria,Ga0077536,NA,NA,NA
ASV_4418,Bacteria,Bacteroidota,Bacteroidia,Bacteroidales,Paludibacteraceae,Paludibacter,NA
ASV_4419,Bacteria,Pseudomonadota,Gammaproteobacteria,Pseudomonadales,Halomonadaceae,HdN1,NA
ASV_4420,Bacteria,Chlamydiota,Chlamydiia,Chlamydiales,Parachlamydiaceae,NA,NA
ASV_4421,Bacteria,Bacteroidota,Bacteroidia,Bacteroidales,Rikenellaceae,Anaerocella,delicata
ASV_4422,Bacteria,Cloacimonadota,Cloacimonadia,Cloacimonadales,SHA-4,NA,NA
ASV_4423,Bacteria,Pseudomonadota,Alphaproteobacteria,Micropepsales,Micropepsaceae,NA,NA
ASV_4424,Bacteria,Bacteroidota,Bacteroidia,Sphingobacteriales,NS11-12 marine group,NA,NA
ASV_4425,Bacteria,Pseudomonadota,Gammaproteobacteria,Burkholderiales,Comamonadaceae,Macromonas,NA
ASV_4426,Bacteria,Thermodesulfobacteriota,Desulfobacteria,Desulfobacterales,Desulfobacteraceae,Desulfobacter,NA
ASV_4427,Bacteria,Candidatus Kapabacteria,Kapabacteria,Kapabacteriales,NA,NA,NA
ASV_4428,Bacteria,Bacteroidota,Bacteroidia,Bacteroidetes VC2.1 Bac22,NA,NA,NA
ASV_4429,Bacteria,Gemmatimonadota,Gemmatimonadia,Gemmatimonadales,Gemmatimonadaceae,NA,NA
ASV_4430,Bacteria,Bacteroidota,Bacteroidia,Flavobacteriales,Flavobacteriaceae,Flavobacterium,cheonhonense
ASV_4431,Bacteria,Pseudomonadota,Gammaproteobacteria,Lysobacterales,Lysobacteraceae,Thermomonas,NA
ASV_4432,Bacteria,Bacteroidota,Bacteroidia,Sphingobacteriales,AKYH767,NA,NA
ASV_4433,Bacteria,Chloroflexota,Chloroflexia,Chloroflexales,Roseiflexaceae,NA,NA
ASV_4434,Bacteria,Spirochaetota,Spirochaetia,Spirochaetales,Spirochaetaceae,Rectinema,NA
ASV_4435,Bacteria,Verrucomicrobiota,Kiritimatiellia,WCHB1-41,NA,NA,NA
ASV_4436,Bacteria,Bacillota,Bacilli,Erysipelotrichales,Erysipelatoclostridiaceae,UCG-004,NA
ASV_4437,Bacteria,Bacteroidota,Bacteroidia,Bacteroidales,Porphyromonadaceae,Porphyromonas,NA
ASV_4438,Bacteria,Dependentiae,Babeliae,Babeliales,Babeliaceae,NA,NA
ASV_4439,Bacteria,Bacteroidota,Bacteroidia,Chitinophagales,Chitinophagaceae,Sediminibacterium,NA
ASV_4440,Bacteria,Pseudomonadota,Gammaproteobacteria,Lysobacterales,Lysobacteraceae,Arenimonas,NA
ASV_4441,Bacteria,Pseudomonadota,Gammaproteobacteria,Pseudomonadales,Pseudohongiellaceae,Pseudohongiella,NA
ASV_4442,Bacteria,Patescibacteria,Dojkabacteria,NA,NA,NA,NA
ASV_4443,Bacteria,Pseudomonadota,Gammaproteobacteria,Pseudomonadales,Halomonadaceae,HdN1,NA
ASV_4444,Bacteria,Pseudomonadota,Alphaproteobacteria,Caulobacterales,Caulobacteraceae,Phenylobacterium,muchangponense
ASV_4445,Bacteria,Bacteroidota,Bacteroidia,Flavobacteriales,Flavobacteriaceae,Flavobacterium,cheonhonense
ASV_4446,Bacteria,Pseudomonadota,Gammaproteobacteria,Methylococcales,Methylomonadaceae,Methylomonas,NA
ASV_4447,Bacteria,Actinomycetota,Acidimicrobiia,Microtrichales,NA,NA,NA
ASV_4448,Bacteria,Thermodesulfobacteriota,Desulfuromonadia,Bradymonadales,Incertae Sedis,SKP-2,NA
ASV_4449,Bacteria,Pseudomonadota,Gammaproteobacteria,Methylococcales,Methylomonadaceae,Methylomonas,NA
ASV_4450,Bacteria,Bdellovibrionota,Bacteriovoracia,Bacteriovoracales,Bacteriovoracaceae,Peredibacter,NA
ASV_4451,Bacteria,Pseudomonadota,Gammaproteobacteria,R7C24,NA,NA,NA
ASV_4452,Bacteria,Pseudomonadota,Gammaproteobacteria,Lysobacterales,Lysobacteraceae,NA,NA
ASV_4453,Bacteria,Pseudomonadota,Gammaproteobacteria,Enterobacterales,Shewanellaceae,Shewanella,NA
ASV_4454,Bacteria,Pseudomonadota,Gammaproteobacteria,Enterobacterales,Aeromonadaceae,Pseudaeromonas,NA
ASV_4455,Bacteria,Bacteroidota,Bacteroidia,Chitinophagales,37-13,NA,NA
ASV_4456,Bacteria,Pseudomonadota,Gammaproteobacteria,Burkholderiales,Comamonadaceae,NA,NA
ASV_4457,Bacteria,Pseudomonadota,Gammaproteobacteria,Enterobacterales,Aeromonadaceae,Tolumonas,NA
ASV_4458,Bacteria,Pseudomonadota,Gammaproteobacteria,Enterobacterales,Alteromonadaceae,Rheinheimera,NA
ASV_4459,Bacteria,Pseudomonadota,Gammaproteobacteria,Methylococcales,Methylomonadaceae,Methylomonas,NA
ASV_4460,Bacteria,Bacillota,Clostridia,Peptostreptococcales-Tissierellales,Anaerovoracaceae,Anaerovorax,NA
ASV_4461,Bacteria,Actinomycetota,Acidimicrobiia,Microtrichales,Ilumatobacteraceae,CL500-29 marine group,NA
ASV_4462,Bacteria,Actinomycetota,Acidimicrobiia,Microtrichales,Microtrichaceae,IMCC26207,NA
ASV_4463,Bacteria,Pseudomonadota,Gammaproteobacteria,Lysobacterales,Lysobacteraceae,Arenimonas,NA
ASV_4464,Bacteria,Pseudomonadota,Gammaproteobacteria,Lysobacterales,Rhodanobacteraceae,Ahniella,NA
ASV_4465,Bacteria,Pseudomonadota,Gammaproteobacteria,Salinisphaerales,Nevskiaceae,Panacagrimonas,NA
ASV_4466,Bacteria,Bdellovibrionota,Bacteriovoracia,Bacteriovoracales,Bacteriovoracaceae,Bacteriovorax,NA
ASV_4467,Bacteria,Candidatus Eremiobacterota,Eremiobacteria,NA,NA,NA,NA
ASV_4468,Bacteria,Bacillota,Bacilli,Erysipelotrichales,Erysipelatoclostridiaceae,UCG-004,NA
ASV_4469,Bacteria,Pseudomonadota,Gammaproteobacteria,Burkholderiales,Neisseriaceae,Neisseria,NA
ASV_4470,Bacteria,Pseudomonadota,Gammaproteobacteria,Chromatiales,Chromatiaceae,Thiolamprovum,NA
ASV_4471,Bacteria,Pseudomonadota,Gammaproteobacteria,Chromatiales,Chromatiaceae,Allochromatium,NA
ASV_4472,Bacteria,Pseudomonadota,Alphaproteobacteria,Rhodospirillales,NA,NA,NA
ASV_4473,Bacteria,Bacteroidota,Bacteroidia,Sphingobacteriales,Lentimicrobiaceae,Lentimicrobium,NA
ASV_4474,Bacteria,Pseudomonadota,Alphaproteobacteria,Paracaedibacterales,Paracaedibacteraceae,NA,NA
ASV_4475,Bacteria,Pseudomonadota,Gammaproteobacteria,Burkholderiales,Alcaligenaceae,Saccharedens,NA
ASV_4476,Bacteria,Pseudomonadota,Alphaproteobacteria,Acetobacterales,Acetobacteraceae,Roseomonas,NA
ASV_4477,Bacteria,Actinomycetota,Actinobacteria,Propionibacteriales,Nocardioidaceae,Nocardioides,NA
ASV_4478,Bacteria,Planctomycetota,Planctomycetes,Planctomycetales,Rubinisphaeraceae,NA,NA
ASV_4479,Bacteria,Patescibacteria,Gracilibacteria,Absconditabacteriales (SR1),NA,NA,NA
ASV_4480,Bacteria,Bacteroidota,Bacteroidia,Sphingobacteriales,Lentimicrobiaceae,Lentimicrobium,NA
ASV_4481,Bacteria,Bacillota,Clostridia,Peptostreptococcales-Tissierellales,Anaerovoracaceae,NA,NA
ASV_4482,Bacteria,Pseudomonadota,Gammaproteobacteria,Burkholderiales,MWH-UniP1 aquatic group,NA,NA
ASV_4483,Bacteria,Pseudomonadota,Alphaproteobacteria,Caulobacterales,Caulobacteraceae,Caulobacter,NA
ASV_4484,Bacteria,Bacillota,Bacilli,Erysipelotrichales,Erysipelotrichaceae,Erysipelothrix,NA
ASV_4485,Bacteria,Pseudomonadota,Alphaproteobacteria,Rhodospirillales,Rhodospirillaceae,Novispirillum,NA
ASV_4486,Bacteria,Pseudomonadota,Alphaproteobacteria,Reyranellales,Reyranellaceae,Reyranella,aquatilis
ASV_4487,Bacteria,Pseudomonadota,Gammaproteobacteria,Lysobacterales,Rhodanobacteraceae,Dyella,NA
ASV_4488,Bacteria,Bacteroidota,Bacteroidia,Chitinophagales,Chitinophagaceae,Terrimonas,NA
ASV_4489,Bacteria,Pseudomonadota,Gammaproteobacteria,Enterobacterales,Alteromonadaceae,Rheinheimera,NA
ASV_4490,Bacteria,Dependentiae,Babeliae,Babeliales,NA,NA,NA
ASV_4491,Bacteria,Myxococcota,Polyangiia,Nannocystales,Nannocystaceae,Nannocystis,NA
ASV_4492,Bacteria,Pseudomonadota,Gammaproteobacteria,Burkholderiales,Hydrogenophilaceae,NA,NA
ASV_4493,Bacteria,Bacteroidota,Bacteroidia,Chitinophagales,Chitinophagaceae,Terrimonas,NA
ASV_4494,Bacteria,Actinomycetota,Actinobacteria,Frankiales,Sporichthyaceae,hgcI clade,NA
ASV_4495,Bacteria,Planctomycetota,Planctomycetes,Pirellulales,Pirellulaceae,NA,NA
ASV_4496,Bacteria,Armatimonadota,Fimbriimonadia,Fimbriimonadales,Fimbriimonadaceae,NA,NA
ASV_4497,Bacteria,Bacteroidota,Bacteroidia,Chitinophagales,Chitinophagaceae,Aurantisolimonas,NA
ASV_4498,Bacteria,Bacillota,Negativicutes,Veillonellales-Selenomonadales,Selenomonadaceae,Selenomonas,NA
ASV_4499,Bacteria,Bacillota,Clostridia,Oscillospirales,Ruminococcaceae,Faecalibacterium,prausnitzii
ASV_4500,Bacteria,Pseudomonadota,Gammaproteobacteria,Enterobacterales,Pasteurellaceae,Haemophilus,NA
ASV_4501,Bacteria,Bacteroidota,Bacteroidia,Bacteroidales,Prolixibacteraceae,BSV13,NA
ASV_4502,Bacteria,Bdellovibrionota,Bacteriovoracia,Bacteriovoracales,Bacteriovoracaceae,Peredibacter,NA
ASV_4503,Bacteria,Bacillota,Bacilli,Izemoplasmatales,Izemoplasmataceae,NA,NA
ASV_4504,Bacteria,Patescibacteria,Parcubacteria,Candidatus Kaiserbacteria,NA,NA,NA
ASV_4505,Bacteria,Pseudomonadota,Gammaproteobacteria,Enterobacterales,Alteromonadaceae,Rheinheimera,NA
ASV_4506,Bacteria,Bacteroidota,Bacteroidia,Chitinophagales,Chitinophagaceae,NA,NA
ASV_4507,Bacteria,Chlamydiota,Chlamydiia,Chlamydiales,Parachlamydiaceae,Candidatus Protochlamydia,NA
ASV_4508,Bacteria,Bacteroidota,Bacteroidia,Flavobacteriales,Flavobacteriaceae,Flavobacterium,NA
ASV_4509,Bacteria,Actinomycetota,Actinobacteria,Frankiales,Sporichthyaceae,hgcI clade,NA
ASV_4510,Bacteria,Bacteroidota,Bacteroidia,Bacteroidales,Prolixibacteraceae,NA,NA
ASV_4511,Bacteria,Bacteroidota,Bacteroidia,Chitinophagales,Saprospiraceae,Haliscomenobacter,NA
ASV_4512,Bacteria,Pseudomonadota,Alphaproteobacteria,Parvibaculales,Parvibaculaceae,Parvibaculum,NA
ASV_4513,Bacteria,Pseudomonadota,Gammaproteobacteria,Burkholderiales,Methylophilaceae,MM2,NA
ASV_4514,Bacteria,Bacteroidota,Bacteroidia,Sphingobacteriales,NS11-12 marine group,NA,NA
ASV_4515,Bacteria,Pseudomonadota,Gammaproteobacteria,Burkholderiales,Comamonadaceae,Hydrogenophaga,soli
ASV_4516,Bacteria,Pseudomonadota,Gammaproteobacteria,Burkholderiales,Burkholderiaceae,Polynucleobacter,acidiphobus
ASV_4517,Bacteria,Actinomycetota,Actinobacteria,Frankiales,Sporichthyaceae,hgcI clade,NA
ASV_4518,Bacteria,Bacteroidota,Bacteroidia,Sphingobacteriales,Lentimicrobiaceae,Lentimicrobium,NA
ASV_4519,Bacteria,Bacillota,Clostridia,Oscillospirales,Oscillospiraceae,Saccharofermentans,NA
ASV_4520,Bacteria,Pseudomonadota,Alphaproteobacteria,Azospirillales,Azospirillaceae,Niveispirillum,NA
ASV_4521,Bacteria,Bacillota,Bacilli,NA,NA,NA,NA
ASV_4522,Bacteria,Pseudomonadota,Gammaproteobacteria,Burkholderiales,Comamonadaceae,Comamonas,NA
ASV_4523,Bacteria,Pseudomonadota,Alphaproteobacteria,Hyphomicrobiales,Rhizobiaceae,NA,NA
ASV_4524,Bacteria,Bacillota,Clostridia,Peptostreptococcales-Tissierellales,Anaerovoracaceae,NA,NA
ASV_4525,Bacteria,Hydrogenedentes,Hydrogenedentia,Hydrogenedentiales,Hydrogenedensaceae,NA,NA
ASV_4526,Bacteria,Pseudomonadota,Gammaproteobacteria,Chromatiales,Chromatiaceae,Allochromatium,NA
ASV_4527,Bacteria,Thermodesulfobacteriota,Desulfuromonadia,Geobacterales,Geobacteraceae,Trichlorobacter,NA
ASV_4528,Bacteria,Spirochaetota,Leptospirae,Leptospirales,Leptospiraceae,Turneriella,NA
ASV_4529,Bacteria,Actinomycetota,Acidimicrobiia,Microtrichales,Microtrichaceae,IMCC26207,NA
ASV_4530,Bacteria,Myxococcota,Polyangiia,Blfdi19,NA,NA,NA
ASV_4531,Bacteria,Pseudomonadota,Gammaproteobacteria,Burkholderiales,Comamonadaceae,NA,NA
ASV_4532,Bacteria,Pseudomonadota,Alphaproteobacteria,Caulobacterales,Caulobacteraceae,Phenylobacterium,NA
ASV_4533,Bacteria,Pseudomonadota,Gammaproteobacteria,Burkholderiales,Methylophilaceae,NA,NA
ASV_4534,Bacteria,Pseudomonadota,Gammaproteobacteria,Burkholderiales,Rhodocyclaceae,Parazoarcus,NA
ASV_4535,Bacteria,Pseudomonadota,Gammaproteobacteria,Burkholderiales,Alcaligenaceae,Saccharedens,NA
ASV_4536,Bacteria,Pseudomonadota,Gammaproteobacteria,Pseudomonadales,Moraxellaceae,NA,NA
ASV_4537,Bacteria,Pseudomonadota,Alphaproteobacteria,Paracaedibacterales,Paracaedibacteraceae,NA,NA
ASV_4538,Bacteria,Bacteroidota,Bacteroidia,Chitinophagales,Chitinophagaceae,NA,NA
ASV_4539,Bacteria,Bacteroidota,Bacteroidia,Sphingobacteriales,NS11-12 marine group,NA,NA
ASV_4540,Bacteria,Pseudomonadota,Gammaproteobacteria,Burkholderiales,Rhodocyclaceae,NA,NA
ASV_4541,Bacteria,Actinomycetota,Actinobacteria,Mycobacteriales,Mycobacteriaceae,Mycobacterium,NA
ASV_4542,Bacteria,Pseudomonadota,Alphaproteobacteria,Rhodospirillales,NA,NA,NA
ASV_4543,Bacteria,Pseudomonadota,Gammaproteobacteria,Burkholderiales,Rhodocyclaceae,Dechlorobacter,NA
ASV_4544,Bacteria,Pseudomonadota,Gammaproteobacteria,Pseudomonadales,Moraxellaceae,NA,NA
ASV_4545,Bacteria,Patescibacteria,Saccharimonadia,Saccharimonadales,Saccharimonadaceae,TM7a,NA
ASV_4546,Bacteria,Verrucomicrobiota,Verrucomicrobiia,Chthoniobacterales,Terrimicrobiaceae,Terrimicrobium,NA
ASV_4547,Bacteria,Bacteroidota,Bacteroidia,Flavobacteriales,NS9 marine group,NA,NA
ASV_4548,Bacteria,Pseudomonadota,Gammaproteobacteria,Burkholderiales,Comamonadaceae,Ideonella,paludis
ASV_4549,Bacteria,Pseudomonadota,Alphaproteobacteria,Rhodobacterales,Paracoccaceae,Rhodobacter,NA
ASV_4550,Bacteria,Bdellovibrionota,Bacteriovoracia,Bacteriovoracales,Bacteriovoracaceae,Peredibacter,NA
ASV_4551,Bacteria,Pseudomonadota,Alphaproteobacteria,Acetobacterales,Acetobacteraceae,Roseomonas,NA
ASV_4552,Bacteria,Pseudomonadota,Gammaproteobacteria,Pseudomonadales,Moraxellaceae,NA,NA
ASV_4553,Bacteria,Bacteroidota,Bacteroidia,Chitinophagales,Chitinophagaceae,Flavihumibacter,NA
ASV_4554,Bacteria,Pseudomonadota,Gammaproteobacteria,Burkholderiales,Comamonadaceae,Rivibacter,NA
ASV_4555,Bacteria,Pseudomonadota,Alphaproteobacteria,Hyphomicrobiales,Xanthobacteraceae,NA,NA
ASV_4556,Bacteria,Pseudomonadota,Gammaproteobacteria,Pseudomonadales,Spongiibacteraceae,BD1-7 clade,NA
ASV_4557,Bacteria,Pseudomonadota,Gammaproteobacteria,Chromatiales,Chromatiaceae,Thiolamprovum,NA
ASV_4558,Bacteria,Pseudomonadota,Alphaproteobacteria,Hyphomicrobiales,Pleomorphomonadaceae,Prosthecomicrobium,hirschii
ASV_4559,Bacteria,Bdellovibrionota,Bacteriovoracia,Bacteriovoracales,Bacteriovoracaceae,Peredibacter,NA
ASV_4560,Bacteria,Pseudomonadota,Gammaproteobacteria,Burkholderiales,Neisseriaceae,NA,NA
ASV_4561,Bacteria,Cyanobacteriota,Cyanobacteriia,Cyanobacteriales,Oscillatoriaceae,Planktothricoides SR001,raciborskii
ASV_4562,Bacteria,Pseudomonadota,Alphaproteobacteria,Acetobacterales,Acetobacteraceae,Roseomonas,lacus
ASV_4563,Bacteria,Pseudomonadota,Alphaproteobacteria,Rhodobacterales,Paracoccaceae,Fuscovulum,NA
ASV_4564,Bacteria,Pseudomonadota,Alphaproteobacteria,Caulobacterales,Caulobacteraceae,Phenylobacterium,NA
ASV_4565,Bacteria,Pseudomonadota,Alphaproteobacteria,Rickettsiales,Midichloriaceae,Candidatus Jidaibacter,NA
ASV_4566,Bacteria,Pseudomonadota,Alphaproteobacteria,NA,NA,NA,NA
ASV_4567,Bacteria,Pseudomonadota,Alphaproteobacteria,Parvibaculales,Parvibaculaceae,Parvibaculum,NA
ASV_4568,Bacteria,Pseudomonadota,Gammaproteobacteria,Burkholderiales,Rhodocyclaceae,Methyloversatilis,NA
ASV_4569,Bacteria,Bdellovibrionota,Bacteriovoracia,Bacteriovoracales,Bacteriovoracaceae,Peredibacter,NA
ASV_4570,Bacteria,Bacillota,Clostridia,Peptostreptococcales-Tissierellales,Anaerovoracaceae,[Eubacterium] brachy group,NA
ASV_4571,Bacteria,Verrucomicrobiota,Lentisphaeria,Victivallales,Victivallaceae,NA,NA
ASV_4572,Bacteria,Thermodesulfobacteriota,Desulfuromonadia,Geobacterales,Geobacteraceae,Trichlorobacter,NA
ASV_4573,Bacteria,Pseudomonadota,Gammaproteobacteria,Burkholderiales,Burkholderiaceae,Lautropia,NA
ASV_4574,Bacteria,Bacillota,Bacilli,Erysipelotrichales,Erysipelatoclostridiaceae,UCG-004,NA
ASV_4575,Bacteria,Bacteroidota,Bacteroidia,Bacteroidales,Rikenellaceae,DMER64,NA
ASV_4576,Bacteria,Pseudomonadota,Gammaproteobacteria,Burkholderiales,Alcaligenaceae,NA,NA
ASV_4577,Bacteria,Bacteroidota,Bacteroidia,Chitinophagales,Chitinophagaceae,Sediminibacterium,NA
ASV_4578,Bacteria,Bacteroidota,Bacteroidia,Chitinophagales,Chitinophagaceae,Dinghuibacter,NA
ASV_4579,Bacteria,Bacteroidota,Bacteroidia,Chitinophagales,Chitinophagaceae,Sediminibacterium,NA
ASV_4580,Bacteria,Actinomycetota,Acidimicrobiia,Microtrichales,Ilumatobacteraceae,NA,NA
ASV_4581,Bacteria,Patescibacteria,ABY1,Candidatus Magasanikbacteria,NA,NA,NA
ASV_4582,Bacteria,Acidobacteriota,Blastocatellia,11-24,NA,NA,NA
ASV_4583,Bacteria,Pseudomonadota,Gammaproteobacteria,Burkholderiales,Comamonadaceae,NA,NA
ASV_4584,Bacteria,Synergistota,Synergistia,Synergistales,Synergistaceae,NA,NA
ASV_4585,Bacteria,Bacillota,Negativicutes,Veillonellales-Selenomonadales,Sporomusaceae,NA,NA
ASV_4586,Bacteria,Pseudomonadota,Gammaproteobacteria,Burkholderiales,Comamonadaceae,NA,NA
ASV_4587,Bacteria,Pseudomonadota,Alphaproteobacteria,Hyphomicrobiales,Beijerinckiaceae,alphaI cluster,NA
ASV_4588,Bacteria,Planctomycetota,Planctomycetes,Pirellulales,Pirellulaceae,NA,NA
ASV_4589,Bacteria,Verrucomicrobiota,Verrucomicrobiia,Pedosphaerales,Pedosphaeraceae,DEV114,NA
ASV_4590,Bacteria,Pseudomonadota,Gammaproteobacteria,Pseudomonadales,Moraxellaceae,Fluviicoccus,NA
ASV_4591,Bacteria,Actinomycetota,Actinobacteria,Micrococcales,Microbacteriaceae,Leifsonia,NA
ASV_4592,Bacteria,Pseudomonadota,Gammaproteobacteria,Ga0077536,NA,NA,NA
ASV_4593,Bacteria,Pseudomonadota,Gammaproteobacteria,Methylococcales,Methylomonadaceae,Methylomonas,NA
ASV_4594,Bacteria,Cyanobacteriota,Vampirivibrionia,Obscuribacterales,Obscuribacteraceae,Candidatus Obscuribacter,NA
ASV_4595,Bacteria,Bacteroidota,Bacteroidia,Flavobacteriales,Crocinitomicaceae,Fluviicola,NA
ASV_4596,Bacteria,Pseudomonadota,Gammaproteobacteria,Enterobacterales,NA,NA,NA
ASV_4597,Bacteria,Pseudomonadota,Gammaproteobacteria,Burkholderiales,Comamonadaceae,Rubrivivax,NA
ASV_4598,Bacteria,Pseudomonadota,Gammaproteobacteria,Salinisphaerales,Nevskiaceae,Fontimonas,NA
ASV_4599,Bacteria,Cloacimonadota,Cloacimonadia,Cloacimonadales,Cloacimonadaceae,LNR A2-18,NA
ASV_4600,Bacteria,Bdellovibrionota,Oligoflexia,053A03-B-DI-P58,NA,NA,NA
ASV_4601,Bacteria,Sumerlaeota,Sumerlaeia,NA,NA,NA,NA
ASV_4602,Bacteria,Patescibacteria,Dojkabacteria,NA,NA,NA,NA
ASV_4603,Bacteria,Bacillota,BRH-c20a,NA,NA,NA,NA
ASV_4604,Bacteria,Pseudomonadota,Gammaproteobacteria,Gammaproteobacteria Incertae Sedis,Unknown Family,Candidatus Ovatusbacter,NA
ASV_4605,Bacteria,Pseudomonadota,Gammaproteobacteria,Burkholderiales,Hydrogenophilaceae,NA,NA
ASV_4606,Bacteria,Planctomycetota,OM190,NA,NA,NA,NA
ASV_4607,Bacteria,Pseudomonadota,Alphaproteobacteria,Sphingomonadales,Sphingomonadaceae,Novosphingobium,NA
ASV_4608,Bacteria,Dependentiae,Babeliae,Babeliales,NA,NA,NA
ASV_4609,Bacteria,Pseudomonadota,Alphaproteobacteria,Reyranellales,Reyranellaceae,NA,NA
ASV_4610,Bacteria,Bacteroidota,Bacteroidia,Sphingobacteriales,NS11-12 marine group,NA,NA
ASV_4611,Bacteria,Pseudomonadota,Alphaproteobacteria,Sphingomonadales,Sphingomonadaceae,Novosphingobium,NA
ASV_4612,Bacteria,Bacteroidota,Bacteroidia,Cytophagales,Cyclobacteriaceae,Algoriphagus,NA
ASV_4613,Bacteria,Bdellovibrionota,Bacteriovoracia,Bacteriovoracales,Bacteriovoracaceae,Bacteriovorax,NA
ASV_4614,Bacteria,Thermodesulfobacteriota,Desulfuromonadia,PB19,NA,NA,NA
ASV_4615,Bacteria,Pseudomonadota,Alphaproteobacteria,Caulobacterales,Hyphomonadaceae,Hyphomonas,NA
ASV_4616,Bacteria,Fusobacteriota,Fusobacteriia,Fusobacteriales,Leptotrichiaceae,NA,NA
ASV_4617,Bacteria,Chlamydiota,Chlamydiia,Chlamydiales,Parachlamydiaceae,Neochlamydia,NA
ASV_4618,Bacteria,Pseudomonadota,Alphaproteobacteria,Sphingomonadales,Sphingomonadaceae,Novosphingobium,NA
ASV_4619,Bacteria,Pseudomonadota,Gammaproteobacteria,Lysobacterales,Lysobacteraceae,Pseudoxanthomonas,mexicana
ASV_4620,Bacteria,Bdellovibrionota,Bdellovibrionia,Bdellovibrionales,Pseudobdellovibrionaceae,NA,NA
ASV_4621,Bacteria,Bacteroidota,Bacteroidia,Flavobacteriales,Flavobacteriaceae,Flavobacterium,NA
ASV_4622,Bacteria,Pseudomonadota,Gammaproteobacteria,Competibacterales,Competibacteraceae,Plasticicumulans,NA
ASV_4623,Bacteria,Hydrogenedentes,Hydrogenedentia,Hydrogenedentiales,Hydrogenedensaceae,NA,NA
ASV_4624,Bacteria,Pseudomonadota,Gammaproteobacteria,Salinisphaerales,Nevskiaceae,Stagnimonas,NA
ASV_4625,Bacteria,Ignavibacteriota,Ignavibacteria,Ignavibacteriales,Ignavibacteriaceae,Ignavibacterium,NA
ASV_4626,Bacteria,Bacteroidota,Bacteroidia,Flavobacteriales,Crocinitomicaceae,Fluviicola,NA
ASV_4627,Bacteria,Pseudomonadota,Gammaproteobacteria,Burkholderiales,Alcaligenaceae,Saccharedens,NA
ASV_4628,Bacteria,Bacteroidota,Bacteroidia,Flavobacteriales,Crocinitomicaceae,Fluviicola,NA
ASV_4629,Bacteria,Bacteroidota,Bacteroidia,Chitinophagales,Chitinophagaceae,NA,NA
ASV_4630,Bacteria,Pseudomonadota,Alphaproteobacteria,Rhodobacterales,Paracoccaceae,Paracoccus,NA
ASV_4631,Bacteria,Pseudomonadota,Gammaproteobacteria,Burkholderiales,Comamonadaceae,Ramlibacter,NA
ASV_4632,Bacteria,Planctomycetota,Planctomycetes,Planctomycetales,Rubinisphaeraceae,SH-PL14,NA
ASV_4633,Bacteria,Pseudomonadota,Gammaproteobacteria,Enterobacterales,Aeromonadaceae,Tolumonas,NA
ASV_4634,Bacteria,Pseudomonadota,Alphaproteobacteria,Hyphomicrobiales,Hyphomicrobiales Incertae Sedis,NA,NA
ASV_4635,Bacteria,Patescibacteria,Parcubacteria,Candidatus Nomurabacteria,NA,NA,NA
ASV_4636,Bacteria,Thermodesulfobacteriota,Desulfobacteria,Desulfobacterales,Desulfosarcinaceae,Desulfatitalea,NA
ASV_4637,Bacteria,Actinomycetota,Actinobacteria,Micrococcales,Microbacteriaceae,Aurantimicrobium,NA
ASV_4638,Bacteria,Pseudomonadota,Gammaproteobacteria,Burkholderiales,MWH-UniP1 aquatic group,NA,NA
ASV_4639,Bacteria,Bacillota,Clostridia,Peptostreptococcales-Tissierellales,Anaerovoracaceae,Anaerovorax,NA
ASV_4640,Bacteria,Pseudomonadota,Gammaproteobacteria,Burkholderiales,Comamonadaceae,NA,NA
ASV_4641,Bacteria,Pseudomonadota,Gammaproteobacteria,Burkholderiales,Rhodocyclaceae,Dechlorobacter,NA
ASV_4642,Bacteria,Acidobacteriota,Blastocatellia,Blastocatellales,Blastocatellaceae,NA,NA
ASV_4643,Bacteria,Chlamydiota,Chlamydiia,Chlamydiales,Parachlamydiaceae,Candidatus Protochlamydia,NA
ASV_4644,Bacteria,Actinomycetota,Acidimicrobiia,Microtrichales,Ilumatobacteraceae,CL500-29 marine group,NA
ASV_4645,Bacteria,Cloacimonadota,Cloacimonadia,Cloacimonadales,SHA-4,NA,NA
ASV_4646,Bacteria,Pseudomonadota,Gammaproteobacteria,Burkholderiales,Rhodocyclaceae,Thauera,NA
ASV_4647,Bacteria,Bacteroidota,Bacteroidia,Bacteroidales,Prevotellaceae,Hoylesella,NA
ASV_4648,Bacteria,Pseudomonadota,Gammaproteobacteria,Methylococcales,Methylomonadaceae,Methylomonas,NA
ASV_4649,Bacteria,Pseudomonadota,Alphaproteobacteria,Caulobacterales,Caulobacteraceae,Phenylobacterium,NA
ASV_4650,Bacteria,Pseudomonadota,Gammaproteobacteria,Lysobacterales,Lysobacteraceae,Arenimonas,malthae
ASV_4651,Bacteria,Patescibacteria,Parcubacteria,Candidatus Nomurabacteria,NA,NA,NA
ASV_4652,Bacteria,Pseudomonadota,Gammaproteobacteria,Salinisphaerales,Nevskiaceae,Solimonas,NA
ASV_4653,Bacteria,Bacteroidota,Bacteroidia,Sphingobacteriales,LiUU-11-161,NA,NA
ASV_4654,Bacteria,Pseudomonadota,Alphaproteobacteria,Dongiales,Dongiaceae,Dongia,NA
ASV_4655,Bacteria,Pseudomonadota,Gammaproteobacteria,Burkholderiales,Comamonadaceae,Rubrivivax,NA
ASV_4656,Bacteria,Pseudomonadota,Alphaproteobacteria,Rickettsiales,Midichloriaceae,NA,NA
ASV_4657,Bacteria,Bacteroidota,Bacteroidia,Chitinophagales,Chitinophagaceae,Sediminibacterium,NA
ASV_4658,Bacteria,Actinomycetota,Acidimicrobiia,Microtrichales,NA,NA,NA
ASV_4659,Bacteria,Pseudomonadota,Gammaproteobacteria,Pseudomonadales,Moraxellaceae,Acinetobacter,indicus
ASV_4660,Bacteria,Bacteroidota,Bacteroidia,Flavobacteriales,Weeksellaceae,Cloacibacterium,normanense
ASV_4661,Bacteria,Pseudomonadota,Gammaproteobacteria,Burkholderiales,Alcaligenaceae,Saccharedens,NA
ASV_4662,Bacteria,Bacteroidota,Bacteroidia,Chitinophagales,Chitinophagaceae,Rurimicrobium,NA
ASV_4663,Bacteria,Actinomycetota,Actinobacteria,Frankiales,Sporichthyaceae,hgcI clade,NA
ASV_4664,Bacteria,Pseudomonadota,Gammaproteobacteria,Burkholderiales,Rhodocyclaceae,Propionivibrio,NA
ASV_4665,Bacteria,Pseudomonadota,Gammaproteobacteria,Enterobacterales,Alteromonadaceae,Rheinheimera,NA
ASV_4666,Bacteria,Thermodesulfobacteriota,Desulfobulbia,Desulfobulbales,Desulfobulbaceae,Desulfobulbus,NA
ASV_4667,Bacteria,Pseudomonadota,Gammaproteobacteria,Burkholderiales,Methylophilaceae,NA,NA
ASV_4668,Bacteria,Bacteroidota,Bacteroidia,Bacteroidales,Tannerellaceae,Macellibacteroides,fermentans
ASV_4669,Bacteria,Pseudomonadota,Alphaproteobacteria,Rickettsiales,Rickettsiaceae,Candidatus Megaira,NA
ASV_4670,Bacteria,Planctomycetota,Planctomycetes,Pirellulales,Pirellulaceae,Candidatus Anammoximicrobium,NA
ASV_4671,Bacteria,Candidatus Kapabacteria,Kapabacteria,Kapabacteriales,NA,NA,NA
ASV_4672,Bacteria,Actinomycetota,Actinobacteria,PeM15,NA,NA,NA
ASV_4673,Bacteria,Pseudomonadota,Gammaproteobacteria,Burkholderiales,Methylophilaceae,Methylophilus,leisingeri
ASV_4674,Bacteria,Pseudomonadota,Alphaproteobacteria,Rickettsiales,Mitochondria,NA,NA
ASV_4675,Bacteria,Thermodesulfobacteriota,Desulfuromonadia,PB19,NA,NA,NA
ASV_4676,Bacteria,Bacteroidota,Bacteroidia,Bacteroidales,Paludibacteraceae,Paludibacter,NA
ASV_4677,Bacteria,Pseudomonadota,Alphaproteobacteria,Paracaedibacterales,Paracaedibacteraceae,NA,NA
ASV_4678,Bacteria,Pseudomonadota,Gammaproteobacteria,Pseudomonadales,Moraxellaceae,Acinetobacter,NA
ASV_4679,Bacteria,Pseudomonadota,Gammaproteobacteria,Pseudomonadales,Pseudomonadaceae,Pseudomonas,NA
ASV_4680,Bacteria,Pseudomonadota,Gammaproteobacteria,Burkholderiales,Rhodocyclaceae,C39,NA
ASV_4681,Bacteria,Bacteroidota,Bacteroidia,Sphingobacteriales,Sphingobacteriaceae,Daejeonella,NA
ASV_4682,Bacteria,Pseudomonadota,Gammaproteobacteria,Burkholderiales,Burkholderiaceae,Lautropia,NA
ASV_4683,Bacteria,Pseudomonadota,Alphaproteobacteria,Rickettsiales,Midichloriaceae,Candidatus Jidaibacter,NA
ASV_4684,Bacteria,Verrucomicrobiota,Verrucomicrobiia,Opitutales,Opitutaceae,Oleiharenicola,NA
ASV_4685,Bacteria,Pseudomonadota,Gammaproteobacteria,Burkholderiales,MWH-UniP1 aquatic group,NA,NA
ASV_4686,Bacteria,Pseudomonadota,Alphaproteobacteria,NA,NA,NA,NA
ASV_4687,Bacteria,Pseudomonadota,Alphaproteobacteria,Paracaedibacterales,Paracaedibacteraceae,NA,NA
ASV_4688,Bacteria,Pseudomonadota,Alphaproteobacteria,Dongiales,Dongiaceae,Dongia,NA
ASV_4689,Bacteria,Pseudomonadota,Gammaproteobacteria,Burkholderiales,Neisseriaceae,NA,NA
ASV_4690,Bacteria,Pseudomonadota,Gammaproteobacteria,Methylococcales,Methylococcaceae,Methyloterricola,NA
ASV_4691,Bacteria,Pseudomonadota,Alphaproteobacteria,Paracaedibacterales,Paracaedibacteraceae,NA,NA
ASV_4692,Bacteria,Pseudomonadota,Gammaproteobacteria,Burkholderiales,Neisseriaceae,NA,NA
ASV_4693,Bacteria,Pseudomonadota,Gammaproteobacteria,Legionellales,Legionellaceae,Legionella,NA
ASV_4694,Bacteria,Pseudomonadota,Gammaproteobacteria,Burkholderiales,Rhodocyclaceae,Zoogloea,NA
ASV_4695,Bacteria,Patescibacteria,Dojkabacteria,NA,NA,NA,NA
ASV_4696,Bacteria,Verrucomicrobiota,Kiritimatiellia,WCHB1-41,NA,NA,NA
ASV_4697,Bacteria,Pseudomonadota,Gammaproteobacteria,Burkholderiales,Comamonadaceae,NA,NA
ASV_4698,Bacteria,Chlorobiota,Chlorobia,Chlorobiales,Chlorobiaceae,Chlorobaculum,NA
ASV_4699,Bacteria,Bacteroidota,Bacteroidia,Bacteroidales,Rikenellaceae,NA,NA
ASV_4700,Bacteria,Bacteroidota,Bacteroidia,Sphingobacteriales,NS11-12 marine group,NA,NA
ASV_4701,Bacteria,Pseudomonadota,Alphaproteobacteria,Rickettsiales,AB1,NA,NA
ASV_4702,Bacteria,Pseudomonadota,Gammaproteobacteria,Burkholderiales,Burkholderiaceae,Limnobacter,NA
ASV_4703,Bacteria,Acidobacteriota,Acidobacteriae,Bryobacterales,Bryobacteraceae,Paludibaculum,NA
ASV_4704,Bacteria,Pseudomonadota,Gammaproteobacteria,Burkholderiales,Burkholderiaceae,Polynucleobacter,NA
ASV_4705,Bacteria,Bacteroidota,Bacteroidia,Chitinophagales,Chitinophagaceae,Lacibacter,NA
ASV_4706,Bacteria,Pseudomonadota,Gammaproteobacteria,Burkholderiales,Comamonadaceae,NA,NA
ASV_4707,Bacteria,Hydrogenedentes,Hydrogenedentia,Hydrogenedentiales,Hydrogenedensaceae,NA,NA
ASV_4708,Bacteria,Patescibacteria,Microgenomatia,Candidatus Collierbacteria,NA,NA,NA
ASV_4709,Bacteria,Dependentiae,Babeliae,Babeliales,NA,NA,NA
ASV_4710,Bacteria,Verrucomicrobiota,Verrucomicrobiia,Chthoniobacterales,Terrimicrobiaceae,Terrimicrobium,NA
ASV_4711,Bacteria,Pseudomonadota,Gammaproteobacteria,Burkholderiales,Nitrosomonadaceae,Nitrosomonas,NA
ASV_4712,Bacteria,Actinomycetota,Actinobacteria,Frankiales,Sporichthyaceae,hgcI clade,NA
ASV_4713,Bacteria,Pseudomonadota,Gammaproteobacteria,Burkholderiales,Rhodocyclaceae,Thauera,humireducens
ASV_4714,Bacteria,Bacillota,Negativicutes,Veillonellales-Selenomonadales,Selenomonadaceae,Centipeda,NA
ASV_4715,Bacteria,Bacteroidota,Bacteroidia,Sphingobacteriales,LiUU-11-161,NA,NA
ASV_4716,Bacteria,Bacillota,Bacilli,Izemoplasmatales,Izemoplasmataceae,NA,NA
ASV_4717,Bacteria,Pseudomonadota,Gammaproteobacteria,Burkholderiales,Rhodocyclaceae,Dechloromonas,agitata
ASV_4718,Bacteria,Bdellovibrionota,Bacteriovoracia,Bacteriovoracales,Bacteriovoracaceae,Peredibacter,NA
ASV_4719,Bacteria,Pseudomonadota,Gammaproteobacteria,Salinisphaerales,Nevskiaceae,Sinimarinibacterium,NA
ASV_4720,Bacteria,Pseudomonadota,Gammaproteobacteria,Burkholderiales,Rhodocyclaceae,Rhodocyclus,NA
ASV_4721,Bacteria,Thermodesulfobacteriota,Desulfovibrionia,Desulfovibrionales,Desulfomicrobiaceae,Desulfomicrobium,NA
ASV_4722,Bacteria,Pseudomonadota,Gammaproteobacteria,Burkholderiales,Rhodocyclaceae,Zoogloea,NA
ASV_4723,Bacteria,Pseudomonadota,Gammaproteobacteria,Enterobacterales,Aeromonadaceae,Tolumonas,NA
ASV_4724,Bacteria,Planctomycetota,Planctomycetes,Planctomycetales,Rubinisphaeraceae,SH-PL14,NA
ASV_4725,Bacteria,Actinomycetota,Actinobacteria,PeM15,NA,NA,NA
ASV_4726,Bacteria,Pseudomonadota,Alphaproteobacteria,Thalassobaculales,NA,NA,NA
ASV_4727,Bacteria,Bacteroidota,Bacteroidia,Sphingobacteriales,Lentimicrobiaceae,Lentimicrobium,NA
ASV_4728,Bacteria,Chlamydiota,Chlamydiia,Chlamydiales,Parachlamydiaceae,Neochlamydia,NA
ASV_4729,Bacteria,Pseudomonadota,Gammaproteobacteria,Burkholderiales,Methylophilaceae,NA,NA
ASV_4730,Bacteria,Pseudomonadota,Gammaproteobacteria,Burkholderiales,MWH-UniP1 aquatic group,NA,NA
ASV_4731,Bacteria,Thermodesulfobacteriota,Desulfobacteria,Desulfobacterales,Desulfobacteraceae,Desulfatiferula,NA
ASV_4732,Bacteria,Pseudomonadota,Alphaproteobacteria,Paracaedibacterales,Paracaedibacteraceae,Candidatus Paracaedibacter,NA
ASV_4733,Bacteria,Pseudomonadota,Gammaproteobacteria,Methylococcales,Methylococcaceae,Methyloparacoccus,NA
ASV_4734,Bacteria,Bacteroidota,Bacteroidia,Bacteroidales,Rikenellaceae,NA,NA
ASV_4735,Bacteria,Bacillota,Bacilli,Erysipelotrichales,NA,NA,NA
ASV_4736,Bacteria,Pseudomonadota,Gammaproteobacteria,Pseudomonadales,Pseudomonadaceae,Pseudomonas,NA
ASV_4737,Bacteria,Myxococcota,Polyangiia,Polyangiales,Sandaracinaceae,NA,NA
ASV_4738,Bacteria,Acidobacteriota,Blastocatellia,11-24,NA,NA,NA
ASV_4739,Bacteria,Pseudomonadota,Gammaproteobacteria,Pseudomonadales,Moraxellaceae,Acinetobacter,haemolyticus
ASV_4740,Bacteria,Thermodesulfobacteriota,Desulfuromonadia,PB19,NA,NA,NA
ASV_4741,Bacteria,Pseudomonadota,Alphaproteobacteria,Caulobacterales,Hyphomonadaceae,SWB02,NA
ASV_4742,Bacteria,Pseudomonadota,Gammaproteobacteria,Enterobacterales,Pasteurellaceae,Haemophilus,NA
ASV_4743,Bacteria,Pseudomonadota,Gammaproteobacteria,Burkholderiales,Comamonadaceae,Piscinibacter,NA
ASV_4744,Bacteria,Bacteroidota,Bacteroidia,Cytophagales,Cyclobacteriaceae,Algoriphagus,NA
ASV_4745,Bacteria,Pseudomonadota,Gammaproteobacteria,Burkholderiales,Comamonadaceae,Rubrivivax,NA
ASV_4746,Bacteria,Bacteroidota,Bacteroidia,Chitinophagales,NA,NA,NA
ASV_4747,Bacteria,Bacteroidota,Bacteroidia,Chitinophagales,NA,NA,NA
ASV_4748,Bacteria,Pseudomonadota,Alphaproteobacteria,Paracaedibacterales,Paracaedibacteraceae,NA,NA
ASV_4749,Bacteria,Candidatus Kapabacteria,Kapabacteria,Kapabacteriales,NA,NA,NA
ASV_4750,Bacteria,Pseudomonadota,Alphaproteobacteria,Zavarziniales,Zavarziniaceae,Zavarzinia,NA
ASV_4751,Bacteria,Pseudomonadota,Alphaproteobacteria,Rhodobacterales,Paracoccaceae,Rhodobacter,NA
ASV_4752,Bacteria,Ignavibacteriota,Ignavibacteria,Ignavibacteriales,Ignavibacteriaceae,Ignavibacterium,NA
ASV_4753,Bacteria,Bacteroidota,Bacteroidia,Sphingobacteriales,Lentimicrobiaceae,Lentimicrobium,NA
ASV_4754,Bacteria,Pseudomonadota,Gammaproteobacteria,Pseudomonadales,Pseudomonadaceae,Pseudomonas,NA
ASV_4755,Bacteria,Pseudomonadota,Alphaproteobacteria,Dongiales,Dongiaceae,Dongia,NA
ASV_4756,Bacteria,Actinomycetota,Actinobacteria,Propionibacteriales,Nocardioidaceae,Nocardioides,NA
ASV_4757,Bacteria,Pseudomonadota,Gammaproteobacteria,Pseudomonadales,Pseudomonadaceae,Pseudomonas,NA
ASV_4758,Bacteria,Pseudomonadota,Alphaproteobacteria,Holosporales,Holosporaceae,Candidatus Paraholospora,NA
ASV_4759,Bacteria,Bacillota,Clostridia,Clostridia vadinBB60 group,NA,NA,NA
ASV_4760,Archaea,Halobacteriota,Methanosarcinia,Methanosarcinales,Methanosaetaceae,Methanothrix,NA
ASV_4761,Bacteria,Bacteroidota,Bacteroidia,Sphingobacteriales,NS11-12 marine group,NA,NA
ASV_4762,Bacteria,Pseudomonadota,Gammaproteobacteria,Enterobacterales,Alteromonadaceae,Rheinheimera,NA
ASV_4763,Bacteria,Patescibacteria,Parcubacteria,Candidatus Nomurabacteria,NA,NA,NA
ASV_4764,Bacteria,Pseudomonadota,Gammaproteobacteria,Burkholderiales,Alcaligenaceae,NA,NA
ASV_4765,Bacteria,Patescibacteria,Gracilibacteria,Candidatus Peregrinibacteria,NA,NA,NA
ASV_4766,Bacteria,Actinomycetota,Actinobacteria,Frankiales,Sporichthyaceae,hgcI clade,NA
ASV_4767,Bacteria,Gemmatimonadota,Gemmatimonadia,Gemmatimonadales,Gemmatimonadaceae,Gemmatimonas,NA
ASV_4768,Bacteria,Planctomycetota,Planctomycetes,Pirellulales,Pirellulaceae,NA,NA
ASV_4769,Bacteria,Actinomycetota,Acidimicrobiia,Microtrichales,Ilumatobacteraceae,NA,NA
ASV_4770,Bacteria,Pseudomonadota,Gammaproteobacteria,Burkholderiales,Comamonadaceae,Ramlibacter,NA
ASV_4771,Bacteria,Bacillota,Clostridia,Lachnospirales,Lachnospiraceae,Stomatobaculum,NA
ASV_4772,Bacteria,Thermodesulfobacteriota,Desulfobacteria,Desulfobacterales,Desulfococcaceae,Desulfococcus,NA
ASV_4773,Bacteria,Pseudomonadota,Alphaproteobacteria,Rhodobacterales,Paracoccaceae,Cypionkella,NA
ASV_4774,Bacteria,Planctomycetota,Planctomycetes,Pirellulales,Pirellulaceae,Pirellula,NA
ASV_4775,Bacteria,Patescibacteria,Parcubacteria,Candidatus Kaiserbacteria,NA,NA,NA
ASV_4776,Bacteria,Pseudomonadota,Gammaproteobacteria,Pseudomonadales,Spongiibacteraceae,BD1-7 clade,NA
ASV_4777,Bacteria,Pseudomonadota,Gammaproteobacteria,Lysobacterales,Lysobacteraceae,Arenimonas,NA
ASV_4778,Bacteria,Planctomycetota,Planctomycetes,Gemmatales,Gemmataceae,Tuwongella,NA
ASV_4779,Bacteria,Pseudomonadota,Alphaproteobacteria,Hyphomicrobiales,Rhizobiaceae,Rhizobium,NA
ASV_4780,Bacteria,Bacteroidota,Bacteroidia,Chitinophagales,NA,NA,NA
ASV_4781,Bacteria,Pseudomonadota,Alphaproteobacteria,Hyphomicrobiales,Rhizobiaceae,Brucella,NA
ASV_4782,Bacteria,Pseudomonadota,Gammaproteobacteria,Enterobacterales,Alteromonadaceae,Rheinheimera,NA
ASV_4783,Bacteria,Pseudomonadota,Gammaproteobacteria,Burkholderiales,Alcaligenaceae,NA,NA
ASV_4784,Bacteria,Dependentiae,Babeliae,Babeliales,NA,NA,NA
ASV_4785,Bacteria,Pseudomonadota,Alphaproteobacteria,Sphingomonadales,Sphingomonadaceae,Novosphingobium,NA
ASV_4786,Bacteria,Bacteroidota,Bacteroidia,Bacteroidales,Rikenellaceae,Anaerocella,delicata
ASV_4787,Bacteria,Patescibacteria,Dojkabacteria,NA,NA,NA,NA
ASV_4788,Bacteria,Bacillota,Bacilli,Erysipelotrichales,Erysipelatoclostridiaceae,UCG-004,NA
ASV_4789,Bacteria,Spirochaetota,Leptospirae,Leptospirales,Leptospiraceae,RBG-16-49-21,NA
ASV_4790,Bacteria,Pseudomonadota,Alphaproteobacteria,Caulobacterales,Caulobacteraceae,Phenylobacterium,NA
ASV_4791,Bacteria,Bacillota,Bacilli,Erysipelotrichales,Erysipelatoclostridiaceae,UCG-004,NA
ASV_4792,Bacteria,Hydrogenedentes,Hydrogenedentia,Hydrogenedentiales,Hydrogenedensaceae,NA,NA
ASV_4793,Bacteria,Pseudomonadota,Alphaproteobacteria,Paracaedibacterales,Paracaedibacteraceae,NA,NA
ASV_4794,Bacteria,Bdellovibrionota,Oligoflexia,0319-6G20,NA,NA,NA
ASV_4795,Bacteria,Pseudomonadota,Alphaproteobacteria,Acetobacterales,Acetobacteraceae,Roseomonas,NA
ASV_4796,Bacteria,Pseudomonadota,Alphaproteobacteria,Caulobacterales,Caulobacteraceae,Phenylobacterium,muchangponense
ASV_4797,Bacteria,Pseudomonadota,Gammaproteobacteria,Burkholderiales,Burkholderiaceae,Lautropia,NA
ASV_4798,Bacteria,Actinomycetota,Actinobacteria,Frankiales,Sporichthyaceae,hgcI clade,NA
ASV_4799,Bacteria,Pseudomonadota,Gammaproteobacteria,Lysobacterales,Rhodanobacteraceae,Aquimonas,NA
ASV_4800,Bacteria,Bacteroidota,Bacteroidia,NA,NA,NA,NA
ASV_4801,Bacteria,Pseudomonadota,Gammaproteobacteria,Pseudomonadales,Spongiibacteraceae,BD1-7 clade,NA
ASV_4802,Bacteria,Pseudomonadota,Gammaproteobacteria,NA,NA,NA,NA
ASV_4803,Bacteria,Pseudomonadota,Alphaproteobacteria,Micavibrionales,NA,NA,NA
ASV_4804,Bacteria,Pseudomonadota,Gammaproteobacteria,Steroidobacterales,Steroidobacteraceae,NA,NA
ASV_4805,Bacteria,Verrucomicrobiota,Verrucomicrobiia,Opitutales,Opitutaceae,Oleiharenicola,NA
ASV_4806,Bacteria,Patescibacteria,Saccharimonadia,Saccharimonadales,NA,NA,NA
ASV_4807,Bacteria,Bacteroidota,Bacteroidia,Flavobacteriales,Crocinitomicaceae,Fluviicola,NA
ASV_4808,Bacteria,Pseudomonadota,Gammaproteobacteria,Burkholderiales,Rhodocyclaceae,C39,NA
ASV_4809,Bacteria,Pseudomonadota,Gammaproteobacteria,Burkholderiales,Burkholderiaceae,Polynucleobacter,cosmopolitanus
ASV_4810,Bacteria,Pseudomonadota,Gammaproteobacteria,Lysobacterales,Lysobacteraceae,Silanimonas,NA
ASV_4811,Bacteria,Bacteroidota,Bacteroidia,Sphingobacteriales,env.OPS 17,NA,NA
ASV_4812,Bacteria,Bacillota,Bacilli,Lactobacillales,Aerococcaceae,Abiotrophia,defectiva
ASV_4813,Bacteria,Pseudomonadota,Gammaproteobacteria,Burkholderiales,Rhodocyclaceae,Rhodocyclus,NA
ASV_4814,Bacteria,Pseudomonadota,Gammaproteobacteria,Enterobacterales,Yersiniaceae,Serratia,NA
ASV_4815,Bacteria,Actinomycetota,Actinobacteria,Micrococcales,Microbacteriaceae,Aurantimicrobium,minutum
ASV_4816,Bacteria,Pseudomonadota,Alphaproteobacteria,Hyphomicrobiales,Xanthobacteraceae,Xanthobacter,tagetidis
ASV_4817,Bacteria,Verrucomicrobiota,Verrucomicrobiia,Opitutales,Opitutaceae,Oleiharenicola,NA
ASV_4818,Bacteria,Pseudomonadota,Gammaproteobacteria,Pseudomonadales,Pseudomonadaceae,Pseudomonas,NA
ASV_4819,Bacteria,Pseudomonadota,Gammaproteobacteria,Burkholderiales,Neisseriaceae,NA,NA
ASV_4820,Bacteria,Pseudomonadota,Alphaproteobacteria,Rhodobacterales,Paracoccaceae,Rhodobacter,NA
ASV_4821,Bacteria,Pseudomonadota,Gammaproteobacteria,Burkholderiales,MWH-UniP1 aquatic group,NA,NA
ASV_4822,Bacteria,Pseudomonadota,Gammaproteobacteria,NA,NA,NA,NA
ASV_4823,Bacteria,Pseudomonadota,Gammaproteobacteria,Burkholderiales,Methylophilaceae,MM2,NA
ASV_4824,Bacteria,Bacteroidota,Bacteroidia,Chitinophagales,Chitinophagaceae,Rurimicrobium,NA
ASV_4825,Bacteria,Pseudomonadota,Alphaproteobacteria,Hyphomicrobiales,Rhizobiaceae,Oricola,NA
ASV_4826,Bacteria,Bacillota,Clostridia,Clostridia vadinBB60 group,NA,NA,NA
ASV_4827,Bacteria,Pseudomonadota,Alphaproteobacteria,Reyranellales,Reyranellaceae,Reyranella,aquatilis
ASV_4828,Bacteria,Bacteroidota,Bacteroidia,Bacteroidales,Rikenellaceae,Bact-08,NA
ASV_4829,Bacteria,Verrucomicrobiota,Omnitrophia,Omnitrophales,Omnitrophaceae,Candidatus Omnitrophus,NA
ASV_4830,Bacteria,Thermodesulfobacteriota,Desulfobulbia,Desulfobulbales,Desulfobulbaceae,Desulfobulbus,NA
ASV_4831,Bacteria,Verrucomicrobiota,Omnitrophia,Omnitrophales,Omnitrophaceae,Candidatus Omnitrophus,NA
ASV_4832,Bacteria,Pseudomonadota,Gammaproteobacteria,Burkholderiales,Methylophilaceae,MM2,NA
ASV_4833,Bacteria,Pseudomonadota,Gammaproteobacteria,Pseudomonadales,Moraxellaceae,NA,NA
ASV_4834,Bacteria,Actinomycetota,Actinobacteria,Frankiales,Sporichthyaceae,hgcI clade,NA
ASV_4835,Bacteria,Bacteroidota,Bacteroidia,Flavobacteriales,Crocinitomicaceae,Fluviicola,NA
ASV_4836,Bacteria,Verrucomicrobiota,Verrucomicrobiia,Pedosphaerales,Pedosphaeraceae,DEV114,NA
ASV_4837,Bacteria,Pseudomonadota,Gammaproteobacteria,Burkholderiales,Alcaligenaceae,Candidimonas,NA
ASV_4838,Bacteria,Patescibacteria,Microgenomatia,Candidatus Collierbacteria,NA,NA,NA
ASV_4839,Bacteria,Pseudomonadota,Gammaproteobacteria,Burkholderiales,Burkholderiaceae,Ralstonia,NA
ASV_4840,Bacteria,Bacteroidota,Bacteroidia,Flavobacteriales,Crocinitomicaceae,Fluviicola,NA
ASV_4841,Bacteria,Pseudomonadota,Gammaproteobacteria,Pseudomonadales,Oleiphilaceae,Oleiphilus,NA
ASV_4842,Bacteria,Pseudomonadota,Gammaproteobacteria,Burkholderiales,Comamonadaceae,Ramlibacter,NA
ASV_4843,Bacteria,Pseudomonadota,Gammaproteobacteria,Burkholderiales,Nitrosomonadaceae,oc32,NA
ASV_4844,Bacteria,Bacteroidota,Bacteroidia,Sphingobacteriales,KD3-93,NA,NA
ASV_4845,Bacteria,Bacteroidota,Bacteroidia,Sphingobacteriales,env.OPS 17,NA,NA
ASV_4846,Bacteria,Pseudomonadota,Alphaproteobacteria,Hyphomicrobiales,Hyphomicrobiales Incertae Sedis,NA,NA
ASV_4847,Bacteria,Thermodesulfobacteriota,Desulfuromonadia,Geobacterales,Geobacteraceae,Trichlorobacter,NA
ASV_4848,Bacteria,Pseudomonadota,Gammaproteobacteria,Salinisphaerales,Nevskiaceae,Solimonas,NA
ASV_4849,Bacteria,Pseudomonadota,Alphaproteobacteria,Hyphomicrobiales,Pleomorphomonadaceae,Prosthecomicrobium,hirschii
ASV_4850,Bacteria,Cyanobacteriota,Cyanobacteriia,Cyanobacteriales,Oscillatoriaceae,Planktothricoides SR001,NA
ASV_4851,Bacteria,Pseudomonadota,Gammaproteobacteria,Burkholderiales,Comamonadaceae,Ottowia,NA
ASV_4852,Bacteria,Pseudomonadota,Gammaproteobacteria,Burkholderiales,Rhodocyclaceae,Thauera,NA
ASV_4853,Bacteria,Pseudomonadota,Gammaproteobacteria,Methylococcales,Methylomonadaceae,Methylomonas,NA
ASV_4854,Bacteria,Bacteroidota,Bacteroidia,Flavobacteriales,Crocinitomicaceae,Fluviicola,NA
ASV_4855,Bacteria,Bacteroidota,Bacteroidia,Sphingobacteriales,Lentimicrobiaceae,Lentimicrobium,NA
ASV_4856,Bacteria,Pseudomonadota,Gammaproteobacteria,Pseudomonadales,Porticoccaceae,C1-B045,NA
ASV_4857,Bacteria,Pseudomonadota,Alphaproteobacteria,Rickettsiales,Rickettsiaceae,Candidatus Megaira,NA
ASV_4858,Bacteria,Pseudomonadota,Gammaproteobacteria,Enterobacterales,Shewanellaceae,Shewanella,NA
ASV_4859,Bacteria,Pseudomonadota,Gammaproteobacteria,Burkholderiales,Neisseriaceae,NA,NA
ASV_4860,Bacteria,Bacteroidota,Bacteroidia,Sphingobacteriales,Sphingobacteriaceae,Solitalea,NA
ASV_4861,Bacteria,Bacteroidota,Bacteroidia,Flavobacteriales,Crocinitomicaceae,Fluviicola,NA
ASV_4862,Bacteria,Pseudomonadota,Gammaproteobacteria,Burkholderiales,Comamonadaceae,NA,NA
ASV_4863,Bacteria,Bacillota,Bacilli,Erysipelotrichales,Erysipelatoclostridiaceae,UCG-004,NA
ASV_4864,Bacteria,Pseudomonadota,Gammaproteobacteria,Burkholderiales,Burkholderiaceae,Lautropia,NA
ASV_4865,Bacteria,Thermodesulfobacteriota,Desulfobulbia,Desulfobulbales,Desulfocapsaceae,Desulfocastanea,NA
ASV_4866,Bacteria,Bdellovibrionota,Bdellovibrionia,Bdellovibrionales,Pseudobdellovibrionaceae,Bdellovibrio,NA
ASV_4867,Bacteria,Bdellovibrionota,Bacteriovoracia,Bacteriovoracales,Bacteriovoracaceae,Peredibacter,NA
ASV_4868,Bacteria,Bacteroidota,Bacteroidia,Sphingobacteriales,NS11-12 marine group,NA,NA
ASV_4869,Bacteria,Bacillota,Clostridia,Peptostreptococcales-Tissierellales,Peptostreptococcaceae,Acetoanaerobium,NA
ASV_4870,Bacteria,Pseudomonadota,Alphaproteobacteria,Caulobacterales,Caulobacteraceae,Phenylobacterium,NA
ASV_4871,Bacteria,Pseudomonadota,Gammaproteobacteria,Pseudomonadales,Moraxellaceae,NA,NA
ASV_4872,Bacteria,Pseudomonadota,Gammaproteobacteria,Run-SP154,NA,NA,NA
ASV_4873,Bacteria,Actinomycetota,Actinobacteria,Frankiales,Sporichthyaceae,hgcI clade,NA
ASV_4874,Bacteria,Bdellovibrionota,Bdellovibrionia,Bdellovibrionales,Pseudobdellovibrionaceae,NA,NA
ASV_4875,Bacteria,Verrucomicrobiota,Verrucomicrobiia,Pedosphaerales,Pedosphaeraceae,Oikopleura,NA
ASV_4876,Bacteria,Actinomycetota,Actinobacteria,PeM15,NA,NA,NA
ASV_4877,Bacteria,Bacillota,Bacilli,Bacillales,Bacillaceae,NA,NA
ASV_4878,Bacteria,Bacteroidota,Bacteroidia,Bacteroidales,Paludibacteraceae,Paludibacter,NA
ASV_4879,Bacteria,Bacillota,Desulfitobacteriia,Desulfitobacteriales,Incertae Sedis,TC1,NA
ASV_4880,Bacteria,Bacteroidota,Bacteroidia,Flavobacteriales,Flavobacteriaceae,Capnocytophaga,NA
ASV_4881,Bacteria,Pseudomonadota,Gammaproteobacteria,Lysobacterales,Lysobacteraceae,Arenimonas,NA
ASV_4882,Bacteria,Pseudomonadota,Alphaproteobacteria,Rickettsiales,Midichloriaceae,NA,NA
ASV_4883,Bacteria,Bacteroidota,Bacteroidia,Flavobacteriales,Weeksellaceae,Cloacibacterium,normanense
ASV_4884,Bacteria,Pseudomonadota,Gammaproteobacteria,Burkholderiales,Rhodocyclaceae,Zoogloea,NA
ASV_4885,Bacteria,Pseudomonadota,Alphaproteobacteria,Dongiales,Dongiaceae,Dongia,NA
ASV_4886,Bacteria,Hydrogenedentes,Hydrogenedentia,Hydrogenedentiales,Hydrogenedensaceae,NA,NA
ASV_4887,Bacteria,Pseudomonadota,Gammaproteobacteria,Burkholderiales,Alcaligenaceae,Verticiella,NA
ASV_4888,Bacteria,Bacteroidota,Bacteroidia,Flavobacteriales,Weeksellaceae,Cloacibacterium,NA
ASV_4889,Bacteria,Pseudomonadota,Alphaproteobacteria,Parvibaculales,Parvibaculaceae,Parvibaculum,NA
ASV_4890,Bacteria,Pseudomonadota,Alphaproteobacteria,Hyphomicrobiales,Xanthobacteraceae,NA,NA
ASV_4891,Bacteria,Pseudomonadota,Gammaproteobacteria,Methylococcales,Methylomonadaceae,Methylomonas,koyamae
ASV_4892,Bacteria,Pseudomonadota,Gammaproteobacteria,R7C24,NA,NA,NA
ASV_4893,Bacteria,Pseudomonadota,Gammaproteobacteria,Burkholderiales,Comamonadaceae,Alicycliphilus,NA
ASV_4894,Bacteria,NA,NA,NA,NA,NA,NA
ASV_4895,Bacteria,Bacteroidota,Bacteroidia,Chitinophagales,Chitinophagaceae,Sediminibacterium,NA
ASV_4896,Bacteria,Pseudomonadota,Alphaproteobacteria,Holosporales,Holosporaceae,Candidatus Paraholospora,NA
ASV_4897,Bacteria,Pseudomonadota,Alphaproteobacteria,Hyphomicrobiales,Rhizobiaceae,NA,NA
ASV_4898,Bacteria,Pseudomonadota,Gammaproteobacteria,Ga0077536,NA,NA,NA
ASV_4899,Bacteria,Pseudomonadota,Gammaproteobacteria,Burkholderiales,Rhodocyclaceae,Zoogloea,NA
ASV_4900,Bacteria,Patescibacteria,Dojkabacteria,NA,NA,NA,NA
ASV_4901,Bacteria,Pseudomonadota,Gammaproteobacteria,Burkholderiales,Burkholderiaceae,Pandoraea,sputorum
ASV_4902,Bacteria,Bacillota,Clostridia,Oscillospirales,Ruminococcaceae,NA,NA
ASV_4903,Bacteria,Bacillota,Clostridia,Oscillospirales,Oscillospiraceae,Ruminiclostridium,NA
ASV_4904,Bacteria,Pseudomonadota,Gammaproteobacteria,Burkholderiales,Rhodocyclaceae,Propionivibrio,NA
ASV_4905,Bacteria,Bacteroidota,Bacteroidia,Sphingobacteriales,NS11-12 marine group,NA,NA
ASV_4906,Bacteria,Pseudomonadota,Gammaproteobacteria,Burkholderiales,Burkholderiaceae,Lautropia,NA
ASV_4907,Bacteria,Verrucomicrobiota,Omnitrophia,Omnitrophales,Omnitrophaceae,Candidatus Omnitrophus,NA
ASV_4908,Bacteria,Patescibacteria,Dojkabacteria,NA,NA,NA,NA
ASV_4909,Bacteria,Hydrogenedentes,Hydrogenedentia,Hydrogenedentiales,Hydrogenedensaceae,NA,NA
ASV_4910,Bacteria,Actinomycetota,Actinobacteria,PeM15,NA,NA,NA
ASV_4911,Bacteria,Pseudomonadota,Gammaproteobacteria,Burkholderiales,Rhodocyclaceae,Zoogloea,resiniphila
ASV_4912,Bacteria,Bacteroidota,Bacteroidia,Flavobacteriales,Crocinitomicaceae,Fluviicola,NA
ASV_4913,Bacteria,Bacteroidota,Bacteroidia,Flavobacteriales,Crocinitomicaceae,Fluviicola,NA
ASV_4914,Bacteria,Pseudomonadota,Gammaproteobacteria,Burkholderiales,Comamonadaceae,NA,NA
ASV_4915,Bacteria,Pseudomonadota,Gammaproteobacteria,Burkholderiales,Comamonadaceae,Ramlibacter,NA
ASV_4916,Bacteria,Pseudomonadota,Gammaproteobacteria,Gammaproteobacteria Incertae Sedis,Unknown Family,Candidatus Ovatusbacter,NA
ASV_4917,Bacteria,Pseudomonadota,Gammaproteobacteria,Burkholderiales,Comamonadaceae,Aquabacterium,NA
ASV_4918,Bacteria,Pseudomonadota,Gammaproteobacteria,Pseudomonadales,Spongiibacteraceae,BD1-7 clade,NA
ASV_4919,Bacteria,Pseudomonadota,Gammaproteobacteria,Burkholderiales,Rhodocyclaceae,Thauera,NA
ASV_4920,Bacteria,Bacteroidota,Bacteroidia,Cytophagales,Cyclobacteriaceae,Algoriphagus,NA
ASV_4921,Bacteria,Pseudomonadota,Gammaproteobacteria,Chromatiales,Chromatiaceae,Allochromatium,NA
ASV_4922,Bacteria,Pseudomonadota,Gammaproteobacteria,R7C24,NA,NA,NA
ASV_4923,Bacteria,Pseudomonadota,Gammaproteobacteria,Burkholderiales,Rhodocyclaceae,Rhodocyclus,NA
ASV_4924,Bacteria,Bacteroidota,Bacteroidia,Bacteroidales,Prolixibacteraceae,WCHB1-32,NA
ASV_4925,Bacteria,Pseudomonadota,Gammaproteobacteria,Burkholderiales,Burkholderiaceae,Ralstonia,NA
ASV_4926,Bacteria,Pseudomonadota,Gammaproteobacteria,Ga0077536,NA,NA,NA
ASV_4927,Bacteria,Pseudomonadota,Alphaproteobacteria,Caulobacterales,Caulobacteraceae,Phenylobacterium,NA
ASV_4928,Bacteria,Pseudomonadota,Alphaproteobacteria,Dongiales,Dongiaceae,Dongia,NA
ASV_4929,Bacteria,Pseudomonadota,Alphaproteobacteria,Caulobacterales,Caulobacteraceae,Phenylobacterium,muchangponense
ASV_4930,Bacteria,Pseudomonadota,Gammaproteobacteria,Burkholderiales,Comamonadaceae,Rubrivivax,NA
ASV_4931,Bacteria,Pseudomonadota,Alphaproteobacteria,Rhodospirillales,NA,NA,NA
ASV_4932,Bacteria,Pseudomonadota,Gammaproteobacteria,Run-SP154,NA,NA,NA
ASV_4933,Bacteria,Pseudomonadota,Alphaproteobacteria,Paracaedibacterales,Paracaedibacteraceae,NA,NA
ASV_4934,Bacteria,Pseudomonadota,Gammaproteobacteria,Burkholderiales,Comamonadaceae,Pseudacidovorax,NA
ASV_4935,Bacteria,NA,NA,NA,NA,NA,NA
ASV_4936,Bacteria,Bacteroidota,Bacteroidia,Chitinophagales,Saprospiraceae,NA,NA
ASV_4937,Bacteria,Cloacimonadota,Cloacimonadia,Cloacimonadales,Cloacimonadaceae,LNR A2-18,NA
ASV_4938,Bacteria,Cyanobacteriota,Cyanobacteriia,Synechococcales,Cyanobiaceae,Cyanobium PCC-6307,NA
ASV_4939,Bacteria,Bacteroidota,Bacteroidia,Sphingobacteriales,Lentimicrobiaceae,NA,NA
ASV_4940,Bacteria,Bacteroidota,Bacteroidia,Bacteroidales,Bacteroidaceae,Bacteroides,graminisolvens
ASV_4941,Bacteria,Hydrogenedentes,Hydrogenedentia,Hydrogenedentiales,Hydrogenedensaceae,NA,NA
ASV_4942,Bacteria,Bacillota,Bacilli,Izemoplasmatales,Izemoplasmataceae,NA,NA
ASV_4943,Bacteria,Bacillota,Bacilli,Acholeplasmatales,Acholeplasmataceae,Acholeplasma,NA
ASV_4944,Bacteria,Actinomycetota,Actinobacteria,Propionibacteriales,Nocardioidaceae,Aeromicrobium,NA
ASV_4945,Bacteria,Bacteroidota,Bacteroidia,Bacteroidales,Rikenellaceae,NA,NA
ASV_4946,Bacteria,Actinomycetota,Acidimicrobiia,Microtrichales,Ilumatobacteraceae,CL500-29 marine group,NA
ASV_4947,Bacteria,Actinomycetota,Thermoleophilia,Gaiellales,NA,NA,NA
ASV_4948,Bacteria,Bacteroidota,Bacteroidia,Chitinophagales,NA,NA,NA
ASV_4949,Bacteria,Pseudomonadota,Alphaproteobacteria,Acetobacterales,Acetobacteraceae,NA,NA
ASV_4950,Bacteria,Pseudomonadota,Gammaproteobacteria,Gammaproteobacteria Incertae Sedis,Unknown Family,Candidatus Ovatusbacter,NA
ASV_4951,Bacteria,Patescibacteria,WWE3,NA,NA,NA,NA
ASV_4952,Bacteria,Pseudomonadota,Gammaproteobacteria,Pseudomonadales,Halomonadaceae,HdN1,NA
ASV_4953,Bacteria,Actinomycetota,Actinobacteria,PeM15,NA,NA,NA
ASV_4954,Bacteria,Bacillota,Bacilli,Lactobacillales,Streptococcaceae,Streptococcus,NA
ASV_4955,Bacteria,Bacillota,Bacilli,Erysipelotrichales,Erysipelotrichaceae,Solobacterium,moorei
ASV_4956,Bacteria,Pseudomonadota,Alphaproteobacteria,Hyphomicrobiales,Beijerinckiaceae,alphaI cluster,NA
ASV_4957,Bacteria,Pseudomonadota,Gammaproteobacteria,Run-SP154,NA,NA,NA
ASV_4958,Bacteria,Patescibacteria,Dojkabacteria,NA,NA,NA,NA
ASV_4959,Bacteria,Pseudomonadota,Alphaproteobacteria,Acetobacterales,Acetobacteraceae,Roseomonas,NA
ASV_4960,Bacteria,Planctomycetota,Planctomycetes,Pirellulales,Pirellulaceae,NA,NA
ASV_4961,Bacteria,Chlorobiota,Chlorobia,Chlorobiales,Chlorobiaceae,Chlorobaculum,NA
ASV_4962,Bacteria,Pseudomonadota,Gammaproteobacteria,Pseudomonadales,Halomonadaceae,HdN1,NA
ASV_4963,Bacteria,Verrucomicrobiota,Verrucomicrobiia,Pedosphaerales,Pedosphaeraceae,DEV114,NA
ASV_4964,Bacteria,Pseudomonadota,Alphaproteobacteria,Rhodobacterales,Paracoccaceae,Cypionkella,NA
ASV_4965,Bacteria,Pseudomonadota,Alphaproteobacteria,Acetobacterales,Acetobacteraceae,Roseomonas,lacus
ASV_4966,Bacteria,Pseudomonadota,Alphaproteobacteria,Defluviicoccales,NA,NA,NA
ASV_4967,Bacteria,Planctomycetota,Planctomycetes,Gemmatales,Gemmataceae,Tuwongella,NA
ASV_4968,Bacteria,Pseudomonadota,Alphaproteobacteria,Rhodobacterales,Paracoccaceae,Gemmobacter,NA
ASV_4969,Bacteria,Pseudomonadota,Alphaproteobacteria,Rhodobacterales,Paracoccaceae,Fuscovulum,NA
ASV_4970,Bacteria,Bacillota,Clostridia,Peptostreptococcales-Tissierellales,Peptostreptococcaceae,Acetoanaerobium,NA
ASV_4971,Bacteria,Patescibacteria,Saccharimonadia,Saccharimonadales,Saccharimonadaceae,TM7a,NA
ASV_4972,Bacteria,Actinomycetota,Actinobacteria,Micrococcales,Microbacteriaceae,NA,NA
ASV_4973,Bacteria,Verrucomicrobiota,Omnitrophia,Omnitrophales,Omnitrophaceae,Candidatus Omnitrophus,NA
ASV_4974,Bacteria,Bacillota,Clostridia,Peptostreptococcales-Tissierellales,Family XI,Soehngenia,NA
ASV_4975,Bacteria,Bacteroidota,Bacteroidia,Bacteroidales,M2PB4-65 termite group,NA,NA
ASV_4976,Bacteria,Pseudomonadota,Alphaproteobacteria,Ferrovibrionales,Ferrovibrionaceae,Ferrovibrio,NA
ASV_4977,Bacteria,Verrucomicrobiota,Omnitrophia,Omnitrophales,Omnitrophaceae,Candidatus Omnitrophus,NA
ASV_4978,Bacteria,Bacillota,Clostridia,Clostridia vadinBB60 group,NA,NA,NA
ASV_4979,Bacteria,Pseudomonadota,Alphaproteobacteria,Hyphomicrobiales,Beijerinckiaceae,NA,NA
ASV_4980,Bacteria,Bacteroidota,Bacteroidia,Sphingobacteriales,Sphingobacteriaceae,Daejeonella,NA
ASV_4981,Bacteria,Pseudomonadota,Alphaproteobacteria,Hyphomicrobiales,Rhizobiaceae,Brucella,NA
ASV_4982,Bacteria,Cloacimonadota,Cloacimonadia,Cloacimonadales,SHA-4,NA,NA
ASV_4983,Bacteria,Bacillota,NA,NA,NA,NA,NA
ASV_4984,Bacteria,Chlamydiota,Chlamydiia,Chlamydiales,Parachlamydiaceae,Neochlamydia,NA
ASV_4985,Bacteria,Pseudomonadota,Gammaproteobacteria,Lysobacterales,Lysobacteraceae,Lysobacter,brunescens
ASV_4986,Bacteria,Bacteroidota,Bacteroidia,Sphingobacteriales,AKYH767,NA,NA
ASV_4987,Bacteria,Actinomycetota,Actinobacteria,Frankiales,NA,NA,NA
ASV_4988,Bacteria,Bacteroidota,Bacteroidia,Chitinophagales,Chitinophagaceae,Lacibacter,NA
ASV_4989,Bacteria,Pseudomonadota,Alphaproteobacteria,Acetobacterales,Acetobacteraceae,Roseomonas,NA
ASV_4990,Bacteria,Bacteroidota,Bacteroidia,Chitinophagales,NA,NA,NA
ASV_4991,Bacteria,Bacteroidota,Bacteroidia,Chitinophagales,Chitinophagaceae,Lacibacter,NA
ASV_4992,Bacteria,Planctomycetota,Planctomycetes,Isosphaerales,Isosphaeraceae,NA,NA
ASV_4993,Bacteria,Gemmatimonadota,Gemmatimonadia,Gemmatimonadales,Gemmatimonadaceae,NA,NA
ASV_4994,Bacteria,Verrucomicrobiota,Verrucomicrobiia,Opitutales,Opitutaceae,Oleiharenicola,NA
ASV_4995,Bacteria,Bacillota,Clostridia,Christensenellales,Christensenellaceae,NA,NA
ASV_4996,Bacteria,Pseudomonadota,Gammaproteobacteria,Pseudomonadales,Moraxellaceae,NA,NA
ASV_4997,Bacteria,Pseudomonadota,Gammaproteobacteria,Burkholderiales,Comamonadaceae,Aquabacterium,NA
ASV_4998,Bacteria,Pseudomonadota,Gammaproteobacteria,Pseudomonadales,Moraxellaceae,NA,NA
ASV_4999,Bacteria,Actinomycetota,Actinobacteria,Micrococcales,Microbacteriaceae,Aurantimicrobium,NA
ASV_5000,Bacteria,Bacteroidota,Bacteroidia,Chitinophagales,37-13,NA,NA
ASV_5001,Bacteria,Pseudomonadota,Alphaproteobacteria,Caulobacterales,Hyphomonadaceae,Hyphomonas,NA
ASV_5002,Bacteria,Pseudomonadota,Gammaproteobacteria,Pseudomonadales,Porticoccaceae,C1-B045,NA
ASV_5003,Bacteria,Actinomycetota,Actinobacteria,Mycobacteriales,Mycobacteriaceae,Mycobacterium,NA
ASV_5004,Bacteria,Pseudomonadota,Gammaproteobacteria,Pseudomonadales,Halomonadaceae,HdN1,NA
ASV_5005,Bacteria,Pseudomonadota,Gammaproteobacteria,Beggiatoales,Leucotrichaceae,Thiothrix,NA
ASV_5006,Bacteria,Cyanobacteriota,Cyanobacteriia,Cyanobacteriales,Oscillatoriaceae,Planktothricoides SR001,raciborskii
ASV_5007,Bacteria,NA,NA,NA,NA,NA,NA
ASV_5008,Bacteria,Pseudomonadota,Gammaproteobacteria,Salinisphaerales,Nevskiaceae,Panacagrimonas,NA
ASV_5009,Bacteria,Pseudomonadota,Gammaproteobacteria,Pseudomonadales,Moraxellaceae,Cavicella,NA
ASV_5010,Bacteria,Pseudomonadota,Gammaproteobacteria,Lysobacterales,Rhodanobacteraceae,Dyella,ginsengisoli
ASV_5011,Bacteria,Bdellovibrionota,Oligoflexia,0319-6G20,NA,NA,NA
ASV_5012,Bacteria,Pseudomonadota,Gammaproteobacteria,Salinisphaerales,Nevskiaceae,Fontimonas,NA
ASV_5013,Bacteria,Thermodesulfobacteriota,Desulfuromonadia,Bradymonadales,NA,NA,NA
ASV_5014,Bacteria,Patescibacteria,Dojkabacteria,NA,NA,NA,NA
ASV_5015,Bacteria,Bacteroidota,Bacteroidia,Cytophagales,Cyclobacteriaceae,Algoriphagus,aquatilis
ASV_5016,Bacteria,Bacillota,Bacilli,Erysipelotrichales,Erysipelatoclostridiaceae,UCG-004,NA
ASV_5017,Bacteria,Pseudomonadota,Gammaproteobacteria,Lysobacterales,Rhodanobacteraceae,Dyella,ginsengisoli
ASV_5018,Bacteria,Bacillota,Bacilli,Izemoplasmatales,Izemoplasmataceae,NA,NA
ASV_5019,Bacteria,Bacteroidota,Bacteroidia,Sphingobacteriales,Lentimicrobiaceae,NA,NA
ASV_5020,Bacteria,Bdellovibrionota,Bacteriovoracia,Bacteriovoracales,Bacteriovoracaceae,Bacteriovorax,NA
ASV_5021,Bacteria,Bacteroidota,Bacteroidia,Chitinophagales,Saprospiraceae,Haliscomenobacter,NA
ASV_5022,Bacteria,Myxococcota,Polyangiia,Polyangiales,Sandaracinaceae,NA,NA
ASV_5023,Bacteria,Pseudomonadota,Gammaproteobacteria,Burkholderiales,Comamonadaceae,NA,NA
ASV_5024,Bacteria,Pseudomonadota,Gammaproteobacteria,Burkholderiales,Rhodocyclaceae,C39,NA
ASV_5025,Bacteria,Patescibacteria,Gracilibacteria,Candidatus Peregrinibacteria,NA,NA,NA
ASV_5026,Bacteria,Pseudomonadota,Gammaproteobacteria,Burkholderiales,Hydrogenophilaceae,NA,NA
ASV_5027,Bacteria,Pseudomonadota,Gammaproteobacteria,Burkholderiales,Alcaligenaceae,Verticiella,NA
ASV_5028,Bacteria,Bacteroidota,Bacteroidia,Sphingobacteriales,Lentimicrobiaceae,Lentimicrobium,NA
ASV_5029,Bacteria,Thermodesulfobacteriota,Desulfobulbia,Desulfobulbales,Desulfocapsaceae,Desulfocastanea,NA
ASV_5030,Bacteria,Bacteroidota,Bacteroidia,Chitinophagales,Chitinophagaceae,NA,NA
ASV_5031,Bacteria,Chlamydiota,Chlamydiia,Chlamydiales,Parachlamydiaceae,NA,NA
ASV_5032,Bacteria,Pseudomonadota,Gammaproteobacteria,Lysobacterales,Lysobacteraceae,Arenimonas,NA
ASV_5033,Bacteria,Bacteroidota,Bacteroidia,Chitinophagales,Chitinophagaceae,Sediminibacterium,NA
ASV_5034,Bacteria,Pseudomonadota,Gammaproteobacteria,Pseudomonadales,Spongiibacteraceae,BD1-7 clade,NA
ASV_5035,Bacteria,Bacteroidota,Bacteroidia,Sphingobacteriales,Lentimicrobiaceae,Lentimicrobium,NA
ASV_5036,Bacteria,Cyanobacteriota,Vampirivibrionia,Obscuribacterales,Obscuribacteraceae,Candidatus Obscuribacter,NA
ASV_5037,Bacteria,Bacteroidota,Bacteroidia,Flavobacteriales,Crocinitomicaceae,Fluviicola,NA
ASV_5038,Bacteria,Bacteroidota,Bacteroidia,Chitinophagales,Saprospiraceae,Haliscomenobacter,NA
ASV_5039,Bacteria,Pseudomonadota,Gammaproteobacteria,Enterobacterales,Aeromonadaceae,Tolumonas,NA
ASV_5040,Bacteria,Chlamydiota,Chlamydiia,Chlamydiales,Parachlamydiaceae,Neochlamydia,NA
ASV_5041,Bacteria,Pseudomonadota,Alphaproteobacteria,Acetobacterales,Acetobacteraceae,Roseomonas,lacus
ASV_5042,Bacteria,Bacillota,Clostridia,Oscillospirales,Oscillospiraceae,NA,NA
ASV_5043,Bacteria,Thermodesulfobacteriota,Desulfobacteria,Desulfobacterales,Desulfosarcinaceae,Desulfatitalea,NA
ASV_5044,Bacteria,Pseudomonadota,Gammaproteobacteria,Pseudomonadales,Halomonadaceae,HdN1,NA
ASV_5045,Bacteria,Thermodesulfobacteriota,Desulfovibrionia,Desulfovibrionales,Desulfovibrionaceae,Solidesulfovibrio,NA
ASV_5046,Bacteria,Bdellovibrionota,Oligoflexia,0319-6G20,NA,NA,NA
ASV_5047,Bacteria,Patescibacteria,Dojkabacteria,NA,NA,NA,NA
ASV_5048,Bacteria,Actinomycetota,Acidimicrobiia,Microtrichales,Ilumatobacteraceae,CL500-29 marine group,NA
ASV_5049,Bacteria,Patescibacteria,Dojkabacteria,NA,NA,NA,NA
ASV_5050,Bacteria,Synergistota,Synergistia,Synergistales,Synergistaceae,NA,NA
ASV_5051,Bacteria,Pseudomonadota,Gammaproteobacteria,Burkholderiales,Hydrogenophilaceae,NA,NA
ASV_5052,Bacteria,Bacteroidota,Bacteroidia,Bacteroidales,Prolixibacteraceae,NA,NA
ASV_5053,Bacteria,Bacillota,Bacilli,Staphylococcales,Staphylococcaceae,Staphylococcus,NA
ASV_5054,Bacteria,Pseudomonadota,Gammaproteobacteria,Lysobacterales,Lysobacteraceae,Thermomonas,NA
ASV_5055,Bacteria,Pseudomonadota,Gammaproteobacteria,Pseudomonadales,Moraxellaceae,Perlucidibaca,NA
ASV_5056,Bacteria,Planctomycetota,Planctomycetes,Pirellulales,Pirellulaceae,Pirellula,NA
ASV_5057,Bacteria,Pseudomonadota,Gammaproteobacteria,Pseudomonadales,Pseudomonadaceae,Pseudomonas,alcaligenes
ASV_5058,Bacteria,Bdellovibrionota,Bacteriovoracia,Bacteriovoracales,Bacteriovoracaceae,Peredibacter,NA
ASV_5059,Bacteria,Bacteroidota,Bacteroidia,Flavobacteriales,Crocinitomicaceae,Fluviicola,NA
ASV_5060,Bacteria,Chlamydiota,Chlamydiia,Chlamydiales,Parachlamydiaceae,Candidatus Protochlamydia,NA
ASV_5061,Bacteria,Pseudomonadota,Gammaproteobacteria,Burkholderiales,Comamonadaceae,Ideonella,NA
ASV_5062,Bacteria,Pseudomonadota,Gammaproteobacteria,Burkholderiales,Comamonadaceae,Sphaerotilus,NA
ASV_5063,Bacteria,Pseudomonadota,Gammaproteobacteria,Pseudomonadales,Moraxellaceae,NA,NA
ASV_5064,Bacteria,Pseudomonadota,Alphaproteobacteria,Rhodospirillales,Rhodospirillaceae,Novispirillum,itersonii
ASV_5065,Bacteria,Pseudomonadota,Gammaproteobacteria,Salinisphaerales,Nevskiaceae,Solimonas,NA
ASV_5066,Bacteria,Pseudomonadota,Gammaproteobacteria,Burkholderiales,Alcaligenaceae,Saccharedens,NA
ASV_5067,Bacteria,Pseudomonadota,Gammaproteobacteria,Burkholderiales,Methylophilaceae,Methylophilus,rhizosphaerae
ASV_5068,Bacteria,Pseudomonadota,Alphaproteobacteria,Hyphomicrobiales,Xanthobacteraceae,NA,NA
ASV_5069,Bacteria,Pseudomonadota,Alphaproteobacteria,Rickettsiales,Midichloriaceae,NA,NA
ASV_5070,Bacteria,Bacteroidota,Bacteroidia,Flavobacteriales,Crocinitomicaceae,Fluviicola,NA
ASV_5071,Bacteria,Pseudomonadota,Gammaproteobacteria,Burkholderiales,Methylophilaceae,NA,NA
ASV_5072,Bacteria,Pseudomonadota,Alphaproteobacteria,Hyphomicrobiales,Rhizobiaceae,Oricola,NA
ASV_5073,Bacteria,Bacteroidota,Bacteroidia,Flavobacteriales,Crocinitomicaceae,Fluviicola,NA
ASV_5074,Bacteria,Planctomycetota,Planctomycetes,Planctomycetales,NA,NA,NA
ASV_5075,Bacteria,Bacteroidota,Bacteroidia,Chitinophagales,Chitinophagaceae,NA,NA
ASV_5076,Bacteria,Bacteroidota,Bacteroidia,Chitinophagales,Chitinophagaceae,Rurimicrobium,NA
ASV_5077,Bacteria,Pseudomonadota,Gammaproteobacteria,Methylococcales,Methylomonadaceae,Methylomonas,NA
ASV_5078,Bacteria,Pseudomonadota,Gammaproteobacteria,Lysobacterales,Rhodanobacteraceae,Aquimonas,NA
ASV_5079,Bacteria,Pseudomonadota,Gammaproteobacteria,Burkholderiales,Rhodocyclaceae,Dechloromonas,agitata
ASV_5080,Bacteria,Pseudomonadota,Gammaproteobacteria,Burkholderiales,Comamonadaceae,NA,NA
ASV_5081,Bacteria,Bacillota,Bacilli,Erysipelotrichales,Erysipelatoclostridiaceae,UCG-004,NA
ASV_5082,Bacteria,Verrucomicrobiota,Omnitrophia,Omnitrophales,Omnitrophaceae,Candidatus Omnitrophus,NA
ASV_5083,Bacteria,Patescibacteria,NA,NA,NA,NA,NA
ASV_5084,Bacteria,Actinomycetota,Actinobacteria,Frankiales,Sporichthyaceae,hgcI clade,NA
ASV_5085,Bacteria,Pseudomonadota,Gammaproteobacteria,Pseudomonadales,Pseudohongiellaceae,Pseudohongiella,NA
ASV_5086,Bacteria,Pseudomonadota,Alphaproteobacteria,Ferrovibrionales,Ferrovibrionaceae,Ferrovibrio,NA
ASV_5087,Bacteria,Chlamydiota,Chlamydiia,Chlamydiales,Parachlamydiaceae,Neochlamydia,NA
ASV_5088,Bacteria,Pseudomonadota,Alphaproteobacteria,Parvibaculales,Parvibaculaceae,Parvibaculum,NA
ASV_5089,Bacteria,Pseudomonadota,Gammaproteobacteria,Run-SP154,NA,NA,NA
ASV_5090,Bacteria,Bdellovibrionota,Oligoflexia,Oligoflexales,Oligoflexaceae,Oligoflexus,NA
ASV_5091,Bacteria,Pseudomonadota,Gammaproteobacteria,Pseudomonadales,Pseudomonadaceae,Pseudomonas,NA
ASV_5092,Bacteria,Actinomycetota,Acidimicrobiia,Microtrichales,Ilumatobacteraceae,CL500-29 marine group,NA
ASV_5093,Bacteria,Pseudomonadota,Gammaproteobacteria,Pseudomonadales,Alcanivoracaceae1,Alcanivorax,NA
ASV_5094,Bacteria,Bacillota,Bacilli,Acholeplasmatales,Acholeplasmataceae,Acholeplasma,NA
ASV_5095,Bacteria,Patescibacteria,Parcubacteria,Candidatus Kaiserbacteria,NA,NA,NA
ASV_5096,Bacteria,Verrucomicrobiota,Verrucomicrobiia,Pedosphaerales,Pedosphaeraceae,SH3-11,NA
ASV_5097,Bacteria,Pseudomonadota,Alphaproteobacteria,Rhodobacterales,Paracoccaceae,Gemmobacter,NA
ASV_5098,Bacteria,Pseudomonadota,Gammaproteobacteria,Pseudomonadales,Halomonadaceae,HdN1,NA
ASV_5099,Bacteria,Pseudomonadota,Alphaproteobacteria,Defluviicoccales,NA,NA,NA
ASV_5100,Bacteria,Planctomycetota,Planctomycetes,Gemmatales,Gemmataceae,Tuwongella,NA
ASV_5101,Bacteria,Pseudomonadota,Gammaproteobacteria,Burkholderiales,Comamonadaceae,Rubrivivax,NA
ASV_5102,Bacteria,Pseudomonadota,Gammaproteobacteria,Pseudomonadales,Moraxellaceae,NA,NA
ASV_5103,Bacteria,Pseudomonadota,Gammaproteobacteria,Pseudomonadales,Pseudomonadaceae,Pseudomonas,NA
ASV_5104,Bacteria,Pseudomonadota,Gammaproteobacteria,Burkholderiales,Burkholderiaceae,Limnobacter,NA
ASV_5105,Bacteria,Pseudomonadota,Gammaproteobacteria,Methylococcales,Methylomonadaceae,Methylomicrobium,NA
ASV_5106,Archaea,Halobacteriota,Methanosarcinia,Methanosarcinales,Methanosaetaceae,Methanothrix,NA
ASV_5107,Bacteria,Pseudomonadota,Alphaproteobacteria,Rhodobacterales,Paracoccaceae,NA,NA
ASV_5108,Bacteria,Planctomycetota,Planctomycetes,Gemmatales,Gemmataceae,Tuwongella,NA
ASV_5109,Bacteria,Pseudomonadota,Gammaproteobacteria,Enterobacterales,Aeromonadaceae,Pseudaeromonas,sharmana
ASV_5110,Bacteria,Verrucomicrobiota,Verrucomicrobiia,Methylacidiphilales,Methylacidiphilaceae,NA,NA
ASV_5111,Bacteria,Actinomycetota,Actinobacteria,Frankiales,Sporichthyaceae,hgcI clade,NA
ASV_5112,Bacteria,Actinomycetota,Acidimicrobiia,Microtrichales,Ilumatobacteraceae,CL500-29 marine group,NA
ASV_5113,Bacteria,Bacteroidota,Bacteroidia,Bacteroidales,Bacteroidetes vadinHA17,NA,NA
ASV_5114,Bacteria,Actinomycetota,Actinobacteria,PeM15,NA,NA,NA
ASV_5115,Bacteria,Pseudomonadota,Gammaproteobacteria,NA,NA,NA,NA
ASV_5116,Bacteria,Pseudomonadota,Alphaproteobacteria,Sphingomonadales,Sphingomonadaceae,Novosphingobium,NA
ASV_5117,Bacteria,Thermodesulfobacteriota,Desulfuromonadia,Geobacterales,Geobacteraceae,Trichlorobacter,NA
ASV_5118,Bacteria,Bacteroidota,Bacteroidia,Chitinophagales,Chitinophagaceae,Sediminibacterium,NA
ASV_5119,Bacteria,Patescibacteria,Gracilibacteria,Absconditabacteriales (SR1),NA,NA,NA
ASV_5120,Bacteria,Pseudomonadota,Gammaproteobacteria,Pseudomonadales,Moraxellaceae,NA,NA
ASV_5121,Bacteria,Bacillota,Clostridia,Oscillospirales,Oscillospiraceae,Saccharofermentans,NA
ASV_5122,Bacteria,Pseudomonadota,Gammaproteobacteria,Chromatiales,Chromatiaceae,Allochromatium,NA
ASV_5123,Bacteria,Gemmatimonadota,Gemmatimonadia,Gemmatimonadales,Gemmatimonadaceae,NA,NA
ASV_5124,Bacteria,Pseudomonadota,Gammaproteobacteria,Steroidobacterales,Steroidobacteraceae,NA,NA
ASV_5125,Bacteria,Pseudomonadota,Gammaproteobacteria,Legionellales,Legionellaceae,Legionella,longbeachae
ASV_5126,Bacteria,Planctomycetota,Planctomycetes,Pirellulales,Pirellulaceae,Pirellula,NA
ASV_5127,Bacteria,Thermodesulfobacteriota,Desulfuromonadia,Bradymonadales,NA,NA,NA
ASV_5128,Bacteria,Dependentiae,Babeliae,Babeliales,Vermiphilaceae,NA,NA
ASV_5129,Bacteria,Actinomycetota,Actinobacteria,Frankiales,Sporichthyaceae,hgcI clade,NA
ASV_5130,Bacteria,Pseudomonadota,Gammaproteobacteria,Lysobacterales,Lysobacteraceae,Lysobacter,NA
ASV_5131,Bacteria,Actinomycetota,Acidimicrobiia,Microtrichales,Microtrichaceae,IMCC26207,NA
ASV_5132,Bacteria,Actinomycetota,Actinobacteria,Frankiales,Sporichthyaceae,hgcI clade,NA
ASV_5133,Bacteria,Pseudomonadota,Gammaproteobacteria,Pseudomonadales,Alcanivoracaceae,Ketobacter,NA
ASV_5134,Bacteria,Bacillota,Clostridia,Christensenellales,Christensenellaceae,NA,NA
ASV_5135,Bacteria,Pseudomonadota,Alphaproteobacteria,Sphingomonadales,Sphingomonadaceae,Novosphingobium,NA
ASV_5136,Bacteria,Verrucomicrobiota,Verrucomicrobiia,Pedosphaerales,Pedosphaeraceae,SH3-11,NA
ASV_5137,Bacteria,Pseudomonadota,Gammaproteobacteria,Burkholderiales,Procabacteriaceae,Procabacter,NA
ASV_5138,Bacteria,Pseudomonadota,Gammaproteobacteria,Enterobacterales,Aeromonadaceae,Aeromonas,NA
ASV_5139,Bacteria,Pseudomonadota,Alphaproteobacteria,Rickettsiales,Rickettsiaceae,Candidatus Megaira,NA
ASV_5140,Bacteria,Actinomycetota,Actinobacteria,PeM15,NA,NA,NA
ASV_5141,Bacteria,Pseudomonadota,Gammaproteobacteria,Pseudomonadales,Porticoccaceae,C1-B045,NA
ASV_5142,Bacteria,Bacteroidota,Bacteroidia,Chitinophagales,Saprospiraceae,NA,NA
ASV_5143,Bacteria,Pseudomonadota,Gammaproteobacteria,Burkholderiales,Rhodocyclaceae,Methyloversatilis,NA
ASV_5144,Bacteria,Pseudomonadota,Gammaproteobacteria,Burkholderiales,Methylophilaceae,MM2,NA
ASV_5145,Bacteria,Bacteroidota,Bacteroidia,Sphingobacteriales,Lentimicrobiaceae,Lentimicrobium,NA
ASV_5146,Bacteria,Patescibacteria,Parcubacteria,Candidatus Moranbacteria,NA,NA,NA
ASV_5147,Bacteria,Pseudomonadota,Gammaproteobacteria,Pseudomonadales,Moraxellaceae,NA,NA
ASV_5148,Bacteria,Verrucomicrobiota,Kiritimatiellia,WCHB1-41,NA,NA,NA
ASV_5149,Bacteria,Verrucomicrobiota,Verrucomicrobiia,Opitutales,Opitutaceae,Oleiharenicola,NA
ASV_5150,Bacteria,Thermodesulfobacteriota,Desulfobacteria,Desulfobacterales,Desulfococcaceae,Desulfococcus,NA
ASV_5151,Bacteria,Pseudomonadota,Gammaproteobacteria,Burkholderiales,Burkholderiaceae,Limnobacter,NA
ASV_5152,Bacteria,Pseudomonadota,Alphaproteobacteria,Azospirillales,Azospirillales Incertae Sedis,Stella,NA
ASV_5153,Bacteria,Pseudomonadota,Alphaproteobacteria,Micavibrionales,NA,NA,NA
ASV_5154,Bacteria,Thermodesulfobacteriota,Desulfuromonadia,PB19,NA,NA,NA
ASV_5155,Bacteria,Pseudomonadota,Gammaproteobacteria,Burkholderiales,Nitrosomonadaceae,Nitrosomonas,NA
ASV_5156,Bacteria,Pseudomonadota,Gammaproteobacteria,Enterobacterales,Alteromonadaceae,Rheinheimera,NA
ASV_5157,Bacteria,Bacteroidota,Bacteroidia,Sphingobacteriales,NS11-12 marine group,NA,NA
ASV_5158,Bacteria,Verrucomicrobiota,Verrucomicrobiia,Opitutales,Opitutaceae,Opitutus,NA
ASV_5159,Bacteria,Pseudomonadota,Alphaproteobacteria,Micavibrionales,NA,NA,NA
ASV_5160,Bacteria,Actinomycetota,Actinobacteria,Propionibacteriales,Nocardioidaceae,Nocardioides,NA
ASV_5161,Bacteria,Bacteroidota,Bacteroidia,Chitinophagales,Chitinophagaceae,Nemorincola,NA
ASV_5162,Bacteria,Pseudomonadota,Gammaproteobacteria,Enterobacterales,Alteromonadaceae,Rheinheimera,NA
ASV_5163,Bacteria,Pseudomonadota,Alphaproteobacteria,Sphingomonadales,Sphingomonadaceae,Novosphingobium,NA
ASV_5164,Bacteria,Pseudomonadota,Gammaproteobacteria,Pseudomonadales,Moraxellaceae,Cavicella,NA
ASV_5165,Bacteria,Pseudomonadota,Gammaproteobacteria,Run-SP154,NA,NA,NA
ASV_5166,Bacteria,Bacteroidota,Bacteroidia,NA,NA,NA,NA
ASV_5167,Bacteria,Pseudomonadota,Alphaproteobacteria,Hyphomicrobiales,Rhizobiaceae,Brucella,NA
ASV_5168,Bacteria,Pseudomonadota,Alphaproteobacteria,Rickettsiales,Midichloriaceae,NA,NA
ASV_5169,Bacteria,Pseudomonadota,Gammaproteobacteria,Burkholderiales,Comamonadaceae,Ideonella,NA
ASV_5170,Bacteria,Pseudomonadota,Alphaproteobacteria,Rhodobacterales,Paracoccaceae,Cypionkella,NA
ASV_5171,Bacteria,Patescibacteria,Parcubacteria,Candidatus Kaiserbacteria,NA,NA,NA
ASV_5172,Bacteria,Pseudomonadota,Gammaproteobacteria,Burkholderiales,Alcaligenaceae,Saccharedens,NA
ASV_5173,Bacteria,Candidatus Kapabacteria,Kapabacteria,Kapabacteriales,NA,NA,NA
ASV_5174,Bacteria,Pseudomonadota,Gammaproteobacteria,Burkholderiales,Comamonadaceae,Ramlibacter,NA
ASV_5175,Bacteria,Pseudomonadota,Gammaproteobacteria,Burkholderiales,Rhodocyclaceae,Zoogloea,NA
ASV_5176,Bacteria,Pseudomonadota,Gammaproteobacteria,Burkholderiales,Rhodocyclaceae,Zoogloea,NA
ASV_5177,Bacteria,Pseudomonadota,Gammaproteobacteria,Pseudomonadales,Moraxellaceae,Cavicella,NA
ASV_5178,Bacteria,Bacteroidota,Bacteroidia,Chitinophagales,Saprospiraceae,NA,NA
ASV_5179,Bacteria,Pseudomonadota,Gammaproteobacteria,Burkholderiales,Rhodocyclaceae,Methyloversatilis,NA
ASV_5180,Bacteria,Pseudomonadota,Gammaproteobacteria,Chromatiales,Chromatiaceae,Thiolamprovum,NA
ASV_5181,Bacteria,Pseudomonadota,Alphaproteobacteria,Hyphomicrobiales,Rhizobiaceae,NA,NA
ASV_5182,Bacteria,Pseudomonadota,Alphaproteobacteria,Rickettsiales,Midichloriaceae,Lyticum,NA
ASV_5183,Bacteria,Pseudomonadota,Gammaproteobacteria,Burkholderiales,Rhodocyclaceae,Zoogloea,NA
ASV_5184,Bacteria,Ignavibacteriota,Ignavibacteria,Ignavibacteriales,Ignavibacteriaceae,Ignavibacterium,NA
ASV_5185,Bacteria,Pseudomonadota,Alphaproteobacteria,NA,NA,NA,NA
ASV_5186,Bacteria,Pseudomonadota,Gammaproteobacteria,Methylococcales,Methylomonadaceae,Methylomicrobium,NA
ASV_5187,Bacteria,Pseudomonadota,Gammaproteobacteria,Burkholderiales,Burkholderiaceae,Lautropia,NA
ASV_5188,Bacteria,Pseudomonadota,Alphaproteobacteria,Parvibaculales,Parvibaculaceae,Parvibaculum,NA
ASV_5189,Bacteria,Bacteroidota,Bacteroidia,Chitinophagales,Chitinophagaceae,Sediminibacterium,NA
ASV_5190,Bacteria,Bacillota,Clostridia,Oscillospirales,Ruminococcaceae,NA,NA
ASV_5191,Bacteria,Thermodesulfobacteriota,Desulfuromonadia,Bradymonadales,NA,NA,NA
ASV_5192,Bacteria,Bacillota,Bacilli,Izemoplasmatales,Izemoplasmataceae,NA,NA
ASV_5193,Bacteria,Patescibacteria,Parcubacteria,Candidatus Kaiserbacteria,NA,NA,NA
ASV_5194,Bacteria,Verrucomicrobiota,Verrucomicrobiia,Pedosphaerales,Pedosphaeraceae,DEV114,NA
ASV_5195,Bacteria,Thermodesulfobacteriota,Desulfovibrionia,Desulfovibrionales,Desulfomicrobiaceae,Desulfomicrobium,salsuginis
ASV_5196,Bacteria,Verrucomicrobiota,Omnitrophia,Omnitrophales,Omnitrophaceae,Candidatus Omnitrophus,NA
ASV_5197,Bacteria,Bacillota,Bacilli,NA,NA,NA,NA
ASV_5198,Bacteria,Bacillota,Clostridia,Christensenellales,Christensenellaceae,NA,NA
ASV_5199,Bacteria,Pseudomonadota,Gammaproteobacteria,Burkholderiales,Rhodocyclaceae,Zoogloea,resiniphila
ASV_5200,Bacteria,Pseudomonadota,Gammaproteobacteria,Chromatiales,Chromatiaceae,Allochromatium,NA
ASV_5201,Bacteria,Patescibacteria,Gracilibacteria,JGI 0000069-P22,NA,NA,NA
ASV_5202,Bacteria,Pseudomonadota,Alphaproteobacteria,Acetobacterales,Acetobacteraceae,NA,NA
ASV_5203,Bacteria,Spirochaetota,Leptospirae,Leptospirales,Leptospiraceae,Turneriella,NA
ASV_5204,Bacteria,Bdellovibrionota,Bdellovibrionia,Bdellovibrionales,Pseudobdellovibrionaceae,OM27 clade,NA
ASV_5205,Bacteria,Verrucomicrobiota,Verrucomicrobiia,Pedosphaerales,Pedosphaeraceae,SH3-11,NA
ASV_5206,Bacteria,Pseudomonadota,Alphaproteobacteria,Sphingomonadales,Sphingomonadaceae,Novosphingobium,NA
ASV_5207,Bacteria,Pseudomonadota,Alphaproteobacteria,NA,NA,NA,NA
ASV_5208,Bacteria,Pseudomonadota,Gammaproteobacteria,Burkholderiales,Comamonadaceae,Leptothrix,NA
ASV_5209,Bacteria,Armatimonadota,Fimbriimonadia,Fimbriimonadales,Fimbriimonadaceae,NA,NA
ASV_5210,Bacteria,Actinomycetota,Actinobacteria,NA,NA,NA,NA
ASV_5211,Bacteria,Actinomycetota,Actinobacteria,Frankiales,NA,NA,NA
ASV_5212,Bacteria,Pseudomonadota,Gammaproteobacteria,Pseudomonadales,NA,NA,NA
ASV_5213,Bacteria,Pseudomonadota,Gammaproteobacteria,Burkholderiales,Comamonadaceae,Ramlibacter,NA
ASV_5214,Bacteria,Bacteroidota,Bacteroidia,Bacteroidetes VC2.1 Bac22,NA,NA,NA
ASV_5215,Bacteria,Verrucomicrobiota,Lentisphaeria,Victivallales,Victivallaceae,NA,NA
ASV_5216,Bacteria,Chlamydiota,Chlamydiia,Chlamydiales,Parachlamydiaceae,NA,NA
ASV_5217,Bacteria,Pseudomonadota,Gammaproteobacteria,Chromatiales,Chromatiaceae,Allochromatium,NA
ASV_5218,Bacteria,Pseudomonadota,Alphaproteobacteria,Rickettsiales,Midichloriaceae,Candidatus Jidaibacter,NA
ASV_5219,Bacteria,Pseudomonadota,Gammaproteobacteria,Pseudomonadales,Halomonadaceae,HdN1,NA
ASV_5220,Bacteria,Thermodesulfobacteriota,Desulfovibrionia,Desulfovibrionales,Desulfomicrobiaceae,Desulfomicrobium,NA
ASV_5221,Bacteria,Pseudomonadota,Gammaproteobacteria,Burkholderiales,Alcaligenaceae,Verticiella,NA
ASV_5222,Bacteria,Pseudomonadota,Gammaproteobacteria,Salinisphaerales,Nevskiaceae,Panacagrimonas,NA
ASV_5223,Bacteria,Pseudomonadota,Gammaproteobacteria,Burkholderiales,Rhodocyclaceae,Zoogloea,NA
ASV_5224,Bacteria,Pseudomonadota,Gammaproteobacteria,Run-SP154,NA,NA,NA
ASV_5225,Bacteria,Pseudomonadota,Alphaproteobacteria,Caulobacterales,Caulobacteraceae,NA,NA
ASV_5226,Bacteria,Bacteroidota,Bacteroidia,Flavobacteriales,Flavobacteriaceae,Flavobacterium,NA
ASV_5227,Bacteria,Pseudomonadota,Gammaproteobacteria,Pseudomonadales,Alcanivoracaceae1,Alcanivorax,pacificus
ASV_5228,Bacteria,Verrucomicrobiota,Lentisphaeria,Oligosphaerales,Lenti-02,NA,NA
ASV_5229,Bacteria,Candidatus Eremiobacterota,Eremiobacteria,NA,NA,NA,NA
ASV_5230,Bacteria,Bacillota,Clostridia,Lachnospirales,Lachnospiraceae,Falcatimonas,NA
ASV_5231,Bacteria,Verrucomicrobiota,Verrucomicrobiia,Opitutales,Opitutaceae,Oleiharenicola,NA
ASV_5232,Bacteria,Pseudomonadota,Gammaproteobacteria,Burkholderiales,Oxalobacteraceae,Lacisediminimonas,NA
ASV_5233,Bacteria,Thermodesulfobacteriota,Desulfobacteria,Desulfobacterales,Desulfobacteraceae,NA,NA
ASV_5234,Bacteria,Pseudomonadota,Gammaproteobacteria,Lysobacterales,Lysobacteraceae,Silanimonas,NA
ASV_5235,Bacteria,Pseudomonadota,Gammaproteobacteria,Burkholderiales,Methylophilaceae,MM2,NA
ASV_5236,Bacteria,Pseudomonadota,Gammaproteobacteria,Burkholderiales,Hydrogenophilaceae,NA,NA
ASV_5237,Bacteria,Pseudomonadota,Gammaproteobacteria,NA,NA,NA,NA
ASV_5238,Bacteria,Patescibacteria,ABY1,Candidatus Uhrbacteria,NA,NA,NA
ASV_5239,Bacteria,Verrucomicrobiota,Verrucomicrobiia,Opitutales,Opitutaceae,Oleiharenicola,NA
ASV_5240,Bacteria,Bacteroidota,Bacteroidia,Chitinophagales,Saprospiraceae,Haliscomenobacter,NA
ASV_5241,Bacteria,Pseudomonadota,Gammaproteobacteria,Burkholderiales,Comamonadaceae,Ideonella,NA
ASV_5242,Bacteria,Pseudomonadota,Gammaproteobacteria,Pseudomonadales,Moraxellaceae,Perlucidibaca,NA
ASV_5243,Bacteria,Pseudomonadota,Gammaproteobacteria,Legionellales,Legionellaceae,Legionella,NA
ASV_5244,Bacteria,Bacteroidota,Bacteroidia,Bacteroidales,Prolixibacteraceae,NA,NA
ASV_5245,Bacteria,Pseudomonadota,Gammaproteobacteria,Burkholderiales,MWH-UniP1 aquatic group,NA,NA
ASV_5246,Bacteria,Pseudomonadota,Gammaproteobacteria,Chromatiales,Chromatiaceae,Thiophaeococcus,NA
ASV_5247,Bacteria,Chlamydiota,Chlamydiia,Chlamydiales,Simkaniaceae,Ga0074140,NA
ASV_5248,Bacteria,Pseudomonadota,Gammaproteobacteria,Burkholderiales,Rhodocyclaceae,Dechlorobacter,NA
ASV_5249,Bacteria,Actinomycetota,Actinobacteria,Mycobacteriales,Mycobacteriaceae,Mycobacterium,NA
ASV_5250,Bacteria,Bacteroidota,Bacteroidia,Sphingobacteriales,LiUU-11-161,NA,NA
ASV_5251,Bacteria,Pseudomonadota,Gammaproteobacteria,Chromatiales,Chromatiaceae,Allochromatium,NA
ASV_5252,Bacteria,Verrucomicrobiota,Verrucomicrobiia,Pedosphaerales,Pedosphaeraceae,Oikopleura,NA
ASV_5253,Bacteria,Verrucomicrobiota,Verrucomicrobiia,Opitutales,Opitutaceae,Oleiharenicola,NA
ASV_5254,Bacteria,Pseudomonadota,Alphaproteobacteria,Paracaedibacterales,Paracaedibacteraceae,Candidatus Finniella,NA
ASV_5255,Bacteria,Pseudomonadota,NA,NA,NA,NA,NA
ASV_5256,Bacteria,Bacteroidota,Bacteroidia,Chitinophagales,Chitinophagaceae,Flavihumibacter,NA
ASV_5257,Bacteria,Pseudomonadota,Alphaproteobacteria,Parvibaculales,Parvibaculaceae,Parvibaculum,NA
ASV_5258,Bacteria,Pseudomonadota,Alphaproteobacteria,Acetobacterales,Acetobacteraceae,Roseomonas,NA
ASV_5259,Bacteria,Pseudomonadota,Alphaproteobacteria,Defluviicoccales,NA,NA,NA
ASV_5260,Bacteria,Pseudomonadota,Gammaproteobacteria,Burkholderiales,Burkholderiaceae,Lautropia,NA
ASV_5261,Bacteria,Pseudomonadota,Alphaproteobacteria,Hyphomicrobiales,Rhizobiaceae,NA,NA
ASV_5262,Bacteria,Pseudomonadota,Gammaproteobacteria,NA,NA,NA,NA
ASV_5263,Bacteria,Pseudomonadota,Gammaproteobacteria,Chromatiales,Chromatiaceae,Allochromatium,NA
ASV_5264,Bacteria,Planctomycetota,Planctomycetes,Planctomycetales,Schlesneriaceae,Schlesneria,NA
ASV_5265,Bacteria,Pseudomonadota,Alphaproteobacteria,Caulobacterales,Caulobacteraceae,Phenylobacterium,NA
ASV_5266,Bacteria,Pseudomonadota,Gammaproteobacteria,Pseudomonadales,Moraxellaceae,Acinetobacter,NA
ASV_5267,Bacteria,Pseudomonadota,Gammaproteobacteria,Enterobacterales,Enterobacteriaceae,Enterobacter,cloacae
ASV_5268,Bacteria,Bacteroidota,Bacteroidia,Bacteroidales,Prolixibacteraceae,NA,NA
ASV_5269,Bacteria,Pseudomonadota,Gammaproteobacteria,Lysobacterales,Lysobacteraceae,Thermomonas,NA
ASV_5270,Bacteria,Bacteroidota,Bacteroidia,Bacteroidales,Rikenellaceae,DMER64,NA
ASV_5271,Bacteria,Verrucomicrobiota,Kiritimatiellia,WCHB1-41,NA,NA,NA
ASV_5272,Bacteria,Bacillota,Bacilli,Acholeplasmatales,Acholeplasmataceae,Acholeplasma,NA
ASV_5273,Bacteria,Bacillota,Clostridia,Oscillospirales,Oscillospiraceae,NA,NA
ASV_5274,Bacteria,Pseudomonadota,Gammaproteobacteria,Burkholderiales,Alcaligenaceae,Parapusillimonas,NA
ASV_5275,Bacteria,Bacteroidota,Bacteroidia,Bacteroidales,M2PB4-65 termite group,NA,NA
ASV_5276,Bacteria,Actinomycetota,Acidimicrobiia,Microtrichales,Ilumatobacteraceae,CL500-29 marine group,NA
ASV_5277,Bacteria,Pseudomonadota,Gammaproteobacteria,Chromatiales,Chromatiaceae,Allochromatium,NA
ASV_5278,Bacteria,Pseudomonadota,Gammaproteobacteria,Salinisphaerales,Nevskiaceae,Fontimonas,NA
ASV_5279,Bacteria,Actinomycetota,Acidimicrobiia,Microtrichales,NA,NA,NA
ASV_5280,Bacteria,Verrucomicrobiota,Verrucomicrobiia,Opitutales,Opitutaceae,Oleiharenicola,NA
ASV_5281,Bacteria,Planctomycetota,Planctomycetes,Planctomycetales,NA,NA,NA
ASV_5282,Bacteria,Pseudomonadota,Alphaproteobacteria,Micavibrionales,Micavibrionaceae,NA,NA
ASV_5283,Bacteria,Pseudomonadota,Alphaproteobacteria,Acetobacterales,Acetobacteraceae,Roseomonas,NA
ASV_5284,Bacteria,Pseudomonadota,Gammaproteobacteria,Lysobacterales,Lysobacteraceae,NA,NA
ASV_5285,Bacteria,Pseudomonadota,Gammaproteobacteria,Salinisphaerales,Nevskiaceae,NA,NA
ASV_5286,Bacteria,Pseudomonadota,Gammaproteobacteria,Lysobacterales,Lysobacteraceae,NA,NA
ASV_5287,Bacteria,Pseudomonadota,Alphaproteobacteria,Micavibrionales,NA,NA,NA
ASV_5288,Bacteria,Myxococcota,Polyangiia,Nannocystales,Nannocystaceae,NA,NA
ASV_5289,Bacteria,Hydrogenedentes,Hydrogenedentia,Hydrogenedentiales,Hydrogenedensaceae,NA,NA
ASV_5290,Bacteria,Myxococcota,Polyangiia,Nannocystales,Nannocystaceae,NA,NA
ASV_5291,Bacteria,Pseudomonadota,Alphaproteobacteria,Acetobacterales,Acetobacteraceae,NA,NA
ASV_5292,Bacteria,Bacteroidota,Bacteroidia,Flavobacteriales,NS9 marine group,NA,NA
ASV_5293,Bacteria,Bacteroidota,Bacteroidia,Cytophagales,Cyclobacteriaceae,Algoriphagus,NA
ASV_5294,Bacteria,Pseudomonadota,Gammaproteobacteria,Burkholderiales,Methylophilaceae,NA,NA
ASV_5295,Bacteria,Patescibacteria,Parcubacteria,Candidatus Kaiserbacteria,NA,NA,NA
ASV_5296,Bacteria,Hydrogenedentes,Hydrogenedentia,Hydrogenedentiales,Hydrogenedensaceae,NA,NA
ASV_5297,Bacteria,Pseudomonadota,Gammaproteobacteria,Pseudomonadales,Moraxellaceae,Perlucidibaca,NA
ASV_5298,Bacteria,Actinomycetota,Actinobacteria,Propionibacteriales,Nocardioidaceae,Aeromicrobium,NA
ASV_5299,Bacteria,Actinomycetota,Actinobacteria,Micrococcales,Microbacteriaceae,Leucobacter,NA
ASV_5300,Bacteria,Pseudomonadota,Gammaproteobacteria,Chromatiales,Chromatiaceae,Allochromatium,NA
ASV_5301,Bacteria,Pseudomonadota,Gammaproteobacteria,Burkholderiales,Rhodocyclaceae,Parazoarcus,NA
ASV_5302,Bacteria,Bacteroidota,Bacteroidia,Flavobacteriales,Cryomorphaceae,Vicingus,NA
ASV_5303,Bacteria,Pseudomonadota,Alphaproteobacteria,Acetobacterales,Acetobacteraceae,Rhodovastum,NA
ASV_5304,Bacteria,Pseudomonadota,Gammaproteobacteria,Legionellales,Legionellaceae,Legionella,NA
ASV_5305,Bacteria,Pseudomonadota,Gammaproteobacteria,Salinisphaerales,Nevskiaceae,NA,NA
ASV_5306,Bacteria,Pseudomonadota,Gammaproteobacteria,Burkholderiales,Alcaligenaceae,Saccharedens,NA
ASV_5307,Bacteria,Chlamydiota,Chlamydiia,Chlamydiales,Parachlamydiaceae,Candidatus Metachlamydia,NA
ASV_5308,Bacteria,Bacteroidota,Bacteroidia,Bacteroidales,Paludibacteraceae,Paludibacter,NA
ASV_5309,Bacteria,Pseudomonadota,Gammaproteobacteria,Enterobacterales,Aeromonadaceae,Pseudaeromonas,NA
ASV_5310,Bacteria,Pseudomonadota,Gammaproteobacteria,Legionellales,Legionellaceae,Legionella,NA
ASV_5311,Bacteria,Chlamydiota,Chlamydiia,Chlamydiales,Parachlamydiaceae,Neochlamydia,NA
ASV_5312,Bacteria,Hydrogenedentes,Hydrogenedentia,Hydrogenedentiales,Hydrogenedensaceae,NA,NA
ASV_5313,Bacteria,Bacteroidota,Bacteroidia,Flavobacteriales,Flavobacteriaceae,Flavobacterium,NA
ASV_5314,Bacteria,Pseudomonadota,Alphaproteobacteria,Elsterales,Elsteraceae,Lacibacterium,NA
ASV_5315,Bacteria,Pseudomonadota,Alphaproteobacteria,Defluviicoccales,NA,NA,NA
ASV_5316,Bacteria,Pseudomonadota,NA,NA,NA,NA,NA
ASV_5317,Bacteria,Pseudomonadota,Gammaproteobacteria,R7C24,NA,NA,NA
ASV_5318,Bacteria,Pseudomonadota,Gammaproteobacteria,Lysobacterales,Lysobacteraceae,Pseudoxanthomonas,mexicana
ASV_5319,Bacteria,Thermodesulfobacteriota,Desulfobulbia,Desulfobulbales,Desulfobulbaceae,Desulfobulbus,NA
ASV_5320,Bacteria,Patescibacteria,Dojkabacteria,NA,NA,NA,NA
ASV_5321,Bacteria,Patescibacteria,Dojkabacteria,NA,NA,NA,NA
ASV_5322,Bacteria,Verrucomicrobiota,Verrucomicrobiia,Opitutales,Puniceicoccaceae,NA,NA
ASV_5323,Bacteria,Dependentiae,Babeliae,Babeliales,NA,NA,NA
ASV_5324,Bacteria,Bacillota,Desulfitobacteriia,Desulfitobacteriales,NA,NA,NA
ASV_5325,Bacteria,Hydrogenedentes,Hydrogenedentia,Hydrogenedentiales,Hydrogenedensaceae,NA,NA
ASV_5326,Bacteria,Pseudomonadota,Gammaproteobacteria,Lysobacterales,Lysobacteraceae,Arenimonas,NA
ASV_5327,Bacteria,Actinomycetota,Actinobacteria,Frankiales,NA,NA,NA
ASV_5328,Bacteria,Pseudomonadota,Gammaproteobacteria,Enterobacterales,Alteromonadaceae,Rheinheimera,NA
ASV_5329,Bacteria,Pseudomonadota,Gammaproteobacteria,Enterobacterales,Aeromonadaceae,Aeromonas,NA
ASV_5330,Bacteria,Bacteroidota,Bacteroidia,Flavobacteriales,Flavobacteriaceae,Flavobacterium,cheonhonense
ASV_5331,Bacteria,Verrucomicrobiota,Verrucomicrobiia,Opitutales,Opitutaceae,Opitutus,NA
ASV_5332,Bacteria,Pseudomonadota,Alphaproteobacteria,Paracaedibacterales,Paracaedibacteraceae,NA,NA
ASV_5333,Bacteria,Pseudomonadota,Gammaproteobacteria,Burkholderiales,TRA3-20,NA,NA
ASV_5334,Bacteria,Bacteroidota,Bacteroidia,Sphingobacteriales,env.OPS 17,NA,NA
ASV_5335,Bacteria,Actinomycetota,Actinobacteria,Micrococcales,Microbacteriaceae,Aurantimicrobium,NA
ASV_5336,Bacteria,Pseudomonadota,Gammaproteobacteria,Burkholderiales,Comamonadaceae,NA,NA
ASV_5337,Bacteria,Bacteroidota,Bacteroidia,Chitinophagales,Saprospiraceae,NA,NA
ASV_5338,Bacteria,Dependentiae,Babeliae,Babeliales,NA,NA,NA
ASV_5339,Bacteria,Pseudomonadota,Alphaproteobacteria,Hyphomicrobiales,Devosiaceae,Devosia,NA
ASV_5340,Bacteria,Pseudomonadota,Gammaproteobacteria,Burkholderiales,Comamonadaceae,Inhella,NA
ASV_5341,Bacteria,Bacteroidota,Bacteroidia,Bacteroidales,Rikenellaceae,Anaerocella,delicata
ASV_5342,Bacteria,Bacillota,Bacilli,Erysipelotrichales,Erysipelatoclostridiaceae,UCG-004,NA
ASV_5343,Bacteria,Cyanobacteriota,Cyanobacteriia,Cyanobacteriales,Phormidiaceae,Planktothrix NIVA-CYA 15,NA
ASV_5344,Bacteria,Bacteroidota,Bacteroidia,Bacteroidales,Porphyromonadaceae,Porphyromonas,NA
ASV_5345,Bacteria,Pseudomonadota,Gammaproteobacteria,Chromatiales,Chromatiaceae,Allochromatium,NA
ASV_5346,Bacteria,Pseudomonadota,Alphaproteobacteria,Rickettsiales,Mitochondria,NA,NA
ASV_5347,Bacteria,Pseudomonadota,Alphaproteobacteria,Parvibaculales,Parvibaculaceae,Parvibaculum,NA
ASV_5348,Bacteria,Pseudomonadota,Gammaproteobacteria,Enterobacterales,Alteromonadaceae,Rheinheimera,NA
ASV_5349,Bacteria,Pseudomonadota,Alphaproteobacteria,Caulobacterales,Caulobacteraceae,Phenylobacterium,NA
ASV_5350,Bacteria,Pseudomonadota,Alphaproteobacteria,Hyphomicrobiales,Devosiaceae,NA,NA
ASV_5351,Bacteria,Pseudomonadota,Alphaproteobacteria,Sphingomonadales,Sphingomonadaceae,Novosphingobium,NA
ASV_5352,Bacteria,Bacteroidota,Bacteroidia,Flavobacteriales,Flavobacteriaceae,Flavobacterium,NA
ASV_5353,Bacteria,Fibrobacterota,Fibrobacteria,Fibrobacterales,Fibrobacteraceae,NA,NA
ASV_5354,Bacteria,Pseudomonadota,Gammaproteobacteria,Methylococcales,Methylomonadaceae,Methylomonas,NA
ASV_5355,Bacteria,Verrucomicrobiota,Verrucomicrobiia,Opitutales,Opitutaceae,Oleiharenicola,NA
ASV_5356,Bacteria,Pseudomonadota,Gammaproteobacteria,Legionellales,Legionellaceae,Legionella,longbeachae
ASV_5357,Bacteria,Pseudomonadota,Alphaproteobacteria,Hyphomicrobiales,Rhizobiaceae,Oricola,NA
ASV_5358,Bacteria,Pseudomonadota,Alphaproteobacteria,Sphingomonadales,Sphingomonadaceae,NA,NA
ASV_5359,Bacteria,Chlamydiota,Chlamydiia,Chlamydiales,Parachlamydiaceae,NA,NA
ASV_5360,Bacteria,Pseudomonadota,Gammaproteobacteria,Chromatiales,Chromatiaceae,Allochromatium,NA
ASV_5361,Bacteria,Pseudomonadota,Alphaproteobacteria,NA,NA,NA,NA
ASV_5362,Bacteria,Pseudomonadota,Gammaproteobacteria,Burkholderiales,MWH-UniP1 aquatic group,NA,NA
ASV_5363,Bacteria,Verrucomicrobiota,Verrucomicrobiia,Methylacidiphilales,Methylacidiphilaceae,NA,NA
ASV_5364,Bacteria,Bacteroidota,Bacteroidia,Sphingobacteriales,Lentimicrobiaceae,Lentimicrobium,NA
ASV_5365,Bacteria,Verrucomicrobiota,Verrucomicrobiia,Pedosphaerales,Pedosphaeraceae,SH3-11,NA
ASV_5366,Archaea,Halobacteriota,Methanosarcinia,Methanosarcinales,Methanosaetaceae,Methanothrix,NA
ASV_5367,Bacteria,Pseudomonadota,Gammaproteobacteria,Run-SP154,NA,NA,NA
ASV_5368,Bacteria,Verrucomicrobiota,Kiritimatiellia,WCHB1-41,NA,NA,NA
ASV_5369,Bacteria,Pseudomonadota,Gammaproteobacteria,Burkholderiales,Neisseriaceae,NA,NA
ASV_5370,Bacteria,Bdellovibrionota,Oligoflexia,053A03-B-DI-P58,NA,NA,NA
ASV_5371,Bacteria,Actinomycetota,Actinobacteria,Micrococcales,Microbacteriaceae,Microbacterium,schleiferi
ASV_5372,Bacteria,Bacillota,Clostridia,Oscillospirales,Ruminococcaceae,Candidatus Soleaferrea,NA
ASV_5373,Bacteria,Pseudomonadota,Alphaproteobacteria,Rhodobacterales,Paracoccaceae,NA,NA
ASV_5374,Bacteria,Cloacimonadota,Cloacimonadia,Cloacimonadales,Cloacimonadaceae,LNR A2-18,NA
ASV_5375,Bacteria,Actinomycetota,Acidimicrobiia,Microtrichales,Ilumatobacteraceae,CL500-29 marine group,NA
ASV_5376,Bacteria,Patescibacteria,Dojkabacteria,NA,NA,NA,NA
ASV_5377,Bacteria,Pseudomonadota,Alphaproteobacteria,Sphingomonadales,Sphingomonadaceae,Sphingobium,NA
ASV_5378,Bacteria,Myxococcota,Polyangiia,Polyangiales,Sandaracinaceae,NA,NA
ASV_5379,Bacteria,Bacteroidota,Bacteroidia,Chitinophagales,NA,NA,NA
ASV_5380,Bacteria,Pseudomonadota,Gammaproteobacteria,Burkholderiales,Comamonadaceae,Ramlibacter,NA
ASV_5381,Bacteria,Bacteroidota,Bacteroidia,Chitinophagales,Chitinophagaceae,Lacibacter,NA
ASV_5382,Bacteria,Pseudomonadota,Gammaproteobacteria,Burkholderiales,Rhodocyclaceae,Parazoarcus,NA
ASV_5383,Bacteria,Patescibacteria,Parcubacteria,NA,NA,NA,NA
ASV_5384,Bacteria,Bacteroidota,Bacteroidia,Cytophagales,Spirosomataceae,Flectobacillus,roseus
ASV_5385,Bacteria,Pseudomonadota,Gammaproteobacteria,Pseudomonadales,Moraxellaceae,Permianibacter,NA
ASV_5386,Bacteria,Bacteroidota,Bacteroidia,Bacteroidales,NA,NA,NA
ASV_5387,Bacteria,Synergistota,Synergistia,Synergistales,Synergistaceae,Lactivibrio,NA
ASV_5388,Bacteria,Campylobacterota,Campylobacteria,Campylobacterales,NA,NA,NA
ASV_5389,Bacteria,Bacillota,Bacilli,Bacillales,Bacillaceae,NA,NA
ASV_5390,Bacteria,Pseudomonadota,Gammaproteobacteria,Salinisphaerales,Nevskiaceae,Hydrocarboniphaga,NA
ASV_5391,Bacteria,Bacteroidota,Bacteroidia,Flavobacteriales,Flavobacteriaceae,Flavobacterium,NA
ASV_5392,Bacteria,Pseudomonadota,Gammaproteobacteria,Pseudomonadales,Porticoccaceae,C1-B045,NA
ASV_5393,Bacteria,Verrucomicrobiota,Verrucomicrobiia,Pedosphaerales,Pedosphaeraceae,DEV114,NA
ASV_5394,Bacteria,Cyanobacteriota,Vampirivibrionia,Obscuribacterales,Obscuribacteraceae,Candidatus Obscuribacter,NA
ASV_5395,Bacteria,Pseudomonadota,Gammaproteobacteria,Enterobacterales,Alteromonadaceae,Rheinheimera,NA
ASV_5396,Bacteria,Bacteroidota,Bacteroidia,Chitinophagales,Chitinophagaceae,Rurimicrobium,NA
ASV_5397,Bacteria,Pseudomonadota,Gammaproteobacteria,Burkholderiales,Rhodocyclaceae,NA,NA
ASV_5398,Bacteria,Verrucomicrobiota,Verrucomicrobiia,Pedosphaerales,Pedosphaeraceae,DEV114,NA
ASV_5399,Bacteria,Bacteroidota,Bacteroidia,Flavobacteriales,Flavobacteriaceae,Flavobacterium,indicum
ASV_5400,Bacteria,Pseudomonadota,Gammaproteobacteria,Pseudomonadales,Halomonadaceae,HdN1,NA
ASV_5401,Bacteria,Verrucomicrobiota,Omnitrophia,Omnitrophales,Omnitrophaceae,Candidatus Omnitrophus,NA
ASV_5402,Bacteria,Actinomycetota,Actinobacteria,Frankiales,Sporichthyaceae,hgcI clade,NA
ASV_5403,Bacteria,Bacillota,Clostridia,Oscillospirales,Oscillospiraceae,Saccharofermentans,NA
ASV_5404,Bacteria,Bdellovibrionota,Bacteriovoracia,Bacteriovoracales,Bacteriovoracaceae,Bacteriovorax,NA
ASV_5405,Bacteria,Pseudomonadota,Gammaproteobacteria,Halothiobacillales,Halothiobacillaceae,Thiovirga,NA
ASV_5406,Bacteria,Bacillota,Clostridia,Christensenellales,Christensenellaceae,NA,NA
ASV_5407,Bacteria,Bacillota,Bacilli,Erysipelotrichales,Erysipelatoclostridiaceae,UCG-004,NA
ASV_5408,Bacteria,Bacillota,Clostridia,Clostridia vadinBB60 group,NA,NA,NA
ASV_5409,Bacteria,Verrucomicrobiota,Kiritimatiellia,WCHB1-41,NA,NA,NA
ASV_5410,Bacteria,Pseudomonadota,Gammaproteobacteria,Burkholderiales,Alcaligenaceae,Candidimonas,NA
ASV_5411,Bacteria,Bacteroidota,Bacteroidia,Flavobacteriales,NS9 marine group,NA,NA
ASV_5412,Bacteria,Actinomycetota,Actinobacteria,Frankiales,Sporichthyaceae,hgcI clade,NA
ASV_5413,Bacteria,Verrucomicrobiota,Kiritimatiellia,WCHB1-41,NA,NA,NA
ASV_5414,Bacteria,Pseudomonadota,Alphaproteobacteria,Sphingomonadales,Sphingomonadaceae,Sphingopyxis,terrae
ASV_5415,Bacteria,Bacillota,Bacilli,Erysipelotrichales,NA,NA,NA
ASV_5416,Bacteria,Bacteroidota,Bacteroidia,Chitinophagales,Chitinophagaceae,Lacibacter,NA
ASV_5417,Bacteria,Verrucomicrobiota,Verrucomicrobiia,NA,NA,NA,NA
ASV_5418,Bacteria,Bacteroidota,Bacteroidia,Chitinophagales,Chitinophagaceae,Nemorincola,NA
ASV_5419,Bacteria,Pseudomonadota,Gammaproteobacteria,Burkholderiales,Comamonadaceae,NA,NA
ASV_5420,Bacteria,Bacteroidota,Bacteroidia,Sphingobacteriales,NS11-12 marine group,NA,NA
ASV_5421,Bacteria,Bdellovibrionota,Bdellovibrionia,Bdellovibrionales,Pseudobdellovibrionaceae,OM27 clade,NA
ASV_5422,Bacteria,Pseudomonadota,Gammaproteobacteria,Lysobacterales,Lysobacteraceae,Lysobacter,sediminicola
ASV_5423,Bacteria,Bdellovibrionota,Oligoflexia,Oligoflexales,Oligoflexaceae,NA,NA
ASV_5424,Bacteria,Pseudomonadota,Alphaproteobacteria,Hyphomicrobiales,Hyphomicrobiaceae,Hyphomicrobium,NA
ASV_5425,Bacteria,Pseudomonadota,Gammaproteobacteria,Steroidobacterales,Steroidobacteraceae,NA,NA
ASV_5426,Bacteria,Bacteroidota,Bacteroidia,Bacteroidales,Bacteroidaceae,Bacteroides,NA
ASV_5427,Bacteria,Bdellovibrionota,Bacteriovoracia,Bacteriovoracales,Bacteriovoracaceae,Peredibacter,NA
ASV_5428,Bacteria,Bacteroidota,Bacteroidia,Bacteroidales,Prevotellaceae,Segatella,NA
ASV_5429,Bacteria,Pseudomonadota,Gammaproteobacteria,Methylococcales,Methylomonadaceae,Methylomonas,NA
ASV_5430,Bacteria,Bacteroidota,Bacteroidia,Bacteroidales,Paludibacteraceae,Paludibacter,NA
ASV_5431,Bacteria,Pseudomonadota,Alphaproteobacteria,Micavibrionales,NA,NA,NA
ASV_5432,Bacteria,Bacteroidota,Bacteroidia,Bacteroidales,M2PB4-65 termite group,NA,NA
ASV_5433,Bacteria,Pseudomonadota,Gammaproteobacteria,Burkholderiales,Rhodocyclaceae,C39,NA
ASV_5434,Bacteria,Bacteroidota,Bacteroidia,Chitinophagales,NA,NA,NA
ASV_5435,Bacteria,Pseudomonadota,Alphaproteobacteria,Hyphomicrobiales,Pleomorphomonadaceae,Prosthecomicrobium,hirschii
ASV_5436,Bacteria,Pseudomonadota,Alphaproteobacteria,Acetobacterales,Acetobacteraceae,Roseomonas,lacus
ASV_5437,Bacteria,Pseudomonadota,Gammaproteobacteria,Pseudomonadales,Moraxellaceae,Acinetobacter,NA
ASV_5438,Bacteria,Chloroflexota,Anaerolineae,Anaerolineales,Anaerolineaceae,NA,NA
ASV_5439,Bacteria,Bacteroidota,Bacteroidia,Flavobacteriales,Flavobacteriaceae,Flavobacterium,NA
ASV_5440,Bacteria,Pseudomonadota,Alphaproteobacteria,Acetobacterales,Acetobacteraceae,Roseomonas,NA
ASV_5441,Bacteria,Bacteroidota,Bacteroidia,Chitinophagales,Saprospiraceae,NA,NA
ASV_5442,Bacteria,Planctomycetota,Planctomycetes,Planctomycetales,NA,NA,NA
ASV_5443,Bacteria,Bacteroidota,Bacteroidia,Chitinophagales,Saprospiraceae,NA,NA
ASV_5444,Bacteria,Bacteroidota,Bacteroidia,Bacteroidales,Paludibacteraceae,Paludibacter,NA
ASV_5445,Bacteria,Cyanobacteriota,Vampirivibrionia,Obscuribacterales,Obscuribacteraceae,Candidatus Obscuribacter,NA
ASV_5446,Bacteria,Pseudomonadota,Gammaproteobacteria,Legionellales,Legionellaceae,Legionella,NA
ASV_5447,Bacteria,Pseudomonadota,Alphaproteobacteria,Caulobacterales,Caulobacteraceae,Caulobacter,NA
ASV_5448,Bacteria,Bacteroidota,Bacteroidia,Flavobacteriales,Crocinitomicaceae,Fluviicola,NA
ASV_5449,Bacteria,Pseudomonadota,Gammaproteobacteria,Burkholderiales,Burkholderiaceae,Limnobacter,NA
ASV_5450,Bacteria,Verrucomicrobiota,Kiritimatiellia,WCHB1-41,NA,NA,NA
ASV_5451,Bacteria,Bacillota,Clostridia,Oscillospirales,Oscillospiraceae,Ercella,NA
ASV_5452,Bacteria,Pseudomonadota,Gammaproteobacteria,Burkholderiales,Oxalobacteraceae,CM1G08,NA
ASV_5453,Bacteria,Pseudomonadota,Alphaproteobacteria,Micavibrionales,NA,NA,NA
ASV_5454,Bacteria,Cloacimonadota,Cloacimonadia,Cloacimonadales,Cloacimonadaceae,LNR A2-18,NA
ASV_5455,Bacteria,Bacillota,NA,NA,NA,NA,NA
ASV_5456,Bacteria,Synergistota,Synergistia,Synergistales,Synergistaceae,NA,NA
ASV_5457,Bacteria,Bacillota,Bacilli,Erysipelotrichales,Erysipelotrichaceae,Erysipelothrix,NA
ASV_5458,Bacteria,Actinomycetota,Actinobacteria,Frankiales,Sporichthyaceae,NA,NA
ASV_5459,Bacteria,Bacillota,Bacilli,Erysipelotrichales,Erysipelatoclostridiaceae,UCG-004,NA
ASV_5460,Bacteria,Bacteroidota,Bacteroidia,Sphingobacteriales,env.OPS 17,NA,NA
ASV_5461,Bacteria,Planctomycetota,Planctomycetes,Pirellulales,Pirellulaceae,NA,NA
ASV_5462,Bacteria,Pseudomonadota,Gammaproteobacteria,Burkholderiales,Rhodocyclaceae,Thauera,phenylacetica
ASV_5463,Bacteria,Actinomycetota,Actinobacteria,Frankiales,Sporichthyaceae,NA,NA
ASV_5464,Bacteria,Patescibacteria,Saccharimonadia,Saccharimonadales,NA,NA,NA
ASV_5465,Bacteria,Bacteroidota,Bacteroidia,Chitinophagales,Chitinophagaceae,Dinghuibacter,NA
ASV_5466,Bacteria,Bdellovibrionota,Bdellovibrionia,Bdellovibrionales,Pseudobdellovibrionaceae,OM27 clade,NA
ASV_5467,Bacteria,Pseudomonadota,Gammaproteobacteria,Legionellales,Legionellaceae,Legionella,NA
ASV_5468,Bacteria,Thermodesulfobacteriota,Desulfuromonadia,Bradymonadales,NA,NA,NA
ASV_5469,Bacteria,Bacteroidota,Bacteroidia,Cytophagales,Cyclobacteriaceae,Algoriphagus,NA
ASV_5470,Bacteria,Pseudomonadota,Gammaproteobacteria,Burkholderiales,Hydrogenophilaceae,NA,NA
ASV_5471,Bacteria,Bacteroidota,Bacteroidia,Bacteroidales,Paludibacteraceae,Paludibacter,NA
ASV_5472,Bacteria,Pseudomonadota,Alphaproteobacteria,Acetobacterales,Acetobacteraceae,Roseomonas,NA
ASV_5473,Bacteria,Bacteroidota,Bacteroidia,Sphingobacteriales,NS11-12 marine group,NA,NA
ASV_5474,Bacteria,Actinomycetota,Acidimicrobiia,Microtrichales,Ilumatobacteraceae,CL500-29 marine group,NA
ASV_5475,Bacteria,Pseudomonadota,Alphaproteobacteria,Rhodospirillales,Rhodospirillaceae,Novispirillum,itersonii
ASV_5476,Bacteria,Pseudomonadota,Gammaproteobacteria,Burkholderiales,Burkholderiaceae,Lautropia,NA
ASV_5477,Bacteria,Cyanobacteriota,Cyanobacteriia,Chloroplast,NA,NA,NA
ASV_5478,Bacteria,Pseudomonadota,Gammaproteobacteria,Pseudomonadales,Moraxellaceae,NA,NA
ASV_5479,Bacteria,Bacteroidota,Bacteroidia,Bacteroidetes VC2.1 Bac22,NA,NA,NA
ASV_5480,Bacteria,Pseudomonadota,Gammaproteobacteria,Pseudomonadales,Spongiibacteraceae,BD1-7 clade,NA
ASV_5481,Bacteria,Bacteroidota,Bacteroidia,Chitinophagales,Saprospiraceae,Phaeodactylibacter,NA
ASV_5482,Bacteria,Pseudomonadota,Alphaproteobacteria,Caulobacterales,Hyphomonadaceae,Hyphomonas,NA
ASV_5483,Bacteria,Pseudomonadota,Gammaproteobacteria,Salinisphaerales,Nevskiaceae,Hydrocarboniphaga,NA
ASV_5484,Bacteria,Pseudomonadota,Gammaproteobacteria,Pseudomonadales,Moraxellaceae,Acinetobacter,NA
ASV_5485,Bacteria,Patescibacteria,Parcubacteria,Candidatus Kaiserbacteria,NA,NA,NA
ASV_5486,Bacteria,Bacteroidota,Bacteroidia,Sphingobacteriales,Lentimicrobiaceae,Lentimicrobium,NA
ASV_5487,Bacteria,Bacteroidota,Bacteroidia,Bacteroidetes VC2.1 Bac22,NA,NA,NA
ASV_5488,Bacteria,Bacteroidota,Bacteroidia,Chitinophagales,Saprospiraceae,NA,NA
ASV_5489,Bacteria,Pseudomonadota,Gammaproteobacteria,Pseudomonadales,Moraxellaceae,Alkanindiges,NA
ASV_5490,Bacteria,Planctomycetota,Planctomycetes,Planctomycetales,Schlesneriaceae,Schlesneria,NA
ASV_5491,Bacteria,Bacteroidota,Bacteroidia,Sphingobacteriales,Sphingobacteriaceae,Solitalea,NA
ASV_5492,Bacteria,Chlamydiota,Chlamydiia,Chlamydiales,Parachlamydiaceae,Neochlamydia,NA
ASV_5493,Bacteria,Pseudomonadota,Alphaproteobacteria,Elsterales,Elsteraceae,Lacibacterium,NA
ASV_5494,Bacteria,Ignavibacteriota,Ignavibacteria,Ignavibacteriales,Melioribacteraceae,IheB3-7,NA
ASV_5495,Bacteria,Pseudomonadota,Alphaproteobacteria,Holosporales,Holosporaceae,NA,NA
ASV_5496,Bacteria,Candidatus Kapabacteria,Kapabacteria,Kapabacteriales,NA,NA,NA
ASV_5497,Bacteria,Bacteroidota,Bacteroidia,Bacteroidales,Prolixibacteraceae,NA,NA
ASV_5498,Bacteria,Thermodesulfobacteriota,Desulfovibrionia,Desulfovibrionales,Desulfovibrionaceae,Humidesulfovibrio,NA
ASV_5499,Bacteria,Actinomycetota,Actinobacteria,Frankiales,Sporichthyaceae,hgcI clade,NA
ASV_5500,Bacteria,Bacteroidota,Bacteroidia,Sphingobacteriales,env.OPS 17,NA,NA
ASV_5501,Bacteria,Bacillota,Bacilli,Izemoplasmatales,Izemoplasmataceae,NA,NA
ASV_5502,Bacteria,Bacillota,Bacilli,Acholeplasmatales,Acholeplasmataceae,Acholeplasma,NA
ASV_5503,Bacteria,Bacillota,Bacilli,Acholeplasmatales,Acholeplasmataceae,Acholeplasma,NA
ASV_5504,Bacteria,Bacteroidota,Bacteroidia,Bacteroidales,Paludibacteraceae,NA,NA
ASV_5505,Bacteria,Pseudomonadota,Alphaproteobacteria,Sphingomonadales,Sphingomonadaceae,Sphingobium,NA
ASV_5506,Bacteria,Pseudomonadota,Gammaproteobacteria,Burkholderiales,Comamonadaceae,Leptothrix,NA
ASV_5507,Bacteria,Thermodesulfobacteriota,Desulfuromonadia,Bradymonadales,NA,NA,NA
ASV_5508,Bacteria,Bacteroidota,Bacteroidia,Chitinophagales,Saprospiraceae,NA,NA
ASV_5509,Bacteria,Bdellovibrionota,Bdellovibrionia,Bdellovibrionales,Pseudobdellovibrionaceae,OM27 clade,NA
ASV_5510,Bacteria,Actinomycetota,Thermoleophilia,Gaiellales,NA,NA,NA
ASV_5511,Bacteria,Actinomycetota,Actinobacteria,Frankiales,Sporichthyaceae,hgcI clade,NA
ASV_5512,Bacteria,Pseudomonadota,Alphaproteobacteria,Rickettsiales,Rickettsiaceae,NA,NA
ASV_5513,Bacteria,Cyanobacteriota,Sericytochromatia,NA,NA,NA,NA
ASV_5514,Bacteria,Pseudomonadota,Gammaproteobacteria,Burkholderiales,Nitrosomonadaceae,Nitrosomonas,NA
ASV_5515,Bacteria,Pseudomonadota,Gammaproteobacteria,Pseudomonadales,Oleiphilaceae,Oleiphilus,NA
ASV_5516,Bacteria,Verrucomicrobiota,Verrucomicrobiia,NA,NA,NA,NA
ASV_5517,Bacteria,Pseudomonadota,Gammaproteobacteria,NA,NA,NA,NA
ASV_5518,Bacteria,Myxococcota,Polyangiia,Nannocystales,Nannocystaceae,NA,NA
ASV_5519,Bacteria,Synergistota,Synergistia,Synergistales,Synergistaceae,Syner-01,NA
ASV_5520,Bacteria,Bacillota,Bacilli,Izemoplasmatales,Izemoplasmataceae,NA,NA
ASV_5521,Bacteria,Bacillota,Negativicutes,Veillonellales-Selenomonadales,Veillonellaceae,Megasphaera,NA
ASV_5522,Bacteria,Bacteroidota,Bacteroidia,Bacteroidales,Paludibacteraceae,Paludibacter,NA
ASV_5523,Bacteria,Patescibacteria,Dojkabacteria,NA,NA,NA,NA
ASV_5524,Bacteria,Bacillota,Clostridia,Lachnospirales,Lachnospiraceae,Blautia,NA
ASV_5525,Bacteria,Pseudomonadota,Gammaproteobacteria,Burkholderiales,Rhodocyclaceae,Dechlorobacter,NA
ASV_5526,Bacteria,Pseudomonadota,Gammaproteobacteria,Burkholderiales,Hydrogenophilaceae,NA,NA
ASV_5527,Bacteria,Pseudomonadota,Gammaproteobacteria,Salinisphaerales,Nevskiaceae,Panacagrimonas,NA
ASV_5528,Bacteria,Bacteroidota,Bacteroidia,Chitinophagales,NA,NA,NA
ASV_5529,Bacteria,Bacteroidota,Bacteroidia,Chitinophagales,Saprospiraceae,Phaeodactylibacter,NA
ASV_5530,Bacteria,Pseudomonadota,Gammaproteobacteria,Burkholderiales,Alcaligenaceae,Verticiella,NA
ASV_5531,Bacteria,Pseudomonadota,Alphaproteobacteria,Rickettsiales,Midichloriaceae,NA,NA
ASV_5532,Bacteria,Pseudomonadota,Gammaproteobacteria,Burkholderiales,Rhodocyclaceae,Zoogloea,NA
ASV_5533,Bacteria,Pseudomonadota,Gammaproteobacteria,Salinisphaerales,Nevskiaceae,Solimonas,NA
ASV_5534,Archaea,Halobacteriota,Methanosarcinia,Methanosarcinales,Methanosaetaceae,Methanothrix,NA
ASV_5535,Bacteria,Bdellovibrionota,Bacteriovoracia,Bacteriovoracales,Bacteriovoracaceae,Peredibacter,NA
ASV_5536,Bacteria,Bacillota,Bacilli,NA,NA,NA,NA
ASV_5537,Bacteria,Bacteroidota,Bacteroidia,Flavobacteriales,Weeksellaceae,Cloacibacterium,normanense
ASV_5538,Bacteria,Pseudomonadota,Gammaproteobacteria,Burkholderiales,Alcaligenaceae,Candidimonas,NA
ASV_5539,Bacteria,Bacteroidota,Bacteroidia,NA,NA,NA,NA
ASV_5540,Bacteria,Ignavibacteriota,Ignavibacteria,Ignavibacteriales,Melioribacteraceae,IheB3-7,NA
ASV_5541,Bacteria,Bacteroidota,Bacteroidia,Flavobacteriales,NS9 marine group,NA,NA
ASV_5542,Bacteria,Pseudomonadota,Alphaproteobacteria,Rickettsiales,Mitochondria,NA,NA
ASV_5543,Bacteria,Actinomycetota,Actinobacteria,Mycobacteriales,Mycobacteriaceae,Mycobacterium,NA
ASV_5544,Bacteria,Ignavibacteriota,Ignavibacteria,Ignavibacteriales,Ignavibacteriaceae,Ignavibacterium,NA
ASV_5545,Bacteria,Pseudomonadota,Gammaproteobacteria,Burkholderiales,Rhodocyclaceae,Zoogloea,NA
ASV_5546,Bacteria,Planctomycetota,Planctomycetes,Pirellulales,Pirellulaceae,NA,NA
ASV_5547,Bacteria,Pseudomonadota,Gammaproteobacteria,Pseudomonadales,Pseudomonadaceae,Pseudomonas,NA
ASV_5548,Bacteria,Pseudomonadota,Alphaproteobacteria,NA,NA,NA,NA
ASV_5549,Bacteria,Planctomycetota,Planctomycetes,Pirellulales,Pirellulaceae,Pirellula,NA
ASV_5550,Bacteria,Pseudomonadota,Gammaproteobacteria,Burkholderiales,Rhodocyclaceae,Dechlorobacter,NA
ASV_5551,Bacteria,Bacteroidota,Bacteroidia,Bacteroidales,LKC2.127-25,NA,NA
ASV_5552,Bacteria,Bacteroidota,Bacteroidia,Flavobacteriales,Flavobacteriaceae,Flavobacterium,NA
ASV_5553,Bacteria,Pseudomonadota,Gammaproteobacteria,Pseudomonadales,Saccharospirillaceae,Oceanobacter,NA
ASV_5554,Bacteria,Thermodesulfobacteriota,Desulfovibrionia,Desulfovibrionales,Desulfovibrionaceae,Desulfovibrio,desulfuricans
ASV_5555,Bacteria,Bacteroidota,Bacteroidia,Bacteroidales,Prolixibacteraceae,NA,NA
ASV_5556,Bacteria,Pseudomonadota,Gammaproteobacteria,Burkholderiales,Rhodocyclaceae,Dechloromonas,NA
ASV_5557,Bacteria,Bdellovibrionota,Oligoflexia,0319-6G20,NA,NA,NA
ASV_5558,Bacteria,Verrucomicrobiota,Lentisphaeria,Victivallales,Victivallaceae,NA,NA
ASV_5559,Bacteria,Bdellovibrionota,Bdellovibrionia,Bdellovibrionales,Pseudobdellovibrionaceae,OM27 clade,NA
ASV_5560,Bacteria,Patescibacteria,Dojkabacteria,NA,NA,NA,NA
ASV_5561,Bacteria,Thermodesulfobacteriota,Desulfobulbia,Desulfobulbales,Desulfobulbaceae,Desulfobulbus,NA
ASV_5562,Bacteria,Pseudomonadota,Gammaproteobacteria,Salinisphaerales,Nevskiaceae,Hydrocarboniphaga,NA
ASV_5563,Bacteria,Bacteroidota,Bacteroidia,Chitinophagales,NA,NA,NA
ASV_5564,Bacteria,Thermodesulfobacteriota,NA,NA,NA,NA,NA
ASV_5565,Bacteria,Bacteroidota,Bacteroidia,Chitinophagales,Chitinophagaceae,Terrimonas,NA
ASV_5566,Bacteria,Bacteroidota,Bacteroidia,Chitinophagales,Saprospiraceae,NA,NA
ASV_5567,Bacteria,Planctomycetota,OM190,NA,NA,NA,NA
ASV_5568,Bacteria,Actinomycetota,Actinobacteria,NA,NA,NA,NA
ASV_5569,Bacteria,Actinomycetota,Acidimicrobiia,Microtrichales,Ilumatobacteraceae,NA,NA
ASV_5570,Bacteria,Pseudomonadota,Gammaproteobacteria,Burkholderiales,TRA3-20,NA,NA
ASV_5571,Bacteria,Pseudomonadota,Gammaproteobacteria,Lysobacterales,Lysobacteraceae,Arenimonas,NA
ASV_5572,Bacteria,Hydrogenedentes,Hydrogenedentia,Hydrogenedentiales,Hydrogenedensaceae,NA,NA
ASV_5573,Bacteria,Pseudomonadota,Gammaproteobacteria,Lysobacterales,Lysobacteraceae,Thermomonas,NA
ASV_5574,Bacteria,Actinomycetota,Actinobacteria,Micrococcales,Microbacteriaceae,Klugiella,NA
ASV_5575,Bacteria,Pseudomonadota,Gammaproteobacteria,Burkholderiales,Hydrogenophilaceae,Spirillum,NA
ASV_5576,Bacteria,Pseudomonadota,Gammaproteobacteria,Burkholderiales,Rhodocyclaceae,Dechlorobacter,NA
ASV_5577,Bacteria,Pseudomonadota,Gammaproteobacteria,Burkholderiales,Chromobacteriaceae,Vogesella,perlucida
ASV_5578,Bacteria,Pseudomonadota,Gammaproteobacteria,Burkholderiales,Rhodocyclaceae,Thauera,NA
ASV_5579,Bacteria,Actinomycetota,Actinobacteria,Bifidobacteriales,Bifidobacteriaceae,Bifidobacterium,NA
ASV_5580,Bacteria,Gemmatimonadota,Gemmatimonadia,Gemmatimonadales,Gemmatimonadaceae,Gemmatimonas,NA
ASV_5581,Bacteria,Bacillota,Bacilli,Acholeplasmatales,Acholeplasmataceae,EUB33-2,NA
ASV_5582,Bacteria,Pseudomonadota,Gammaproteobacteria,Run-SP154,NA,NA,NA
ASV_5583,Bacteria,Pseudomonadota,Alphaproteobacteria,Rhodospirillales,Rhodospirillaceae,Novispirillum,NA
ASV_5584,Bacteria,Planctomycetota,Planctomycetes,Pirellulales,Pirellulaceae,NA,NA
ASV_5585,Bacteria,Pseudomonadota,Gammaproteobacteria,Ga0077536,NA,NA,NA
ASV_5586,Bacteria,Pseudomonadota,Gammaproteobacteria,Enterobacterales,Alteromonadaceae,Rheinheimera,NA
ASV_5587,Bacteria,Pseudomonadota,Gammaproteobacteria,Pseudomonadales,Spongiibacteraceae,BD1-7 clade,NA
ASV_5588,Bacteria,Pseudomonadota,Alphaproteobacteria,Rickettsiales,Midichloriaceae,Lyticum,NA
ASV_5589,Bacteria,Ignavibacteriota,Ignavibacteria,Ignavibacteriales,Melioribacteraceae,IheB3-7,NA
ASV_5590,Bacteria,Bacteroidota,Bacteroidia,Chitinophagales,Chitinophagaceae,NA,NA
ASV_5591,Bacteria,Actinomycetota,Actinobacteria,Propionibacteriales,Nocardioidaceae,Aeromicrobium,NA
ASV_5592,Bacteria,Planctomycetota,Planctomycetes,Pirellulales,Pirellulaceae,Pirellula,NA
ASV_5593,Bacteria,Pseudomonadota,Alphaproteobacteria,Paracaedibacterales,Paracaedibacteraceae,NA,NA
ASV_5594,Bacteria,Pseudomonadota,Gammaproteobacteria,Pseudomonadales,Halomonadaceae,HdN1,NA
ASV_5595,Bacteria,Pseudomonadota,Alphaproteobacteria,Acetobacterales,Acetobacteraceae,Roseomonas,lacus
ASV_5596,Bacteria,Pseudomonadota,Alphaproteobacteria,Rhodobacterales,Paracoccaceae,Fuscovulum,NA
ASV_5597,Bacteria,Pseudomonadota,Alphaproteobacteria,Rhodospirillales,NA,NA,NA
ASV_5598,Bacteria,Pseudomonadota,Gammaproteobacteria,Methylococcales,Methylomonadaceae,Methylomonas,NA
ASV_5599,Bacteria,Thermodesulfobacteriota,Desulfobulbia,Desulfobulbales,Desulfocapsaceae,Desulfoprunum,benzoelyticum
ASV_5600,Bacteria,Pseudomonadota,Gammaproteobacteria,Burkholderiales,Comamonadaceae,Macromonas,NA
ASV_5601,Bacteria,Pseudomonadota,Gammaproteobacteria,Chromatiales,Chromatiaceae,Allochromatium,NA
ASV_5602,Archaea,Halobacteriota,Methanomicrobia,Methanomicrobiales,Methanospirillaceae,Methanospirillum,NA
ASV_5603,Bacteria,Bacillota,Bacilli,Erysipelotrichales,Erysipelotrichaceae,Erysipelothrix,NA
ASV_5604,Bacteria,Patescibacteria,NA,NA,NA,NA,NA
ASV_5605,Bacteria,Bacillota,Clostridia,Peptostreptococcales-Tissierellales,Peptostreptococcaceae,Romboutsia,NA
ASV_5606,Bacteria,Pseudomonadota,Gammaproteobacteria,Burkholderiales,Rhodocyclaceae,Zoogloea,NA
ASV_5607,Bacteria,Cloacimonadota,Cloacimonadia,Cloacimonadales,Cloacimonadaceae,NA,NA
ASV_5608,Bacteria,Pseudomonadota,Alphaproteobacteria,Hyphomicrobiales,Rhizobiaceae,Falsochrobactrum,NA
ASV_5609,Bacteria,Acidobacteriota,Blastocatellia,Blastocatellales,Blastocatellaceae,NA,NA
ASV_5610,Bacteria,Candidatus Kapabacteria,Kapabacteria,Kapabacteriales,NA,NA,NA
ASV_5611,Bacteria,Pseudomonadota,Alphaproteobacteria,Acetobacterales,Acetobacteraceae,NA,NA
ASV_5612,Bacteria,Bacteroidota,Bacteroidia,Chitinophagales,Chitinophagaceae,Terrimonas,NA
ASV_5613,Bacteria,Pseudomonadota,Gammaproteobacteria,Burkholderiales,Comamonadaceae,NA,NA
ASV_5614,Bacteria,Actinomycetota,Actinobacteria,Frankiales,Sporichthyaceae,NA,NA
ASV_5615,Bacteria,Thermodesulfobacteriota,Desulfuromonadia,Bradymonadales,NA,NA,NA
ASV_5616,Bacteria,Bdellovibrionota,Bacteriovoracia,Bacteriovoracales,Bacteriovoracaceae,Peredibacter,NA
ASV_5617,Bacteria,Pseudomonadota,Gammaproteobacteria,Pseudomonadales,Halomonadaceae,HdN1,NA
ASV_5618,Bacteria,Patescibacteria,Gracilibacteria,Absconditabacteriales (SR1),NA,NA,NA
ASV_5619,Bacteria,Verrucomicrobiota,Verrucomicrobiia,Opitutales,Opitutaceae,Oleiharenicola,NA
ASV_5620,Bacteria,Pseudomonadota,Alphaproteobacteria,Rhodobacterales,Paracoccaceae,NA,NA
ASV_5621,Bacteria,Verrucomicrobiota,Verrucomicrobiia,Pedosphaerales,Pedosphaeraceae,SH3-11,NA
ASV_5622,Bacteria,Spirochaetota,Spirochaetia,Spirochaetales,Spirochaetaceae,Treponema,NA
ASV_5623,Bacteria,Bacillota,Negativicutes,Veillonellales-Selenomonadales,Selenomonadaceae,Mitsuokella,jalaludinii
ASV_5624,Bacteria,Bacteroidota,Bacteroidia,Bacteroidales,Marinilabiliaceae,NA,NA
ASV_5625,Bacteria,Bacillota,Bacilli,Lactobacillales,Streptococcaceae,Streptococcus,NA
ASV_5626,Bacteria,Pseudomonadota,Alphaproteobacteria,Acetobacterales,Acetobacteraceae,Roseomonas,NA
ASV_5627,Bacteria,Fibrobacterota,Fibrobacteria,Fibrobacterales,Fibrobacteraceae,possible genus 06,NA
ASV_5628,Bacteria,Pseudomonadota,Gammaproteobacteria,Burkholderiales,Comamonadaceae,Ottowia,NA
ASV_5629,Bacteria,Bacteroidota,Bacteroidia,Bacteroidales,Prolixibacteraceae,WCHB1-32,NA
ASV_5630,Bacteria,Pseudomonadota,Alphaproteobacteria,Hyphomicrobiales,Devosiaceae,NA,NA
ASV_5631,Bacteria,Gemmatimonadota,Gemmatimonadia,Gemmatimonadales,Gemmatimonadaceae,Gemmatimonas,NA
ASV_5632,Bacteria,Patescibacteria,Parcubacteria,Candidatus Nomurabacteria,NA,NA,NA
ASV_5633,Bacteria,Chlorobiota,Chlorobia,Chlorobiales,Chlorobiaceae,Chlorobaculum,NA
ASV_5634,Bacteria,Pseudomonadota,Gammaproteobacteria,Ga0077536,NA,NA,NA
ASV_5635,Bacteria,Bacteroidota,Bacteroidia,Flavobacteriales,Crocinitomicaceae,Fluviicola,NA
ASV_5636,Bacteria,Pseudomonadota,Gammaproteobacteria,Burkholderiales,Comamonadaceae,Hydrogenophaga,soli
ASV_5637,Bacteria,Pseudomonadota,Gammaproteobacteria,Beggiatoales,Leucotrichaceae,Thiothrix,NA
ASV_5638,Bacteria,Pseudomonadota,Gammaproteobacteria,Methylococcales,Methylomonadaceae,Methylosarcina,fibrata
ASV_5639,Bacteria,Pseudomonadota,Gammaproteobacteria,Methylococcales,Methylococcaceae,Methyloterricola,NA
ASV_5640,Bacteria,Actinomycetota,Acidimicrobiia,Microtrichales,NA,NA,NA
ASV_5641,Bacteria,Actinomycetota,Actinobacteria,Frankiales,Sporichthyaceae,hgcI clade,NA
ASV_5642,Bacteria,Pseudomonadota,Gammaproteobacteria,Competibacterales,Competibacteraceae,Candidatus Competibacter,NA
ASV_5643,Bacteria,Pseudomonadota,Alphaproteobacteria,Holosporales,Holosporaceae,Candidatus Paraholospora,NA
ASV_5644,Bacteria,Pseudomonadota,Gammaproteobacteria,Enterobacterales,Aeromonadaceae,Pseudaeromonas,NA
ASV_5645,Bacteria,Bacteroidota,Bacteroidia,Bacteroidales,Rikenellaceae,DMER64,NA
ASV_5646,Bacteria,Patescibacteria,NA,NA,NA,NA,NA
ASV_5647,Bacteria,Bacillota,Negativicutes,Veillonellales-Selenomonadales,Sporomusaceae,NA,NA
ASV_5648,Bacteria,Pseudomonadota,Gammaproteobacteria,Burkholderiales,Hydrogenophilaceae,Thiobacillus,NA
ASV_5649,Bacteria,Actinomycetota,Acidimicrobiia,Microtrichales,Ilumatobacteraceae,CL500-29 marine group,NA
ASV_5650,Bacteria,Bacteroidota,Bacteroidia,Bacteroidales,Prolixibacteraceae,WCHB1-32,NA
ASV_5651,Bacteria,Thermodesulfobacteriota,NA,NA,NA,NA,NA
ASV_5652,Bacteria,Synergistota,Synergistia,Synergistales,Synergistaceae,NA,NA
ASV_5653,Bacteria,Bacteroidota,Bacteroidia,Sphingobacteriales,Lentimicrobiaceae,Lentimicrobium,NA
ASV_5654,Bacteria,Thermodesulfobacteriota,Desulfobacteria,Desulfobacterales,Desulfobacteraceae,NA,NA
ASV_5655,Bacteria,Pseudomonadota,Gammaproteobacteria,Chromatiales,Chromatiaceae,Allochromatium,NA
ASV_5656,Bacteria,Bacteroidota,Bacteroidia,Chitinophagales,37-13,NA,NA
ASV_5657,Bacteria,Actinomycetota,Actinobacteria,Frankiales,Sporichthyaceae,hgcI clade,NA
ASV_5658,Bacteria,Pseudomonadota,Gammaproteobacteria,Burkholderiales,Alcaligenaceae,NA,NA
ASV_5659,Bacteria,Chlamydiota,Chlamydiia,Chlamydiales,Parachlamydiaceae,Candidatus Protochlamydia,NA
ASV_5660,Bacteria,Pseudomonadota,Alphaproteobacteria,Parvibaculales,Parvibaculaceae,Parvibaculum,NA
ASV_5661,Bacteria,Planctomycetota,OM190,NA,NA,NA,NA
ASV_5662,Bacteria,Pseudomonadota,Gammaproteobacteria,Salinisphaerales,Nevskiaceae,NA,NA
ASV_5663,Bacteria,Pseudomonadota,Gammaproteobacteria,Enterobacterales,Aeromonadaceae,Aeromonas,NA
ASV_5664,Bacteria,Planctomycetota,OM190,NA,NA,NA,NA
ASV_5665,Bacteria,Pseudomonadota,Gammaproteobacteria,Burkholderiales,Nitrosomonadaceae,oc32,NA
ASV_5666,Bacteria,Bacteroidota,Bacteroidia,Sphingobacteriales,AKYH767,NA,NA
ASV_5667,Bacteria,Pseudomonadota,Gammaproteobacteria,Gammaproteobacteria Incertae Sedis,Unknown Family,Candidatus Berkiella,NA
ASV_5668,Bacteria,Bacteroidota,Bacteroidia,Sphingobacteriales,env.OPS 17,NA,NA
ASV_5669,Bacteria,Bacteroidota,Bacteroidia,Cytophagales,Spirosomataceae,Flectobacillus,roseus
ASV_5670,Bacteria,Pseudomonadota,Alphaproteobacteria,Rickettsiales,Midichloriaceae,Candidatus Jidaibacter,NA
ASV_5671,Bacteria,Patescibacteria,Parcubacteria,Candidatus Nomurabacteria,NA,NA,NA
ASV_5672,Bacteria,Pseudomonadota,Alphaproteobacteria,Acetobacterales,Acetobacteraceae,Roseomonas,lacus
ASV_5673,Bacteria,Pseudomonadota,Gammaproteobacteria,Burkholderiales,Rhodocyclaceae,NA,NA
ASV_5674,Bacteria,Pseudomonadota,Alphaproteobacteria,Acetobacterales,Acetobacteraceae,Roseomonas,NA
ASV_5675,Bacteria,Pseudomonadota,Gammaproteobacteria,Burkholderiales,Alcaligenaceae,Saccharedens,NA
ASV_5676,Bacteria,Pseudomonadota,Gammaproteobacteria,Burkholderiales,Procabacteriaceae,Procabacter,NA
ASV_5677,Bacteria,Bacteroidota,Bacteroidia,Sphingobacteriales,env.OPS 17,NA,NA
ASV_5678,Bacteria,Patescibacteria,Parcubacteria,Candidatus Moranbacteria,NA,NA,NA
ASV_5679,Bacteria,Pseudomonadota,Alphaproteobacteria,Sphingomonadales,Sphingomonadaceae,Novosphingobium,NA
ASV_5680,Bacteria,Pseudomonadota,Gammaproteobacteria,Burkholderiales,Comamonadaceae,Ramlibacter,NA
ASV_5681,Bacteria,Pseudomonadota,Alphaproteobacteria,Parvibaculales,Parvibaculaceae,Parvibaculum,NA
ASV_5682,Bacteria,Pseudomonadota,Gammaproteobacteria,Pseudomonadales,Moraxellaceae,Perlucidibaca,NA
ASV_5683,Bacteria,Bacteroidota,Bacteroidia,Bacteroidales,Paludibacteraceae,Paludibacter,NA
ASV_5684,Bacteria,Pseudomonadota,Gammaproteobacteria,Methylococcales,Methylomonadaceae,Methylomonas,NA
ASV_5685,Bacteria,Pseudomonadota,Gammaproteobacteria,Competibacterales,Competibacteraceae,Plasticicumulans,NA
ASV_5686,Bacteria,Thermodesulfobacteriota,Desulfobulbia,Desulfobulbales,Desulfocapsaceae,Desulfocastanea,NA
ASV_5687,Bacteria,Pseudomonadota,Gammaproteobacteria,Salinisphaerales,Nevskiaceae,Hydrocarboniphaga,NA
ASV_5688,Bacteria,Bacteroidota,Bacteroidia,Chitinophagales,Chitinophagaceae,Rurimicrobium,NA
ASV_5689,Bacteria,Bacteroidota,Bacteroidia,Sphingobacteriales,Sphingobacteriaceae,Solitalea,NA
ASV_5690,Bacteria,Pseudomonadota,Gammaproteobacteria,Enterobacterales,Gallaecimonadaceae,Gallaecimonas,NA
ASV_5691,Bacteria,Pseudomonadota,Alphaproteobacteria,Dongiales,Dongiaceae,Dongia,NA
ASV_5692,Bacteria,Bacteroidota,Bacteroidia,Flavobacteriales,Flavobacteriaceae,Flavobacterium,NA
ASV_5693,Bacteria,Pseudomonadota,Alphaproteobacteria,Hyphomicrobiales,Xanthobacteraceae,NA,NA
ASV_5694,Bacteria,Pseudomonadota,Gammaproteobacteria,Burkholderiales,Burkholderiaceae,Lautropia,NA
ASV_5695,Bacteria,Pseudomonadota,Gammaproteobacteria,Methylococcales,Methylomonadaceae,Methylosarcina,fibrata
ASV_5696,Bacteria,Verrucomicrobiota,Lentisphaeria,Victivallales,Victivallaceae,NA,NA
ASV_5697,Bacteria,Pseudomonadota,Gammaproteobacteria,Pseudomonadales,Pseudomonadaceae,Pseudomonas,NA
ASV_5698,Bacteria,Bacteroidota,Bacteroidia,Sphingobacteriales,NS11-12 marine group,NA,NA
ASV_5699,Bacteria,Pseudomonadota,Gammaproteobacteria,Pseudomonadales,Moraxellaceae,Alkanindiges,NA
ASV_5700,Bacteria,Pseudomonadota,Gammaproteobacteria,Burkholderiales,Comamonadaceae,Hydrogenophaga,NA
ASV_5701,Bacteria,Pseudomonadota,Gammaproteobacteria,NA,NA,NA,NA
ASV_5702,Bacteria,Actinomycetota,Acidimicrobiia,Microtrichales,NA,NA,NA
ASV_5703,Bacteria,Hydrogenedentes,Hydrogenedentia,Hydrogenedentiales,Hydrogenedensaceae,NA,NA
ASV_5704,Bacteria,Pseudomonadota,Alphaproteobacteria,Sphingomonadales,Sphingomonadaceae,Sphingobium,NA
ASV_5705,Bacteria,Patescibacteria,Dojkabacteria,NA,NA,NA,NA
ASV_5706,Bacteria,Pseudomonadota,Gammaproteobacteria,Burkholderiales,Methylophilaceae,Methylophilus,NA
ASV_5707,Bacteria,Hydrogenedentes,Hydrogenedentia,Hydrogenedentiales,Hydrogenedensaceae,NA,NA
ASV_5708,Bacteria,Pseudomonadota,Alphaproteobacteria,Caulobacterales,Caulobacteraceae,Phenylobacterium,NA
ASV_5709,Bacteria,Actinomycetota,Actinobacteria,Frankiales,Sporichthyaceae,hgcI clade,NA
ASV_5710,Bacteria,Bacteroidota,Bacteroidia,Bacteroidales,Paludibacteraceae,Paludibacter,NA
ASV_5711,Bacteria,Spirochaetota,Spirochaetia,Spirochaetales,Spirochaetaceae,Sphaerochaeta,NA
ASV_5712,Bacteria,Actinomycetota,Acidimicrobiia,Microtrichales,Ilumatobacteraceae,CL500-29 marine group,NA
ASV_5713,Bacteria,Patescibacteria,Dojkabacteria,NA,NA,NA,NA
ASV_5714,Bacteria,Thermodesulfobacteriota,Desulfobacteria,Desulfobacterales,Desulfococcaceae,Desulfococcus,NA
ASV_5715,Bacteria,Actinomycetota,Actinobacteria,Frankiales,Sporichthyaceae,hgcI clade,NA
ASV_5716,Bacteria,Pseudomonadota,Gammaproteobacteria,Competibacterales,Competibacteraceae,Candidatus Competibacter,NA
ASV_5717,Bacteria,Thermodesulfobacteriota,Syntrophia,Syntrophales,Syntrophaceae,Syntrophus,NA
ASV_5718,Bacteria,Bacteroidota,Bacteroidia,Sphingobacteriales,LiUU-11-161,NA,NA
ASV_5719,Bacteria,Bacteroidota,Bacteroidia,Sphingobacteriales,KD3-93,NA,NA
ASV_5720,Bacteria,Sumerlaeota,Sumerlaeia,Sumerlaeales,Sumerlaeaceae,Sumerlaea,NA
ASV_5721,Bacteria,Bacteroidota,Bacteroidia,Flavobacteriales,Flavobacteriaceae,Flavobacterium,NA
ASV_5722,Bacteria,Bacteroidota,Bacteroidia,Cytophagales,Cyclobacteriaceae,Algoriphagus,NA
ASV_5723,Bacteria,Pseudomonadota,Gammaproteobacteria,Burkholderiales,TRA3-20,NA,NA
ASV_5724,Bacteria,Pseudomonadota,Gammaproteobacteria,Burkholderiales,Nitrosomonadaceae,Nitrosomonas,NA
ASV_5725,Bacteria,Actinomycetota,Actinobacteria,PeM15,NA,NA,NA
ASV_5726,Bacteria,Bacillota,Bacilli,Staphylococcales,Staphylococcaceae,Staphylococcus,NA
ASV_5727,Bacteria,Actinomycetota,Actinobacteria,Frankiales,Sporichthyaceae,hgcI clade,NA
ASV_5728,Bacteria,Planctomycetota,Planctomycetes,Planctomycetales,NA,NA,NA
ASV_5729,Bacteria,Patescibacteria,Gracilibacteria,JGI 0000069-P22,NA,NA,NA
ASV_5730,Bacteria,Patescibacteria,Dojkabacteria,NA,NA,NA,NA
ASV_5731,Bacteria,Bacillota,Negativicutes,Veillonellales-Selenomonadales,Veillonellaceae,NA,NA
ASV_5732,Bacteria,Chlamydiota,Chlamydiia,Chlamydiales,Simkaniaceae,NA,NA
ASV_5733,Bacteria,Pseudomonadota,Gammaproteobacteria,Enterobacterales,Alteromonadaceae,Rheinheimera,NA
ASV_5734,Bacteria,Pseudomonadota,Alphaproteobacteria,NA,NA,NA,NA
ASV_5735,Bacteria,Pseudomonadota,Gammaproteobacteria,Burkholderiales,Comamonadaceae,Alicycliphilus,NA
ASV_5736,Bacteria,Verrucomicrobiota,Verrucomicrobiia,Pedosphaerales,Pedosphaeraceae,ADurb.Bin063-1,NA
ASV_5737,Bacteria,Chlorobiota,Chlorobia,Chlorobiales,Chlorobiaceae,Chlorobaculum,NA
ASV_5738,Bacteria,Pseudomonadota,Gammaproteobacteria,Burkholderiales,Rhodocyclaceae,NA,NA
ASV_5739,Bacteria,Pseudomonadota,Gammaproteobacteria,Lysobacterales,Lysobacteraceae,Arenimonas,NA
ASV_5740,Bacteria,Candidatus Kapabacteria,Kapabacteria,Kapabacteriales,NA,NA,NA
ASV_5741,Bacteria,Pseudomonadota,Alphaproteobacteria,Acetobacterales,Acetobacteraceae,Rhodovastum,NA
ASV_5742,Bacteria,Pseudomonadota,Gammaproteobacteria,Burkholderiales,Nitrosomonadaceae,oc32,NA
ASV_5743,Bacteria,Bacillota,Bacilli,NA,NA,NA,NA
ASV_5744,Bacteria,Pseudomonadota,Gammaproteobacteria,Burkholderiales,Rhodocyclaceae,NA,NA
ASV_5745,Bacteria,Bacteroidota,Bacteroidia,Bacteroidales,Prolixibacteraceae,BSV13,NA
ASV_5746,Bacteria,Bdellovibrionota,Bacteriovoracia,Bacteriovoracales,Bacteriovoracaceae,Bacteriovorax,NA
ASV_5747,Bacteria,Bacteroidota,Bacteroidia,Chitinophagales,37-13,NA,NA
ASV_5748,Bacteria,Bacteroidota,Bacteroidia,Sphingobacteriales,LiUU-11-161,NA,NA
ASV_5749,Bacteria,Pseudomonadota,Gammaproteobacteria,Methylococcales,Methylococcaceae,Methyloterricola,NA
ASV_5750,Bacteria,Actinomycetota,Actinobacteria,Mycobacteriales,Mycobacteriaceae,Mycobacterium,NA
ASV_5751,Bacteria,Actinomycetota,Actinobacteria,Propionibacteriales,Nocardioidaceae,Aeromicrobium,NA
ASV_5752,Bacteria,Pseudomonadota,Gammaproteobacteria,Salinisphaerales,Nevskiaceae,Panacagrimonas,NA
ASV_5753,Bacteria,Pseudomonadota,Gammaproteobacteria,Burkholderiales,Rhodocyclaceae,Thauera,NA
ASV_5754,Bacteria,Pseudomonadota,Alphaproteobacteria,NA,NA,NA,NA
ASV_5755,Bacteria,Pseudomonadota,Gammaproteobacteria,Competibacterales,Competibacteraceae,Candidatus Competibacter,NA
ASV_5756,Bacteria,Pseudomonadota,Gammaproteobacteria,Enterobacterales,Alteromonadaceae,Rheinheimera,NA
ASV_5757,Bacteria,Thermodesulfobacteriota,Desulfovibrionia,Desulfovibrionales,Desulfomicrobiaceae,Desulfomicrobium,NA
ASV_5758,Bacteria,Pseudomonadota,Gammaproteobacteria,Enterobacterales,NA,NA,NA
ASV_5759,Bacteria,Bacillota,Clostridia,Oscillospirales,Oscillospiraceae,Saccharofermentans,NA
ASV_5760,Bacteria,Pseudomonadota,Gammaproteobacteria,Pseudomonadales,Moraxellaceae,Perlucidibaca,NA
ASV_5761,Bacteria,Actinomycetota,Actinobacteria,PeM15,NA,NA,NA
ASV_5762,Bacteria,Campylobacterota,Campylobacteria,Campylobacterales,Arcobacteraceae,Arcobacter,cryaerophilus
ASV_5763,Bacteria,Verrucomicrobiota,Verrucomicrobiia,Verrucomicrobiales,Verrucomicrobiaceae,Prosthecobacter,NA
ASV_5764,Bacteria,Pseudomonadota,Alphaproteobacteria,Tistrellales,Tistrellaceae,Tistrella,mobilis
ASV_5765,Bacteria,Bacillota,Bacilli,Erysipelotrichales,Erysipelatoclostridiaceae,UCG-004,NA
ASV_5766,Archaea,Halobacteriota,Methanosarcinia,Methanosarcinales,Methanosaetaceae,Methanothrix,NA
ASV_5767,Bacteria,Spirochaetota,Spirochaetia,Spirochaetales,Spirochaetaceae,Sphaerochaeta,NA
ASV_5768,Bacteria,Actinomycetota,Actinobacteria,Micrococcales,Microbacteriaceae,Leifsonia,NA
ASV_5769,Bacteria,Hydrogenedentes,Hydrogenedentia,Hydrogenedentiales,Hydrogenedensaceae,NA,NA
ASV_5770,Bacteria,Bacteroidota,Bacteroidia,Bacteroidales,Prolixibacteraceae,WCHB1-32,NA
ASV_5771,Bacteria,Cyanobacteriota,Cyanobacteriia,Cyanobacteriales,Phormidiaceae,Planktothrix NIVA-CYA 15,NA
ASV_5772,Bacteria,Cyanobacteriota,Vampirivibrionia,Obscuribacterales,Obscuribacteraceae,Candidatus Obscuribacter,NA
ASV_5773,Bacteria,Pseudomonadota,Gammaproteobacteria,Burkholderiales,Hydrogenophilaceae,NA,NA
ASV_5774,Bacteria,Myxococcota,Polyangiia,Polyangiales,Polyangiaceae,NA,NA
ASV_5775,Bacteria,Pseudomonadota,Gammaproteobacteria,Pseudomonadales,Halomonadaceae,HdN1,NA
ASV_5776,Bacteria,Pseudomonadota,Alphaproteobacteria,Rhodospirillales,NA,NA,NA
ASV_5777,Bacteria,Pseudomonadota,Gammaproteobacteria,Burkholderiales,Comamonadaceae,Aquabacterium,NA
ASV_5778,Bacteria,Pseudomonadota,Alphaproteobacteria,Rhodobacterales,Paracoccaceae,Cypionkella,NA
ASV_5779,Bacteria,Bacteroidota,Bacteroidia,Sphingobacteriales,NS11-12 marine group,NA,NA
ASV_5780,Bacteria,Planctomycetota,Planctomycetes,Planctomycetales,Schlesneriaceae,Planctopirus,NA
ASV_5781,Bacteria,Verrucomicrobiota,Verrucomicrobiia,Pedosphaerales,Pedosphaeraceae,SH3-11,NA
ASV_5782,Bacteria,Pseudomonadota,Gammaproteobacteria,Burkholderiales,Hydrogenophilaceae,NA,NA
ASV_5783,Bacteria,Planctomycetota,Planctomycetes,Isosphaerales,Isosphaeraceae,NA,NA
ASV_5784,Bacteria,Spirochaetota,Leptospirae,Leptospirales,Leptospiraceae,Turneriella,NA
ASV_5785,Bacteria,Bacteroidota,Bacteroidia,Chitinophagales,NA,NA,NA
ASV_5786,Bacteria,Sumerlaeota,Sumerlaeia,Sumerlaeales,Sumerlaeaceae,Sumerlaea,NA
ASV_5787,Bacteria,Bacillota,Bacilli,Lactobacillales,Lactobacillaceae,Ligilactobacillus,NA
ASV_5788,Bacteria,SAR324 clade(Marine group B),Incertae Sedis,Incertae Sedis,Incertae Sedis,Candidatus Nitrosoarchaeum,NA
ASV_5789,Bacteria,Pseudomonadota,Alphaproteobacteria,Sphingomonadales,Sphingomonadaceae,Novosphingobium,NA
ASV_5790,Bacteria,Pseudomonadota,Gammaproteobacteria,Burkholderiales,Comamonadaceae,NA,NA
ASV_5791,Bacteria,Pseudomonadota,Alphaproteobacteria,Defluviicoccales,NA,NA,NA
ASV_5792,Bacteria,Pseudomonadota,Gammaproteobacteria,Methylococcales,Methylococcaceae,Methyloterricola,NA
ASV_5793,Bacteria,Pseudomonadota,Gammaproteobacteria,Burkholderiales,Nitrosomonadaceae,oc32,NA
ASV_5794,Bacteria,Pseudomonadota,Gammaproteobacteria,Burkholderiales,Burkholderiaceae,Limnobacter,NA
ASV_5795,Bacteria,Verrucomicrobiota,Verrucomicrobiia,Pedosphaerales,Pedosphaeraceae,SH3-11,NA
ASV_5796,Bacteria,Bacteroidota,Bacteroidia,Chitinophagales,Chitinophagaceae,NA,NA
ASV_5797,Bacteria,Pseudomonadota,Gammaproteobacteria,Burkholderiales,Comamonadaceae,Piscinibacter,NA
ASV_5798,Bacteria,Pseudomonadota,Alphaproteobacteria,Elsterales,Elsteraceae,Lacibacterium,NA
ASV_5799,Bacteria,Pseudomonadota,Gammaproteobacteria,Pseudomonadales,Halomonadaceae,HdN1,NA
ASV_5800,Bacteria,Pseudomonadota,Gammaproteobacteria,Enterobacterales,Enterobacteriaceae,Escherichia-Shigella,NA
ASV_5801,Bacteria,Pseudomonadota,Gammaproteobacteria,Burkholderiales,Comamonadaceae,Rivibacter,NA
ASV_5802,Bacteria,Thermodesulfobacteriota,Desulfobulbia,Desulfobulbales,Desulfocapsaceae,Desulfocastanea,NA
ASV_5803,Bacteria,Pseudomonadota,Gammaproteobacteria,Burkholderiales,Rhodocyclaceae,Zoogloea,NA
ASV_5804,Bacteria,Pseudomonadota,Gammaproteobacteria,Burkholderiales,Rhodocyclaceae,NA,NA
ASV_5805,Bacteria,Pseudomonadota,Gammaproteobacteria,Burkholderiales,Rhodocyclaceae,NA,NA
ASV_5806,Bacteria,Pseudomonadota,Gammaproteobacteria,Pseudomonadales,Moraxellaceae,Permianibacter,NA
ASV_5807,Bacteria,Pseudomonadota,Gammaproteobacteria,Chromatiales,Chromatiaceae,Allochromatium,NA
ASV_5808,Bacteria,Pseudomonadota,Gammaproteobacteria,Run-SP154,NA,NA,NA
ASV_5809,Bacteria,Pseudomonadota,Gammaproteobacteria,Burkholderiales,Alcaligenaceae,NA,NA
ASV_5810,Bacteria,Pseudomonadota,Alphaproteobacteria,Rickettsiales,Midichloriaceae,Candidatus Jidaibacter,NA
ASV_5811,Bacteria,Bacteroidota,Bacteroidia,Chitinophagales,Saprospiraceae,NA,NA
ASV_5812,Bacteria,Pseudomonadota,Gammaproteobacteria,Pseudomonadales,Moraxellaceae,Acinetobacter,NA
ASV_5813,Bacteria,Bacteroidota,Bacteroidia,Bacteroidales,Prolixibacteraceae,WCHB1-32,NA
ASV_5814,Bacteria,Pseudomonadota,Gammaproteobacteria,Pseudomonadales,Porticoccaceae,C1-B045,NA
ASV_5815,Bacteria,Pseudomonadota,Gammaproteobacteria,Pseudomonadales,Halomonadaceae,HdN1,NA
ASV_5816,Bacteria,Planctomycetota,Planctomycetes,Planctomycetales,Schlesneriaceae,Schlesneria,NA
ASV_5817,Bacteria,Bacteroidota,Bacteroidia,Bacteroidales,M2PB4-65 termite group,NA,NA
ASV_5818,Bacteria,Bacillota,NA,NA,NA,NA,NA
ASV_5819,Bacteria,Bacillota,Bacilli,Izemoplasmatales,Izemoplasmataceae,NA,NA
ASV_5820,Bacteria,Pseudomonadota,Gammaproteobacteria,Burkholderiales,Methylophilaceae,MM2,NA
ASV_5821,Bacteria,Actinomycetota,Actinobacteria,Frankiales,Sporichthyaceae,hgcI clade,NA
ASV_5822,Bacteria,Bacillota,Bacilli,Erysipelotrichales,Erysipelatoclostridiaceae,UCG-004,NA
ASV_5823,Bacteria,Bacillota,Clostridia,Clostridia UCG-014,NA,NA,NA
ASV_5824,Bacteria,Bacillota,Clostridia,Clostridia vadinBB60 group,NA,NA,NA
ASV_5825,Bacteria,Patescibacteria,Dojkabacteria,NA,NA,NA,NA
ASV_5826,Bacteria,Pseudomonadota,Gammaproteobacteria,Burkholderiales,Rhodocyclaceae,Parazoarcus,NA
ASV_5827,Bacteria,Patescibacteria,Parcubacteria,Candidatus Nomurabacteria,NA,NA,NA
ASV_5828,Bacteria,Chlamydiota,Chlamydiia,Chlamydiales,Parachlamydiaceae,Neochlamydia,NA
ASV_5829,Bacteria,Pseudomonadota,Gammaproteobacteria,Burkholderiales,Nitrosomonadaceae,oc32,NA
ASV_5830,Bacteria,Pseudomonadota,Gammaproteobacteria,NA,NA,NA,NA
ASV_5831,Bacteria,Pseudomonadota,Gammaproteobacteria,Burkholderiales,Rhodocyclaceae,Thauera,NA
ASV_5832,Bacteria,Bacteroidota,Bacteroidia,Chitinophagales,Chitinophagaceae,Dinghuibacter,NA
ASV_5833,Bacteria,Spirochaetota,Spirochaetia,Spirochaetales,Spirochaetaceae,Rectinema,NA
ASV_5834,Bacteria,Fusobacteriota,Fusobacteriia,Fusobacteriales,Leptotrichiaceae,Streptobacillus,NA
ASV_5835,Bacteria,Pseudomonadota,Gammaproteobacteria,Competibacterales,Competibacteraceae,Candidatus Competibacter,NA
ASV_5836,Bacteria,Patescibacteria,Parcubacteria,Candidatus Nomurabacteria,NA,NA,NA
ASV_5837,Bacteria,Actinomycetota,Actinobacteria,Frankiales,Sporichthyaceae,hgcI clade,NA
ASV_5838,Bacteria,Chloroflexota,Anaerolineae,Caldilineales,Caldilineaceae,NA,NA
ASV_5839,Bacteria,Pseudomonadota,Gammaproteobacteria,Burkholderiales,Comamonadaceae,NA,NA
ASV_5840,Bacteria,Pseudomonadota,Gammaproteobacteria,Burkholderiales,Comamonadaceae,Piscinibacter,NA
ASV_5841,Bacteria,Pseudomonadota,Gammaproteobacteria,Ga0077536,NA,NA,NA
ASV_5842,Bacteria,Bdellovibrionota,Bacteriovoracia,Bacteriovoracales,Bacteriovoracaceae,Bacteriovorax,NA
ASV_5843,Bacteria,Acidobacteriota,Holophagae,Holophagales,Holophagaceae,Holophaga,NA
ASV_5844,Bacteria,Pseudomonadota,Gammaproteobacteria,Burkholderiales,Methylophilaceae,NA,NA
ASV_5845,Bacteria,Pseudomonadota,Alphaproteobacteria,Caulobacterales,Hyphomonadaceae,Hyphomonas,NA
ASV_5846,Bacteria,Pseudomonadota,Gammaproteobacteria,Burkholderiales,Rhodocyclaceae,Dechloromonas,NA
ASV_5847,Bacteria,Pseudomonadota,Gammaproteobacteria,Enterobacterales,Alteromonadaceae,Rheinheimera,NA
ASV_5848,Bacteria,Pseudomonadota,Gammaproteobacteria,Burkholderiales,Hydrogenophilaceae,NA,NA
ASV_5849,Bacteria,Bacteroidota,Bacteroidia,NA,NA,NA,NA
ASV_5850,Bacteria,Pseudomonadota,Gammaproteobacteria,Lysobacterales,Lysobacteraceae,Arenimonas,NA
ASV_5851,Bacteria,Bacteroidota,Bacteroidia,Sphingobacteriales,NS11-12 marine group,NA,NA
ASV_5852,Bacteria,Pseudomonadota,Gammaproteobacteria,Pseudomonadales,Moraxellaceae,NA,NA
ASV_5853,Bacteria,Pseudomonadota,Gammaproteobacteria,Burkholderiales,Hydrogenophilaceae,NA,NA
ASV_5854,Bacteria,Pseudomonadota,Gammaproteobacteria,Burkholderiales,Hydrogenophilaceae,NA,NA
ASV_5855,Bacteria,Actinomycetota,Actinobacteria,Frankiales,Sporichthyaceae,hgcI clade,NA
ASV_5856,Bacteria,Planctomycetota,Planctomycetes,Pirellulales,Pirellulaceae,NA,NA
ASV_5857,Bacteria,Planctomycetota,Planctomycetes,Planctomycetales,Schlesneriaceae,Planctopirus,NA
ASV_5858,Bacteria,Pseudomonadota,Gammaproteobacteria,Salinisphaerales,Nevskiaceae,Panacagrimonas,NA
ASV_5859,Bacteria,Pseudomonadota,Gammaproteobacteria,Run-SP154,NA,NA,NA
ASV_5860,Bacteria,Bacteroidota,Bacteroidia,Bacteroidales,Paludibacteraceae,Paludibacter,NA
ASV_5861,Bacteria,Pseudomonadota,Gammaproteobacteria,Legionellales,Legionellaceae,Legionella,NA
ASV_5862,Bacteria,Actinomycetota,Actinobacteria,Frankiales,Sporichthyaceae,hgcI clade,NA
ASV_5863,Bacteria,Pseudomonadota,Gammaproteobacteria,Enterobacterales,Shewanellaceae,Shewanella,NA
ASV_5864,Bacteria,Bacteroidota,Bacteroidia,Sphingobacteriales,NS11-12 marine group,NA,NA
ASV_5865,Bacteria,Pseudomonadota,Alphaproteobacteria,Hyphomicrobiales,Xanthobacteraceae,Ancylobacter,polymorphus
ASV_5866,Bacteria,Pseudomonadota,Gammaproteobacteria,Salinisphaerales,Nevskiaceae,NA,NA
ASV_5867,Bacteria,Pseudomonadota,Gammaproteobacteria,Burkholderiales,Hydrogenophilaceae,Thiobacillus,NA
ASV_5868,Bacteria,Verrucomicrobiota,Lentisphaeria,Oligosphaerales,Lenti-02,NA,NA
ASV_5869,Bacteria,Pseudomonadota,Gammaproteobacteria,Chromatiales,Chromatiaceae,Thiohalocapsa,marina
ASV_5870,Bacteria,Patescibacteria,Dojkabacteria,NA,NA,NA,NA
ASV_5871,Bacteria,Bacteroidota,Bacteroidia,Cytophagales,Spirosomataceae,Sandaracinomonas,NA
ASV_5872,Bacteria,Thermodesulfobacteriota,Desulfovibrionia,Desulfovibrionales,Desulfovibrionaceae,Humidesulfovibrio,NA
ASV_5873,Bacteria,Verrucomicrobiota,Verrucomicrobiia,Pedosphaerales,Pedosphaeraceae,SH3-11,NA
ASV_5874,Bacteria,Pseudomonadota,Gammaproteobacteria,Burkholderiales,Rhodocyclaceae,Thauera,phenylacetica
ASV_5875,Bacteria,Verrucomicrobiota,Kiritimatiellia,WCHB1-41,NA,NA,NA
ASV_5876,Bacteria,Bacillota,Clostridia,Christensenellales,Christensenellaceae,NA,NA
ASV_5877,Bacteria,Pseudomonadota,Gammaproteobacteria,Competibacterales,Competibacteraceae,Plasticicumulans,NA
ASV_5878,Bacteria,Actinomycetota,Actinobacteria,Frankiales,Sporichthyaceae,hgcI clade,NA
ASV_5879,Bacteria,Planctomycetota,Planctomycetes,Pirellulales,Pirellulaceae,Candidatus Anammoximicrobium,NA
ASV_5880,Bacteria,Pseudomonadota,Gammaproteobacteria,Enterobacterales,Alteromonadaceae,Rheinheimera,NA
ASV_5881,Bacteria,Pseudomonadota,Gammaproteobacteria,Pseudomonadales,Moraxellaceae,NA,NA
ASV_5882,Bacteria,Patescibacteria,Saccharimonadia,Saccharimonadales,NA,NA,NA
ASV_5883,Bacteria,Bacteroidota,Bacteroidia,Sphingobacteriales,Sphingobacteriaceae,Daejeonella,NA
ASV_5884,Bacteria,Patescibacteria,Parcubacteria,Candidatus Kaiserbacteria,NA,NA,NA
ASV_5885,Bacteria,Pseudomonadota,Alphaproteobacteria,NA,NA,NA,NA
ASV_5886,Bacteria,Bacteroidota,Bacteroidia,Chitinophagales,Chitinophagaceae,Lacibacter,NA
ASV_5887,Bacteria,Pseudomonadota,Alphaproteobacteria,Rhodospirillales,Rhodospirillaceae,Novispirillum,NA
ASV_5888,Bacteria,Pseudomonadota,Gammaproteobacteria,Burkholderiales,Comamonadaceae,Ideonella,NA
ASV_5889,Bacteria,Actinomycetota,Actinobacteria,PeM15,NA,NA,NA
ASV_5890,Bacteria,Margulisbacteria,NA,NA,NA,NA,NA
ASV_5891,Bacteria,Pseudomonadota,Gammaproteobacteria,CCM19a,NA,NA,NA
ASV_5892,Bacteria,Verrucomicrobiota,Verrucomicrobiia,Opitutales,Opitutaceae,Oleiharenicola,NA
ASV_5893,Bacteria,Pseudomonadota,Alphaproteobacteria,Paracaedibacterales,Paracaedibacteraceae,NA,NA
ASV_5894,Bacteria,Pseudomonadota,Gammaproteobacteria,Burkholderiales,Burkholderiaceae,NA,NA
ASV_5895,Bacteria,Candidatus Kapabacteria,Kapabacteria,Kapabacteriales,NA,NA,NA
ASV_5896,Bacteria,Bacillota,Bacilli,Lactobacillales,Enterococcaceae,Enterococcus,lemanii
ASV_5897,Bacteria,Bacillota,Negativicutes,Veillonellales-Selenomonadales,Selenomonadaceae,Megamonas,funiformis
ASV_5898,Bacteria,Bacteroidota,Bacteroidia,Bacteroidales,Rikenellaceae,NA,NA
ASV_5899,Bacteria,Bdellovibrionota,Bacteriovoracia,Bacteriovoracales,Bacteriovoracaceae,Bacteriovorax,NA
ASV_5900,Bacteria,NA,NA,NA,NA,NA,NA
ASV_5901,Bacteria,Pseudomonadota,Gammaproteobacteria,Burkholderiales,Rhodocyclaceae,Dechlorobacter,NA
ASV_5902,Bacteria,Bacteroidota,Bacteroidia,Chitinophagales,Chitinophagaceae,NA,NA
ASV_5903,Bacteria,Patescibacteria,Parcubacteria,Candidatus Nomurabacteria,NA,NA,NA
ASV_5904,Bacteria,Acidobacteriota,Holophagae,Holophagales,Holophagaceae,Holophaga,NA
ASV_5905,Bacteria,Pseudomonadota,Gammaproteobacteria,Burkholderiales,Alcaligenaceae,Saccharedens,NA
ASV_5906,Bacteria,Bacteroidota,Bacteroidia,Sphingobacteriales,NS11-12 marine group,NA,NA
ASV_5907,Bacteria,Pseudomonadota,Gammaproteobacteria,R7C24,NA,NA,NA
ASV_5908,Bacteria,Pseudomonadota,Gammaproteobacteria,Methylococcales,Methylomonadaceae,Methylomicrobium,NA
ASV_5909,Bacteria,Ignavibacteriota,Ignavibacteria,Ignavibacteriales,Ignavibacteriaceae,Ignavibacterium,NA
ASV_5910,Bacteria,Pseudomonadota,Alphaproteobacteria,Paracaedibacterales,Paracaedibacteraceae,Candidatus Paracaedibacter,NA
ASV_5911,Bacteria,Thermodesulfobacteriota,Desulfobulbia,Desulfobulbales,Desulfobulbaceae,Desulfobulbus,NA
ASV_5912,Bacteria,Pseudomonadota,Gammaproteobacteria,Burkholderiales,Rhodocyclaceae,Thauera,NA
ASV_5913,Bacteria,Bacteroidota,Bacteroidia,Flavobacteriales,NS9 marine group,NA,NA
ASV_5914,Bacteria,Pseudomonadota,Gammaproteobacteria,R7C24,NA,NA,NA
ASV_5915,Bacteria,Pseudomonadota,Alphaproteobacteria,Elsterales,Elsteraceae,Lacibacterium,NA
ASV_5916,Bacteria,Pseudomonadota,Gammaproteobacteria,Burkholderiales,Alcaligenaceae,Candidimonas,NA
ASV_5917,Bacteria,Planctomycetota,Planctomycetes,Pirellulales,Pirellulaceae,NA,NA
ASV_5918,Bacteria,Pseudomonadota,Gammaproteobacteria,Pseudomonadales,Moraxellaceae,Acinetobacter,NA
ASV_5919,Bacteria,Pseudomonadota,Gammaproteobacteria,Burkholderiales,Hydrogenophilaceae,NA,NA
ASV_5920,Bacteria,Pseudomonadota,Alphaproteobacteria,Paracaedibacterales,Paracaedibacteraceae,Candidatus Paracaedibacter,NA
ASV_5921,Bacteria,Bacteroidota,Bacteroidia,Bacteroidales,Bacteroidaceae,Bacteroides,graminisolvens
ASV_5922,Bacteria,Bacillota,Bacilli,Erysipelotrichales,Erysipelatoclostridiaceae,UCG-004,NA
ASV_5923,Bacteria,Planctomycetota,Planctomycetes,Isosphaerales,Isosphaeraceae,NA,NA
ASV_5924,Bacteria,Planctomycetota,Planctomycetes,Pirellulales,Pirellulaceae,Candidatus Anammoximicrobium,NA
ASV_5925,Bacteria,Verrucomicrobiota,Kiritimatiellia,WCHB1-41,NA,NA,NA
ASV_5926,Bacteria,Pseudomonadota,Alphaproteobacteria,Caulobacterales,Caulobacteraceae,Phenylobacterium,NA
ASV_5927,Bacteria,Bacillota,Bacilli,Acholeplasmatales,Acholeplasmataceae,NA,NA
ASV_5928,Bacteria,Chlamydiota,Chlamydiia,Chlamydiales,Parachlamydiaceae,Neochlamydia,NA
ASV_5929,Bacteria,Deferribacterota,Deferribacteres,Deferribacterales,Deferribacteraceae,Seleniivibrio,NA
ASV_5930,Bacteria,Bacteroidota,Bacteroidia,Bacteroidales,Tannerellaceae,Macellibacteroides,fermentans
ASV_5931,Bacteria,Cyanobacteriota,Cyanobacteriia,Cyanobacteriales,Oscillatoriaceae,Planktothricoides SR001,NA
ASV_5932,Bacteria,Bacteroidota,Bacteroidia,Bacteroidales,Rikenellaceae,Bact-08,NA
ASV_5933,Bacteria,Thermodesulfobacteriota,Desulfovibrionia,Desulfovibrionales,Desulfovibrionaceae,Solidesulfovibrio,NA
ASV_5934,Bacteria,Pseudomonadota,Gammaproteobacteria,Burkholderiales,Comamonadaceae,NA,NA
ASV_5935,Bacteria,SAR324 clade(Marine group B),Incertae Sedis,Incertae Sedis,Incertae Sedis,Candidatus Nitrosoarchaeum,NA
ASV_5936,Bacteria,Pseudomonadota,Gammaproteobacteria,Burkholderiales,Burkholderiaceae,NA,NA
ASV_5937,Bacteria,Bacteroidota,Bacteroidia,Chitinophagales,Saprospiraceae,Haliscomenobacter,NA
ASV_5938,Bacteria,Pseudomonadota,Gammaproteobacteria,Burkholderiales,Nitrosomonadaceae,Nitrosomonas,NA
ASV_5939,Bacteria,Pseudomonadota,Alphaproteobacteria,Caulobacterales,Caulobacteraceae,Phenylobacterium,conjunctum
ASV_5940,Bacteria,Dependentiae,Babeliae,Babeliales,Vermiphilaceae,NA,NA
ASV_5941,Bacteria,Actinomycetota,Acidimicrobiia,Microtrichales,Ilumatobacteraceae,CL500-29 marine group,NA
ASV_5942,Bacteria,Patescibacteria,Parcubacteria,NA,NA,NA,NA
ASV_5943,Bacteria,Bacteroidota,Bacteroidia,Sphingobacteriales,env.OPS 17,NA,NA
ASV_5944,Bacteria,Dependentiae,Babeliae,Babeliales,Vermiphilaceae,NA,NA
ASV_5945,Bacteria,Pseudomonadota,Gammaproteobacteria,Burkholderiales,Comamonadaceae,NA,NA
ASV_5946,Bacteria,Pseudomonadota,Gammaproteobacteria,Ga0077536,NA,NA,NA
ASV_5947,Bacteria,Chloroflexota,Anaerolineae,Anaerolineales,Anaerolineaceae,NA,NA
ASV_5948,Bacteria,Synergistota,Synergistia,Synergistales,Synergistaceae,Thermovirga,NA
ASV_5949,Bacteria,Pseudomonadota,Gammaproteobacteria,Chromatiales,Chromatiaceae,Allochromatium,NA
ASV_5950,Bacteria,Pseudomonadota,Alphaproteobacteria,Acetobacterales,Acetobacteraceae,Roseomonas,NA
ASV_5951,Bacteria,Myxococcota,Polyangiia,Polyangiales,Sandaracinaceae,NA,NA
ASV_5952,Bacteria,Thermodesulfobacteriota,Desulfobulbia,Desulfobulbales,Desulfobulbaceae,Desulfobulbus,NA
ASV_5953,Bacteria,Cyanobacteriota,Cyanobacteriia,Chloroplast,NA,NA,NA
ASV_5954,Bacteria,Pseudomonadota,Gammaproteobacteria,Pseudomonadales,Alcanivoracaceae,Ketobacter,NA
ASV_5955,Bacteria,Bacillota,Bacilli,Izemoplasmatales,Izemoplasmataceae,NA,NA
ASV_5956,Bacteria,Pseudomonadota,Alphaproteobacteria,Rhodobacterales,Paracoccaceae,Fuscovulum,NA
ASV_5957,Bacteria,Pseudomonadota,Alphaproteobacteria,Rickettsiales,Midichloriaceae,NA,NA
ASV_5958,Bacteria,Pseudomonadota,Gammaproteobacteria,Lysobacterales,Lysobacteraceae,Pseudoxanthomonas,mexicana
ASV_5959,Bacteria,Pseudomonadota,Gammaproteobacteria,Burkholderiales,Methylophilaceae,NA,NA
ASV_5960,Bacteria,Bacteroidota,Bacteroidia,Flavobacteriales,Crocinitomicaceae,Fluviicola,NA
ASV_5961,Bacteria,Pseudomonadota,Gammaproteobacteria,Run-SP154,NA,NA,NA
ASV_5962,Bacteria,Bacteroidota,Bacteroidia,Chitinophagales,Saprospiraceae,NA,NA
ASV_5963,Bacteria,Verrucomicrobiota,Verrucomicrobiia,Pedosphaerales,Pedosphaeraceae,SH3-11,NA
ASV_5964,Bacteria,Pseudomonadota,Gammaproteobacteria,Lysobacterales,Lysobacteraceae,Arenimonas,NA
ASV_5965,Bacteria,Planctomycetota,Planctomycetes,Pirellulales,Pirellulaceae,Pirellula,NA
ASV_5966,Bacteria,Pseudomonadota,Alphaproteobacteria,Paracaedibacterales,Paracaedibacteraceae,NA,NA
ASV_5967,Bacteria,Pseudomonadota,Alphaproteobacteria,Sphingomonadales,Sphingomonadaceae,Sphingobium,NA
ASV_5968,Bacteria,Pseudomonadota,Alphaproteobacteria,NA,NA,NA,NA
ASV_5969,Bacteria,Patescibacteria,Dojkabacteria,NA,NA,NA,NA
ASV_5970,Bacteria,Bacteroidota,Bacteroidia,Chitinophagales,Chitinophagaceae,Dinghuibacter,NA
ASV_5971,Bacteria,Verrucomicrobiota,Kiritimatiellia,WCHB1-41,NA,NA,NA
ASV_5972,Bacteria,Bacteroidota,Bacteroidia,Bacteroidales,Paludibacteraceae,Paludibacter,NA
ASV_5973,Bacteria,Thermodesulfobacteriota,Desulfobacteria,Desulfobacterales,Desulfobacteraceae,Desulfatiferula,NA
ASV_5974,Bacteria,Verrucomicrobiota,Verrucomicrobiia,Verrucomicrobiales,Verrucomicrobiaceae,Prosthecobacter,NA
ASV_5975,Bacteria,Pseudomonadota,Gammaproteobacteria,Enterobacterales,Alteromonadaceae,Rheinheimera,NA
ASV_5976,Bacteria,Verrucomicrobiota,Kiritimatiellia,WCHB1-41,NA,NA,NA
ASV_5977,Bacteria,Bacteroidota,Bacteroidia,Sphingobacteriales,NS11-12 marine group,NA,NA
ASV_5978,Bacteria,Patescibacteria,Gracilibacteria,Absconditabacteriales (SR1),NA,NA,NA
ASV_5979,Bacteria,Myxococcota,Polyangiia,Polyangiales,Sandaracinaceae,NA,NA
ASV_5980,Bacteria,Bacteroidota,Bacteroidia,Sphingobacteriales,NS11-12 marine group,NA,NA
ASV_5981,Bacteria,Bacteroidota,Bacteroidia,Chitinophagales,NA,NA,NA
ASV_5982,Bacteria,Planctomycetota,Planctomycetes,Planctomycetales,Schlesneriaceae,Planctopirus,NA
ASV_5983,Bacteria,Bacteroidota,Bacteroidia,Bacteroidetes VC2.1 Bac22,NA,NA,NA
ASV_5984,Bacteria,Planctomycetota,OM190,NA,NA,NA,NA
ASV_5985,Bacteria,Pseudomonadota,Alphaproteobacteria,Rickettsiales,Rickettsiaceae,NA,NA
ASV_5986,Bacteria,Pseudomonadota,Alphaproteobacteria,Acetobacterales,Acetobacteraceae,Roseomonas,NA
ASV_5987,Bacteria,Patescibacteria,Dojkabacteria,NA,NA,NA,NA
ASV_5988,Bacteria,Bacteroidota,Bacteroidia,Bacteroidales,Bacteroidaceae,Bacteroides,paurosaccharolyticus
ASV_5989,Bacteria,Fusobacteriota,Fusobacteriia,Fusobacteriales,Leptotrichiaceae,NA,NA
ASV_5990,Bacteria,Bacillota,Negativicutes,Veillonellales-Selenomonadales,Veillonellaceae,Dialister,invisus
ASV_5991,Bacteria,Pseudomonadota,Gammaproteobacteria,Burkholderiales,Burkholderiaceae,Limnobacter,NA
ASV_5992,Bacteria,Bdellovibrionota,Bdellovibrionia,Bdellovibrionales,Pseudobdellovibrionaceae,OM27 clade,NA
ASV_5993,Bacteria,Bacteroidota,Bacteroidia,Sphingobacteriales,Lentimicrobiaceae,Lentimicrobium,NA
ASV_5994,Bacteria,Bacteroidota,Bacteroidia,Flavobacteriales,Weeksellaceae,Cloacibacterium,normanense
ASV_5995,Bacteria,Bacteroidota,Bacteroidia,Chitinophagales,NA,NA,NA
ASV_5996,Bacteria,Gemmatimonadota,Gemmatimonadia,Gemmatimonadales,Gemmatimonadaceae,Gemmatimonas,NA
ASV_5997,Bacteria,Planctomycetota,Planctomycetes,Pirellulales,Pirellulaceae,Pirellula,NA
ASV_5998,Bacteria,Pseudomonadota,Gammaproteobacteria,Burkholderiales,Methylophilaceae,NA,NA
ASV_5999,Bacteria,Bacteroidota,Bacteroidia,Bacteroidales,Rikenellaceae,NA,NA
ASV_6000,Bacteria,Pseudomonadota,Alphaproteobacteria,NA,NA,NA,NA
ASV_6001,Bacteria,Pseudomonadota,Alphaproteobacteria,Rhodobacterales,Paracoccaceae,Fuscovulum,NA
ASV_6002,Bacteria,Pseudomonadota,Gammaproteobacteria,Salinisphaerales,Nevskiaceae,Panacagrimonas,NA
ASV_6003,Bacteria,Bacteroidota,Bacteroidia,Bacteroidales,Prolixibacteraceae,WCHB1-32,NA
ASV_6004,Bacteria,Pseudomonadota,Gammaproteobacteria,Competibacterales,Competibacteraceae,Candidatus Competibacter,NA
ASV_6005,Bacteria,Hydrogenedentes,Hydrogenedentia,Hydrogenedentiales,Hydrogenedensaceae,NA,NA
ASV_6006,Bacteria,Pseudomonadota,Gammaproteobacteria,Methylococcales,Methylomonadaceae,Methylomicrobium,NA
ASV_6007,Bacteria,Pseudomonadota,Gammaproteobacteria,Enterobacterales,Aeromonadaceae,Pseudaeromonas,sharmana
ASV_6008,Bacteria,Bacteroidota,Bacteroidia,Flavobacteriales,Crocinitomicaceae,Fluviicola,NA
ASV_6009,Bacteria,Pseudomonadota,Gammaproteobacteria,Pseudomonadales,Moraxellaceae,Acinetobacter,NA
ASV_6010,Bacteria,Chlamydiota,Chlamydiia,Chlamydiales,Parachlamydiaceae,Candidatus Metachlamydia,NA
ASV_6011,Bacteria,Bacteroidota,Bacteroidia,Chitinophagales,NA,NA,NA
ASV_6012,Bacteria,Campylobacterota,Campylobacteria,Campylobacterales,Arcobacteraceae,Arcobacter,NA
ASV_6013,Bacteria,Pseudomonadota,Alphaproteobacteria,Hyphomicrobiales,Beijerinckiaceae,Camelimonas,NA
ASV_6014,Bacteria,Pseudomonadota,Alphaproteobacteria,Caulobacterales,Caulobacteraceae,Phenylobacterium,muchangponense
ASV_6015,Bacteria,Pseudomonadota,Alphaproteobacteria,Reyranellales,Reyranellaceae,Reyranella,aquatilis
ASV_6016,Bacteria,Bacteroidota,Bacteroidia,Sphingobacteriales,NA,NA,NA
ASV_6017,Bacteria,Patescibacteria,Gracilibacteria,JGI 0000069-P22,NA,NA,NA
ASV_6018,Bacteria,Cloacimonadota,Cloacimonadia,Cloacimonadales,Cloacimonadaceae,LNR A2-18,NA
ASV_6019,Bacteria,Bdellovibrionota,Oligoflexia,053A03-B-DI-P58,NA,NA,NA
ASV_6020,Bacteria,Patescibacteria,Dojkabacteria,NA,NA,NA,NA
ASV_6021,Bacteria,Pseudomonadota,Gammaproteobacteria,Competibacterales,Competibacteraceae,Candidatus Competibacter,NA
ASV_6022,Bacteria,Bacillota,Bacilli,Acholeplasmatales,Acholeplasmataceae,Acholeplasma,NA
ASV_6023,Bacteria,Thermodesulfobacteriota,Desulfomonilia,Desulfomonilales,Desulfomonilaceae,Desulfomonile,NA
ASV_6024,Bacteria,Verrucomicrobiota,Verrucomicrobiia,Pedosphaerales,Pedosphaeraceae,DEV114,NA
ASV_6025,Bacteria,Verrucomicrobiota,Kiritimatiellia,WCHB1-41,NA,NA,NA
ASV_6026,Bacteria,Cyanobacteriota,Vampirivibrionia,Obscuribacterales,Obscuribacteraceae,Candidatus Obscuribacter,NA
ASV_6027,Bacteria,Actinomycetota,Actinobacteria,Frankiales,Sporichthyaceae,hgcI clade,NA
ASV_6028,Bacteria,Actinomycetota,Acidimicrobiia,Microtrichales,Ilumatobacteraceae,NA,NA
ASV_6029,Bacteria,Planctomycetota,OM190,NA,NA,NA,NA
ASV_6030,Bacteria,Bacteroidota,Bacteroidia,Sphingobacteriales,NS11-12 marine group,NA,NA
ASV_6031,Bacteria,Thermodesulfobacteriota,Desulfuromonadia,PB19,NA,NA,NA
ASV_6032,Bacteria,Pseudomonadota,Gammaproteobacteria,Lysobacterales,Lysobacteraceae,Arenimonas,NA
ASV_6033,Bacteria,Pseudomonadota,Gammaproteobacteria,Burkholderiales,Comamonadaceae,Hydrogenophaga,NA
ASV_6034,Bacteria,Bdellovibrionota,Bdellovibrionia,Bdellovibrionales,Pseudobdellovibrionaceae,OM27 clade,NA
ASV_6035,Bacteria,Bacteroidota,Bacteroidia,Flavobacteriales,Crocinitomicaceae,Fluviicola,NA
ASV_6036,Bacteria,Pseudomonadota,Gammaproteobacteria,NA,NA,NA,NA
ASV_6037,Bacteria,Bacteroidota,Bacteroidia,Chitinophagales,NA,NA,NA
ASV_6038,Bacteria,Margulisbacteria,NA,NA,NA,NA,NA
ASV_6039,Bacteria,Pseudomonadota,Alphaproteobacteria,Acetobacterales,Acetobacteraceae,NA,NA
ASV_6040,Bacteria,Bacillota,Bacilli,Acholeplasmatales,Acholeplasmataceae,Acholeplasma,NA
ASV_6041,Bacteria,Spirochaetota,Spirochaetia,Spirochaetales,Spirochaetaceae,Teretinema,NA
ASV_6042,Bacteria,Pseudomonadota,Gammaproteobacteria,Enterobacterales,Succinivibrionaceae,Succinivibrio,NA
ASV_6043,Bacteria,Pseudomonadota,Gammaproteobacteria,Enterobacterales,Pasteurellaceae,Aggregatibacter,NA
ASV_6044,Bacteria,Bacillota,Clostridia,Peptostreptococcales-Tissierellales,Anaerovoracaceae,[Eubacterium] brachy group,NA
ASV_6045,Bacteria,Actinomycetota,Actinobacteria,Micrococcales,Microbacteriaceae,NA,NA
ASV_6046,Bacteria,Pseudomonadota,Alphaproteobacteria,Sphingomonadales,Sphingomonadaceae,Novosphingobium,NA
ASV_6047,Bacteria,Pseudomonadota,Gammaproteobacteria,Burkholderiales,Comamonadaceae,NA,NA
ASV_6048,Bacteria,Chlamydiota,Chlamydiia,Chlamydiales,Parachlamydiaceae,Neochlamydia,NA
ASV_6049,Bacteria,Actinomycetota,Actinobacteria,Frankiales,Sporichthyaceae,NA,NA
ASV_6050,Bacteria,Pseudomonadota,Alphaproteobacteria,Sphingomonadales,Sphingomonadaceae,Sphingobium,NA
ASV_6051,Bacteria,Pseudomonadota,Gammaproteobacteria,Pseudomonadales,Spongiibacteraceae,BD1-7 clade,NA
ASV_6052,Bacteria,Pseudomonadota,Alphaproteobacteria,Caulobacterales,Hyphomonadaceae,Hyphomonas,NA
ASV_6053,Bacteria,Planctomycetota,Planctomycetes,Pirellulales,Pirellulaceae,Pirellula,NA
ASV_6054,Bacteria,Pseudomonadota,Gammaproteobacteria,Pseudomonadales,Spongiibacteraceae,BD1-7 clade,NA
ASV_6055,Bacteria,Pseudomonadota,Gammaproteobacteria,Ga0077536,NA,NA,NA
ASV_6056,Bacteria,Pseudomonadota,Alphaproteobacteria,Acetobacterales,Acetobacteraceae,Rhodovastum,NA
ASV_6057,Bacteria,Pseudomonadota,Gammaproteobacteria,Lysobacterales,Lysobacteraceae,NA,NA
ASV_6058,Bacteria,Bacteroidota,Bacteroidia,Chitinophagales,Chitinophagaceae,Sediminibacterium,NA
ASV_6059,Bacteria,Campylobacterota,Campylobacteria,Campylobacterales,NA,NA,NA
ASV_6060,Bacteria,Pseudomonadota,Gammaproteobacteria,NA,NA,NA,NA
ASV_6061,Bacteria,Bacillota,Clostridia,Peptostreptococcales-Tissierellales,Peptostreptococcaceae,Romboutsia,NA
ASV_6062,Bacteria,Planctomycetota,Planctomycetes,Pirellulales,Pirellulaceae,Pirellula,NA
ASV_6063,Bacteria,Verrucomicrobiota,Verrucomicrobiia,Pedosphaerales,Pedosphaeraceae,SH3-11,NA
ASV_6064,Bacteria,Pseudomonadota,Alphaproteobacteria,Parvibaculales,Parvibaculaceae,Parvibaculum,NA
ASV_6065,Bacteria,Pseudomonadota,Gammaproteobacteria,Methylococcales,Methylomonadaceae,Methylomonas,NA
ASV_6066,Bacteria,Pseudomonadota,Alphaproteobacteria,Hyphomicrobiales,Rhizobiaceae,Oricola,NA
ASV_6067,Bacteria,Chlamydiota,Chlamydiia,Chlamydiales,Parachlamydiaceae,Neochlamydia,NA
ASV_6068,Bacteria,Pseudomonadota,Alphaproteobacteria,Paracaedibacterales,Paracaedibacteraceae,NA,NA
ASV_6069,Bacteria,Pseudomonadota,Gammaproteobacteria,Burkholderiales,Comamonadaceae,Acidovorax,NA
ASV_6070,Bacteria,Pseudomonadota,Gammaproteobacteria,Pseudomonadales,Pseudomonadaceae,Pseudomonas,NA
ASV_6071,Bacteria,Pseudomonadota,Gammaproteobacteria,Burkholderiales,Burkholderiaceae,Limnobacter,NA
ASV_6072,Bacteria,Pseudomonadota,Gammaproteobacteria,Chromatiales,Chromatiaceae,Thiolamprovum,NA
ASV_6073,Bacteria,Spirochaetota,Leptospirae,Leptospirales,Leptospiraceae,RBG-16-49-21,NA
ASV_6074,Bacteria,Synergistota,Synergistia,Synergistales,Synergistaceae,Syner-01,NA
ASV_6075,Bacteria,Bacillota,Clostridia,Oscillospirales,Oscillospiraceae,Sporobacter,NA
ASV_6076,Bacteria,Pseudomonadota,Gammaproteobacteria,Salinisphaerales,Nevskiaceae,Fontimonas,NA
ASV_6077,Bacteria,Bacteroidota,Bacteroidia,Cytophagales,Cyclobacteriaceae,Mariniradius,NA
ASV_6078,Bacteria,Pseudomonadota,Gammaproteobacteria,Chromatiales,Chromatiaceae,Allochromatium,NA
ASV_6079,Bacteria,Pseudomonadota,Gammaproteobacteria,Burkholderiales,Hydrogenophilaceae,NA,NA
ASV_6080,Bacteria,Patescibacteria,Parcubacteria,Candidatus Nomurabacteria,NA,NA,NA
ASV_6081,Bacteria,Bacteroidota,Bacteroidia,Sphingobacteriales,Lentimicrobiaceae,Lentimicrobium,NA
ASV_6082,Bacteria,Verrucomicrobiota,Verrucomicrobiia,Pedosphaerales,Pedosphaeraceae,ADurb.Bin063-1,NA
ASV_6083,Bacteria,Pseudomonadota,Alphaproteobacteria,Caulobacterales,Caulobacteraceae,Phenylobacterium,NA
ASV_6084,Bacteria,Patescibacteria,Saccharimonadia,Saccharimonadales,NA,NA,NA
ASV_6085,Bacteria,Actinomycetota,Actinobacteria,Frankiales,Sporichthyaceae,hgcI clade,NA
ASV_6086,Bacteria,Pseudomonadota,Alphaproteobacteria,Caulobacterales,Caulobacteraceae,Phenylobacterium,NA
ASV_6087,Bacteria,Actinomycetota,Actinobacteria,Frankiales,Sporichthyaceae,NA,NA
ASV_6088,Bacteria,Bacteroidota,Bacteroidia,Chitinophagales,Saprospiraceae,NA,NA
ASV_6089,Bacteria,Planctomycetota,Planctomycetes,Isosphaerales,Isosphaeraceae,NA,NA
ASV_6090,Bacteria,Pseudomonadota,Alphaproteobacteria,Dongiales,Dongiaceae,Dongia,NA
ASV_6091,Bacteria,Pseudomonadota,Alphaproteobacteria,Kiloniellales,Fodinicurvataceae,NA,NA
ASV_6092,Bacteria,Pseudomonadota,Gammaproteobacteria,Burkholderiales,Comamonadaceae,Ramlibacter,NA
ASV_6093,Bacteria,Patescibacteria,Parcubacteria,Candidatus Kaiserbacteria,NA,NA,NA
ASV_6094,Bacteria,Bacteroidota,Bacteroidia,Chitinophagales,Saprospiraceae,Haliscomenobacter,NA
ASV_6095,Bacteria,Bacteroidota,Bacteroidia,Cytophagales,Cyclobacteriaceae,Algoriphagus,NA
ASV_6096,Bacteria,Bdellovibrionota,Oligoflexia,Silvanigrellales,Silvanigrellaceae,NA,NA
ASV_6097,Bacteria,Actinomycetota,Actinobacteria,PeM15,NA,NA,NA
ASV_6098,Bacteria,Pseudomonadota,Alphaproteobacteria,Rickettsiales,Rickettsiaceae,Candidatus Megaira,NA
ASV_6099,Bacteria,Patescibacteria,Dojkabacteria,NA,NA,NA,NA
ASV_6100,Bacteria,Chloroflexota,Anaerolineae,Anaerolineales,Anaerolineaceae,Anaerolineaceae UCG-001,NA
ASV_6101,Bacteria,Pseudomonadota,Gammaproteobacteria,Burkholderiales,Comamonadaceae,NA,NA
ASV_6102,Bacteria,Pseudomonadota,Gammaproteobacteria,Burkholderiales,Neisseriaceae,Neisseria,NA
ASV_6103,Bacteria,Pseudomonadota,Gammaproteobacteria,Burkholderiales,Rhodocyclaceae,Aromatoleum,NA
ASV_6104,Bacteria,Hydrogenedentes,Hydrogenedentia,Hydrogenedentiales,Hydrogenedensaceae,NA,NA
ASV_6105,Bacteria,Bacillota,Clostridia,Clostridiales,Clostridiaceae,Clostridium,NA
ASV_6106,Bacteria,Bacteroidota,Bacteroidia,Bacteroidales,Bacteroidetes vadinHA17,NA,NA
ASV_6107,Bacteria,Chlamydiota,Chlamydiia,Chlamydiales,NA,NA,NA
ASV_6108,Bacteria,Pseudomonadota,Gammaproteobacteria,Enterobacterales,Aeromonadaceae,Aeromonas,NA
ASV_6109,Bacteria,Thermodesulfobacteriota,Desulfovibrionia,Desulfovibrionales,Desulfomicrobiaceae,Desulfomicrobium,salsuginis
ASV_6110,Bacteria,Bacillota,Bacilli,Izemoplasmatales,Izemoplasmataceae,NA,NA
ASV_6111,Bacteria,Bacillota,Bacilli,Erysipelotrichales,Erysipelotrichaceae,Erysipelothrix,NA
ASV_6112,Bacteria,Pseudomonadota,Alphaproteobacteria,Holosporales,Holosporaceae,NA,NA
ASV_6113,Bacteria,Planctomycetota,Planctomycetes,Pirellulales,Pirellulaceae,NA,NA
ASV_6114,Bacteria,Pseudomonadota,Alphaproteobacteria,Paracaedibacterales,Paracaedibacteraceae,NA,NA
ASV_6115,Bacteria,Bacteroidota,Bacteroidia,Sphingobacteriales,Lentimicrobiaceae,Lentimicrobium,NA
ASV_6116,Bacteria,Planctomycetota,Planctomycetes,Planctomycetales,NA,NA,NA
ASV_6117,Bacteria,Pseudomonadota,Alphaproteobacteria,Rickettsiales,Midichloriaceae,Candidatus Jidaibacter,NA
ASV_6118,Bacteria,Pseudomonadota,Gammaproteobacteria,Burkholderiales,Rhodocyclaceae,Dechlorobacter,NA
ASV_6119,Bacteria,Bacillota,Clostridia,Christensenellales,Christensenellaceae,NA,NA
ASV_6120,Bacteria,Pseudomonadota,Gammaproteobacteria,Burkholderiales,Methylophilaceae,NA,NA
ASV_6121,Bacteria,Pseudomonadota,Gammaproteobacteria,Methylococcales,Methylomonadaceae,Methylomonas,NA
ASV_6122,Bacteria,Cyanobacteriota,Cyanobacteriia,Synechococcales,Cyanobiaceae,Cyanobium PCC-6307,NA
ASV_6123,Bacteria,Pseudomonadota,Alphaproteobacteria,Rhodobacterales,Paracoccaceae,Cereibacter,NA
ASV_6124,Bacteria,Chlamydiota,Chlamydiia,Chlamydiales,Parachlamydiaceae,NA,NA
ASV_6125,Bacteria,Pseudomonadota,Gammaproteobacteria,Pseudomonadales,Moraxellaceae,Perlucidibaca,NA
ASV_6126,Bacteria,Thermodesulfobacteriota,Desulfobulbia,Desulfobulbales,Desulfocapsaceae,Desulfoprunum,benzoelyticum
ASV_6127,Bacteria,Pseudomonadota,Gammaproteobacteria,Burkholderiales,Comamonadaceae,NA,NA
ASV_6128,Bacteria,Thermodesulfobacteriota,Desulfobacteria,Desulfobacterales,Desulfococcaceae,Desulfococcus,NA
ASV_6129,Bacteria,NKB15,NA,NA,NA,NA,NA
ASV_6130,Bacteria,Pseudomonadota,Gammaproteobacteria,Pseudomonadales,Porticoccaceae,C1-B045,NA
ASV_6131,Bacteria,Dependentiae,Babeliae,Babeliales,NA,NA,NA
ASV_6132,Bacteria,Pseudomonadota,Gammaproteobacteria,Salinisphaerales,Nevskiaceae,Solimonas,NA
ASV_6133,Bacteria,Verrucomicrobiota,Kiritimatiellia,WCHB1-41,NA,NA,NA
ASV_6134,Bacteria,Campylobacterota,Campylobacteria,Campylobacterales,Arcobacteraceae,Arcobacter,NA
ASV_6135,Bacteria,Bacteroidota,Bacteroidia,Chitinophagales,Chitinophagaceae,Dinghuibacter,NA
ASV_6136,Bacteria,Actinomycetota,Actinobacteria,Frankiales,Sporichthyaceae,hgcI clade,NA
ASV_6137,Bacteria,Bacillota,Bacilli,Erysipelotrichales,Erysipelatoclostridiaceae,UCG-004,NA
ASV_6138,Bacteria,Pseudomonadota,Gammaproteobacteria,Pseudomonadales,Moraxellaceae,NA,NA
ASV_6139,Bacteria,Bacillota,Clostridia,Clostridia UCG-014,NA,NA,NA
ASV_6140,Bacteria,Bacteroidota,Bacteroidia,Chitinophagales,Chitinophagaceae,Dinghuibacter,NA
ASV_6141,Bacteria,Bacillota,Clostridia,Oscillospirales,Oscillospiraceae,UCG-005,NA
ASV_6142,Bacteria,Pseudomonadota,Alphaproteobacteria,Defluviicoccales,NA,NA,NA
ASV_6143,Bacteria,Dependentiae,Babeliae,Babeliales,NA,NA,NA
ASV_6144,Bacteria,Ignavibacteriota,Ignavibacteria,Ignavibacteriales,Ignavibacteriaceae,Ignavibacterium,NA
ASV_6145,Bacteria,Bacteroidota,Bacteroidia,Bacteroidales,Prolixibacteraceae,NA,NA
ASV_6146,Bacteria,Pseudomonadota,Gammaproteobacteria,Legionellales,Legionellaceae,Legionella,NA
ASV_6147,Bacteria,Pseudomonadota,Gammaproteobacteria,NA,NA,NA,NA
ASV_6148,Bacteria,Pseudomonadota,Gammaproteobacteria,Chromatiales,Chromatiaceae,Thiolamprovum,NA
ASV_6149,Bacteria,Pseudomonadota,Gammaproteobacteria,Enterobacterales,Aeromonadaceae,Aeromonas,NA
ASV_6150,Bacteria,Pseudomonadota,Alphaproteobacteria,Hyphomicrobiales,Pleomorphomonadaceae,Oharaeibacter,NA
ASV_6151,Bacteria,Bdellovibrionota,Bdellovibrionia,Bdellovibrionales,Pseudobdellovibrionaceae,OM27 clade,NA
ASV_6152,Bacteria,Bdellovibrionota,Bdellovibrionia,Bdellovibrionales,Pseudobdellovibrionaceae,OM27 clade,NA
ASV_6153,Bacteria,Patescibacteria,ABY1,Candidatus Uhrbacteria,NA,NA,NA
ASV_6154,Bacteria,Pseudomonadota,Alphaproteobacteria,Hyphomicrobiales,Beijerinckiaceae,NA,NA
ASV_6155,Bacteria,Pseudomonadota,Gammaproteobacteria,Burkholderiales,TRA3-20,NA,NA
ASV_6156,Bacteria,Bacteroidota,Bacteroidia,Sphingobacteriales,Lentimicrobiaceae,Lentimicrobium,NA
ASV_6157,Bacteria,Campylobacterota,Campylobacteria,Campylobacterales,NA,NA,NA
ASV_6158,Bacteria,Bacillota,NA,NA,NA,NA,NA
ASV_6159,Bacteria,Actinomycetota,Actinobacteria,Micrococcales,Micrococcaceae,Rothia,NA
ASV_6160,Bacteria,Bacteroidota,Bacteroidia,Flavobacteriales,Weeksellaceae,Bergeyella,NA
ASV_6161,Bacteria,Pseudomonadota,Gammaproteobacteria,Chromatiales,Chromatiaceae,Allochromatium,NA
ASV_6162,Bacteria,Planctomycetota,Planctomycetes,Planctomycetales,Rubinisphaeraceae,SH-PL14,NA
ASV_6163,Bacteria,Chloroflexota,Anaerolineae,Anaerolineales,Anaerolineaceae,NA,NA
ASV_6164,Bacteria,Pseudomonadota,Gammaproteobacteria,Ga0077536,NA,NA,NA
ASV_6165,Bacteria,Pseudomonadota,Gammaproteobacteria,Lysobacterales,Lysobacteraceae,Pseudoxanthomonas,mexicana
ASV_6166,Bacteria,Bacteroidota,Bacteroidia,Cytophagales,Cyclobacteriaceae,Algoriphagus,NA
ASV_6167,Bacteria,Pseudomonadota,Alphaproteobacteria,Rickettsiales,Midichloriaceae,NA,NA
ASV_6168,Bacteria,Pseudomonadota,Alphaproteobacteria,Defluviicoccales,NA,NA,NA
ASV_6169,Bacteria,Bacteroidota,Bacteroidia,Sphingobacteriales,env.OPS 17,NA,NA
ASV_6170,Bacteria,Pseudomonadota,Alphaproteobacteria,Dongiales,Dongiaceae,Dongia,NA
ASV_6171,Bacteria,Thermodesulfobacteriota,Desulfobulbia,Desulfobulbales,Desulfocapsaceae,Desulfocastanea,NA
ASV_6172,Bacteria,Bacteroidota,Bacteroidia,Sphingobacteriales,Lentimicrobiaceae,Lentimicrobium,NA
ASV_6173,Bacteria,Bacillota,Bacilli,NA,NA,NA,NA
ASV_6174,Bacteria,Bacteroidota,Bacteroidia,Cytophagales,Cytophagaceae,Cytophaga,NA
ASV_6175,Bacteria,Pseudomonadota,Alphaproteobacteria,Ferrovibrionales,Ferrovibrionaceae,Ferrovibrio,NA
ASV_6176,Bacteria,Pseudomonadota,Gammaproteobacteria,Lysobacterales,Lysobacteraceae,Pseudoxanthomonas,NA
ASV_6177,Bacteria,Pseudomonadota,Gammaproteobacteria,Gammaproteobacteria Incertae Sedis,Unknown Family,Candidatus Berkiella,NA
ASV_6178,Bacteria,Pseudomonadota,Alphaproteobacteria,Rhodospirillales,Rhodospirillaceae,NA,NA
ASV_6179,Bacteria,Campylobacterota,Campylobacteria,Campylobacterales,NA,NA,NA
ASV_6180,Bacteria,Actinomycetota,Actinobacteria,Frankiales,NA,NA,NA
ASV_6181,Bacteria,Chloroflexota,Anaerolineae,Caldilineales,Caldilineaceae,NA,NA
ASV_6182,Bacteria,Pseudomonadota,Alphaproteobacteria,Sphingomonadales,Sphingomonadaceae,DSSF69,NA
ASV_6183,Bacteria,Pseudomonadota,Gammaproteobacteria,Pseudomonadales,Pseudomonadaceae,Pseudomonas,NA
ASV_6184,Bacteria,Pseudomonadota,Gammaproteobacteria,Methylococcales,Methylomonadaceae,Methylosarcina,NA
ASV_6185,Bacteria,Pseudomonadota,Alphaproteobacteria,Elsterales,Elsteraceae,Lacibacterium,NA
ASV_6186,Bacteria,Pseudomonadota,Alphaproteobacteria,Hyphomicrobiales,Rhizobiaceae,Oricola,NA
ASV_6187,Bacteria,Pseudomonadota,Alphaproteobacteria,Acetobacterales,Acetobacteraceae,NA,NA
ASV_6188,Bacteria,Pseudomonadota,Gammaproteobacteria,Ga0077536,NA,NA,NA
ASV_6189,Bacteria,Bacteroidota,Bacteroidia,Sphingobacteriales,NS11-12 marine group,NA,NA
ASV_6190,Bacteria,Bacteroidota,Bacteroidia,Bacteroidales,Paludibacteraceae,Paludibacter,NA
ASV_6191,Bacteria,Chlamydiota,Chlamydiia,Chlamydiales,Parachlamydiaceae,Neochlamydia,NA
ASV_6192,Bacteria,Ignavibacteriota,Ignavibacteria,Ignavibacteriales,Melioribacteraceae,IheB3-7,NA
ASV_6193,Bacteria,Planctomycetota,Planctomycetes,Gemmatales,Gemmataceae,Tuwongella,NA
ASV_6194,Bacteria,Actinomycetota,Actinobacteria,Propionibacteriales,Nocardioidaceae,Aeromicrobium,NA
ASV_6195,Bacteria,Pseudomonadota,Gammaproteobacteria,Competibacterales,Competibacteraceae,Candidatus Competibacter,NA
ASV_6196,Bacteria,Bacteroidota,Bacteroidia,Sphingobacteriales,Lentimicrobiaceae,NA,NA
ASV_6197,Bacteria,Planctomycetota,Planctomycetes,Pirellulales,Pirellulaceae,Candidatus Anammoximicrobium,NA
ASV_6198,Bacteria,Chlamydiota,Chlamydiia,Chlamydiales,Parachlamydiaceae,Neochlamydia,NA
ASV_6199,Bacteria,Pseudomonadota,Alphaproteobacteria,Rhodobacterales,Paracoccaceae,Cereibacter,NA
ASV_6200,Bacteria,Patescibacteria,Saccharimonadia,Saccharimonadales,NA,NA,NA
ASV_6201,Bacteria,Verrucomicrobiota,Omnitrophia,Omnitrophales,Omnitrophaceae,Candidatus Omnitrophus,NA
ASV_6202,Bacteria,Bacillota,Bacilli,Izemoplasmatales,Izemoplasmataceae,NA,NA
ASV_6203,Bacteria,Bacillota,Bacilli,Erysipelotrichales,Erysipelatoclostridiaceae,UCG-004,NA
ASV_6204,Bacteria,Bacillota,Clostridia,Peptostreptococcales-Tissierellales,Anaerovoracaceae,Anaerovorax,NA
ASV_6205,Bacteria,Pseudomonadota,Gammaproteobacteria,Burkholderiales,Alcaligenaceae,Saccharedens,NA
ASV_6206,Bacteria,Thermodesulfobacteriota,Desulfobulbia,Desulfobulbales,Desulfobulbaceae,Desulfobulbus,NA
ASV_6207,Bacteria,Bacteroidota,Bacteroidia,Bacteroidales,Prolixibacteraceae,NA,NA
ASV_6208,Bacteria,Bacillota,Bacilli,Erysipelotrichales,Erysipelatoclostridiaceae,UCG-004,NA
ASV_6209,Bacteria,Patescibacteria,Saccharimonadia,Saccharimonadales,NA,NA,NA
ASV_6210,Bacteria,Hydrogenedentes,Hydrogenedentia,Hydrogenedentiales,Hydrogenedensaceae,NA,NA
ASV_6211,Bacteria,Spirochaetota,Leptospirae,Leptospirales,Leptospiraceae,RBG-16-49-21,NA
ASV_6212,Bacteria,Patescibacteria,Dojkabacteria,NA,NA,NA,NA
ASV_6213,Bacteria,Patescibacteria,Saccharimonadia,Saccharimonadales,NA,NA,NA
ASV_6214,Bacteria,Patescibacteria,ABY1,Candidatus Magasanikbacteria,NA,NA,NA
ASV_6215,Bacteria,Pseudomonadota,Gammaproteobacteria,Burkholderiales,Comamonadaceae,Ramlibacter,NA
ASV_6216,Bacteria,Pseudomonadota,Gammaproteobacteria,Pseudomonadales,Pseudomonadaceae,Azotobacter,NA
ASV_6217,Bacteria,Pseudomonadota,Gammaproteobacteria,Enterobacterales,Alteromonadaceae,Rheinheimera,NA
ASV_6218,Bacteria,Pseudomonadota,Gammaproteobacteria,Salinisphaerales,Nevskiaceae,Panacagrimonas,NA
ASV_6219,Bacteria,Bacteroidota,Bacteroidia,Sphingobacteriales,NS11-12 marine group,NA,NA
ASV_6220,Bacteria,Pseudomonadota,Gammaproteobacteria,Burkholderiales,Nitrosomonadaceae,MND1,NA
ASV_6221,Bacteria,Actinomycetota,Actinobacteria,Frankiales,Sporichthyaceae,NA,NA
ASV_6222,Bacteria,Bacteroidota,Bacteroidia,Chitinophagales,Saprospiraceae,Lewinella,NA
ASV_6223,Bacteria,Pseudomonadota,Alphaproteobacteria,Caulobacterales,Hyphomonadaceae,Hirschia,NA
ASV_6224,Bacteria,Bacteroidota,Bacteroidia,Sphingobacteriales,NS11-12 marine group,NA,NA
ASV_6225,Bacteria,Myxococcota,Polyangiia,Polyangiales,Phaselicystaceae,Phaselicystis,NA
ASV_6226,Bacteria,Cyanobacteriota,Sericytochromatia,NA,NA,NA,NA
ASV_6227,Bacteria,Bdellovibrionota,Bdellovibrionia,Bdellovibrionales,Pseudobdellovibrionaceae,NA,NA
ASV_6228,Bacteria,Actinomycetota,Actinobacteria,Micrococcales,Microbacteriaceae,Aurantimicrobium,NA
ASV_6229,Bacteria,Pseudomonadota,Alphaproteobacteria,Rhodospirillales,Rhodospirillaceae,Novispirillum,NA
ASV_6230,Bacteria,Pseudomonadota,Gammaproteobacteria,Salinisphaerales,Nevskiaceae,NA,NA
ASV_6231,Bacteria,Pseudomonadota,Gammaproteobacteria,Burkholderiales,Comamonadaceae,Hydrogenophaga,NA
ASV_6232,Bacteria,Dependentiae,Babeliae,Babeliales,Vermiphilaceae,NA,NA
ASV_6233,Archaea,Halobacteriota,Methanomicrobia,Methanomicrobiales,Methanospirillaceae,Methanospirillum,NA
ASV_6234,Bacteria,Bacillota,Bacilli,Bacillales,Bacillaceae,Thalassobacillus,NA
ASV_6235,Bacteria,Pseudomonadota,Gammaproteobacteria,Burkholderiales,Rhodocyclaceae,NA,NA
ASV_6236,Bacteria,Pseudomonadota,Alphaproteobacteria,Sphingomonadales,Sphingomonadaceae,NA,NA
ASV_6237,Bacteria,Pseudomonadota,Alphaproteobacteria,NA,NA,NA,NA
ASV_6238,Bacteria,Actinomycetota,Actinobacteria,Frankiales,Sporichthyaceae,hgcI clade,NA
ASV_6239,Bacteria,Fibrobacterota,Fibrobacteria,Fibrobacterales,Fibrobacteraceae,NA,NA
ASV_6240,Bacteria,Pseudomonadota,Gammaproteobacteria,Salinisphaerales,Nevskiaceae,Panacagrimonas,NA
ASV_6241,Bacteria,Chlamydiota,Chlamydiia,Chlamydiales,Parachlamydiaceae,Neochlamydia,NA
ASV_6242,Bacteria,Pseudomonadota,Alphaproteobacteria,Acetobacterales,Acetobacteraceae,Roseomonas,NA
ASV_6243,Bacteria,Planctomycetota,Planctomycetes,Planctomycetales,Rubinisphaeraceae,NA,NA
ASV_6244,Bacteria,Pseudomonadota,Gammaproteobacteria,Burkholderiales,Comamonadaceae,NA,NA
ASV_6245,Bacteria,Pseudomonadota,Gammaproteobacteria,Pseudomonadales,Moraxellaceae,Cavicella,NA
ASV_6246,Bacteria,Bdellovibrionota,Bacteriovoracia,Bacteriovoracales,Bacteriovoracaceae,Peredibacter,NA
ASV_6247,Bacteria,Chlamydiota,Chlamydiia,Chlamydiales,Parachlamydiaceae,Neochlamydia,NA
ASV_6248,Bacteria,Pseudomonadota,Gammaproteobacteria,Burkholderiales,Rhodocyclaceae,Dechlorobacter,NA
ASV_6249,Bacteria,Actinomycetota,Actinobacteria,PeM15,NA,NA,NA
ASV_6250,Bacteria,Cyanobacteriota,Cyanobacteriia,Chloroplast,NA,NA,NA
ASV_6251,Bacteria,Pseudomonadota,Alphaproteobacteria,Azospirillales,Azospirillaceae,Niveispirillum,NA
ASV_6252,Bacteria,Chlamydiota,Chlamydiia,Chlamydiales,Parachlamydiaceae,Neochlamydia,NA
ASV_6253,Bacteria,Pseudomonadota,Gammaproteobacteria,Enterobacterales,Shewanellaceae,Shewanella,NA
ASV_6254,Bacteria,Pseudomonadota,Gammaproteobacteria,Burkholderiales,Hydrogenophilaceae,NA,NA
ASV_6255,Bacteria,Pseudomonadota,Alphaproteobacteria,Rhodobacterales,Paracoccaceae,Fuscovulum,NA
ASV_6256,Bacteria,Planctomycetota,Planctomycetes,Pirellulales,Pirellulaceae,Pirellula,NA
ASV_6257,Bacteria,Planctomycetota,Planctomycetes,Planctomycetales,Schlesneriaceae,Planctopirus,NA
ASV_6258,Bacteria,Bacillota,Clostridia,Peptostreptococcales-Tissierellales,Peptostreptococcaceae,Romboutsia,NA
ASV_6259,Bacteria,Pseudomonadota,Alphaproteobacteria,Paracaedibacterales,Paracaedibacteraceae,NA,NA
ASV_6260,Bacteria,Pseudomonadota,Gammaproteobacteria,Burkholderiales,Comamonadaceae,Leptothrix,NA
ASV_6261,Bacteria,Cyanobacteriota,Vampirivibrionia,Obscuribacterales,Obscuribacteraceae,Candidatus Obscuribacter,NA
ASV_6262,Bacteria,Myxococcota,Polyangiia,Nannocystales,Nannocystaceae,Nannocystis,NA
ASV_6263,Bacteria,Spirochaetota,Spirochaetia,Spirochaetales,Spirochaetaceae,Rectinema,NA
ASV_6264,Bacteria,Bacteroidota,Bacteroidia,Sphingobacteriales,NA,NA,NA
ASV_6265,Bacteria,Bacillota,Clostridia,Peptostreptococcales-Tissierellales,Anaerovoracaceae,Anaerovorax,NA
ASV_6266,Bacteria,Bdellovibrionota,Bdellovibrionia,Bdellovibrionales,Pseudobdellovibrionaceae,OM27 clade,NA
ASV_6267,Bacteria,Pseudomonadota,Alphaproteobacteria,Rickettsiales,Rickettsiaceae,NA,NA
ASV_6268,Bacteria,Bacillota,Clostridia,Oscillospirales,Ruminococcaceae,Candidatus Soleaferrea,NA
ASV_6269,Bacteria,Pseudomonadota,Gammaproteobacteria,Methylococcales,Methylococcaceae,Methyloterricola,NA
ASV_6270,Bacteria,Pseudomonadota,Gammaproteobacteria,Burkholderiales,Hydrogenophilaceae,NA,NA
ASV_6271,Bacteria,Pseudomonadota,Gammaproteobacteria,Burkholderiales,Burkholderiaceae,Limnobacter,NA
ASV_6272,Bacteria,Pseudomonadota,Gammaproteobacteria,Burkholderiales,Nitrosomonadaceae,oc32,NA
ASV_6273,Bacteria,Pseudomonadota,Gammaproteobacteria,Burkholderiales,Comamonadaceae,Inhella,NA
ASV_6274,Bacteria,Bdellovibrionota,Oligoflexia,0319-6G20,NA,NA,NA
ASV_6275,Bacteria,Bacteroidota,Bacteroidia,Chitinophagales,Chitinophagaceae,Dinghuibacter,NA
ASV_6276,Bacteria,Bacteroidota,Bacteroidia,Cytophagales,Cyclobacteriaceae,Algoriphagus,NA
ASV_6277,Bacteria,Pseudomonadota,Alphaproteobacteria,Kiloniellales,Fodinicurvataceae,NA,NA
ASV_6278,Bacteria,Pseudomonadota,Gammaproteobacteria,Ga0077536,NA,NA,NA
ASV_6279,Bacteria,Actinomycetota,Actinobacteria,PeM15,NA,NA,NA
ASV_6280,Bacteria,Sumerlaeota,Sumerlaeia,Sumerlaeales,Sumerlaeaceae,Sumerlaea,NA
ASV_6281,Bacteria,Patescibacteria,ABY1,Candidatus Uhrbacteria,NA,NA,NA
ASV_6282,Bacteria,Bacteroidota,Bacteroidia,Chitinophagales,Chitinophagaceae,Sediminibacterium,NA
ASV_6283,Bacteria,Bacteroidota,Bacteroidia,Sphingobacteriales,Lentimicrobiaceae,NA,NA
ASV_6284,Bacteria,Chlamydiota,Chlamydiia,Chlamydiales,Parachlamydiaceae,Neochlamydia,NA
ASV_6285,Bacteria,Pseudomonadota,Alphaproteobacteria,NA,NA,NA,NA
ASV_6286,Bacteria,Pseudomonadota,Gammaproteobacteria,Salinisphaerales,Nevskiaceae,NA,NA
ASV_6287,Bacteria,Pseudomonadota,Gammaproteobacteria,Burkholderiales,Burkholderiaceae,Lautropia,NA
ASV_6288,Bacteria,Pseudomonadota,Gammaproteobacteria,Burkholderiales,Rhodocyclaceae,NA,NA
ASV_6289,Bacteria,Bacteroidota,Bacteroidia,Bacteroidales,Prolixibacteraceae,BSV13,NA
ASV_6290,Bacteria,Pseudomonadota,Gammaproteobacteria,Burkholderiales,Hydrogenophilaceae,NA,NA
ASV_6291,Bacteria,Pseudomonadota,Gammaproteobacteria,Burkholderiales,Alcaligenaceae,Saccharedens,NA
ASV_6292,Bacteria,Pseudomonadota,Alphaproteobacteria,Rhodobacterales,Paracoccaceae,Fuscovulum,NA
ASV_6293,Archaea,Halobacteriota,Methanosarcinia,Methanosarcinales,Methanosaetaceae,Methanothrix,NA
ASV_6294,Bacteria,Pseudomonadota,Gammaproteobacteria,Pseudomonadales,Pseudohongiellaceae,Pseudohongiella,NA
ASV_6295,Bacteria,Pseudomonadota,Alphaproteobacteria,Rickettsiales,Midichloriaceae,NA,NA
ASV_6296,Bacteria,Bacteroidota,Bacteroidia,Chitinophagales,NA,NA,NA
ASV_6297,Bacteria,Bdellovibrionota,Bdellovibrionia,Bdellovibrionales,Pseudobdellovibrionaceae,NA,NA
ASV_6298,Bacteria,Actinomycetota,Actinobacteria,Micrococcales,Microbacteriaceae,Aurantimicrobium,NA
ASV_6299,Bacteria,Bacteroidota,Bacteroidia,Cytophagales,Cyclobacteriaceae,Algoriphagus,NA
ASV_6300,Bacteria,Pseudomonadota,Gammaproteobacteria,Lysobacterales,Lysobacteraceae,Arenimonas,NA
ASV_6301,Bacteria,Planctomycetota,Planctomycetes,Planctomycetales,Schlesneriaceae,Schlesneria,NA
ASV_6302,Bacteria,Actinomycetota,Actinobacteria,Frankiales,Sporichthyaceae,hgcI clade,NA
ASV_6303,Bacteria,NA,NA,NA,NA,NA,NA
ASV_6304,Bacteria,Pseudomonadota,Alphaproteobacteria,Rickettsiales,Rickettsiaceae,NA,NA
ASV_6305,Bacteria,Chlamydiota,Chlamydiia,Chlamydiales,Parachlamydiaceae,Neochlamydia,NA
ASV_6306,Bacteria,Pseudomonadota,Alphaproteobacteria,Hyphomicrobiales,Xanthobacteraceae,Ancylobacter,NA
ASV_6307,Bacteria,Bacillota,Bacilli,Izemoplasmatales,Izemoplasmataceae,NA,NA
ASV_6308,Bacteria,Planctomycetota,Planctomycetes,Pirellulales,Pirellulaceae,Pirellula,NA
ASV_6309,Bacteria,Thermodesulfobacteriota,Desulfobulbia,Desulfobulbales,Desulfocapsaceae,Desulfocastanea,NA
ASV_6310,Bacteria,Pseudomonadota,Alphaproteobacteria,Sphingomonadales,Sphingomonadaceae,Novosphingobium,NA
ASV_6311,Bacteria,Pseudomonadota,Gammaproteobacteria,Pseudomonadales,Porticoccaceae,C1-B045,NA
ASV_6312,Bacteria,Pseudomonadota,Alphaproteobacteria,Defluviicoccales,NA,NA,NA
ASV_6313,Bacteria,Pseudomonadota,Alphaproteobacteria,Rickettsiales,Mitochondria,NA,NA
ASV_6314,Bacteria,Bacteroidota,Bacteroidia,Chitinophagales,NA,NA,NA
ASV_6315,Bacteria,Pseudomonadota,Gammaproteobacteria,Burkholderiales,Rhodocyclaceae,Zoogloea,NA
ASV_6316,Bacteria,Pseudomonadota,Gammaproteobacteria,Pseudomonadales,Moraxellaceae,Acinetobacter,NA
ASV_6317,Bacteria,Pseudomonadota,Gammaproteobacteria,Burkholderiales,Alcaligenaceae,Castellaniella,NA
ASV_6318,Bacteria,Pseudomonadota,Gammaproteobacteria,Salinisphaerales,Nevskiaceae,Hydrocarboniphaga,NA
ASV_6319,Bacteria,Pseudomonadota,Alphaproteobacteria,Dongiales,Dongiaceae,Dongia,NA
ASV_6320,Bacteria,Hydrogenedentes,Hydrogenedentia,Hydrogenedentiales,Hydrogenedensaceae,NA,NA
ASV_6321,Bacteria,Pseudomonadota,Gammaproteobacteria,Lysobacterales,Rhodanobacteraceae,Dyella,NA
ASV_6322,Bacteria,Pseudomonadota,Gammaproteobacteria,Burkholderiales,Comamonadaceae,Leptothrix,NA
ASV_6323,Bacteria,Dependentiae,Babeliae,Babeliales,NA,NA,NA
ASV_6324,Bacteria,Bacillota,Bacilli,Erysipelotrichales,Erysipelatoclostridiaceae,UCG-004,NA
ASV_6325,Bacteria,Pseudomonadota,Gammaproteobacteria,Burkholderiales,Hydrogenophilaceae,NA,NA
ASV_6326,Bacteria,Patescibacteria,Dojkabacteria,NA,NA,NA,NA
ASV_6327,Bacteria,Bacillota,Bacilli,Erysipelotrichales,Erysipelotrichaceae,Erysipelothrix,NA
ASV_6328,Bacteria,Thermodesulfobacteriota,Desulfomonilia,Desulfomonilales,Desulfomonilaceae,Desulfomonile,NA
ASV_6329,Bacteria,Chlamydiota,Chlamydiia,Chlamydiales,Parachlamydiaceae,Candidatus Rubidus,NA
ASV_6330,Bacteria,Pseudomonadota,Gammaproteobacteria,Pseudomonadales,Halomonadaceae,HdN1,NA
ASV_6331,Bacteria,Bacteroidota,Bacteroidia,Bacteroidales,Prolixibacteraceae,NA,NA
ASV_6332,Bacteria,Bacillota,Bacilli,Acholeplasmatales,Acholeplasmataceae,Acholeplasma,NA
ASV_6333,Bacteria,Dependentiae,Babeliae,Babeliales,NA,NA,NA
ASV_6334,Bacteria,Planctomycetota,Planctomycetes,Gemmatales,Gemmataceae,NA,NA
ASV_6335,Bacteria,Pseudomonadota,Alphaproteobacteria,Rickettsiales,Mitochondria,NA,NA
ASV_6336,Bacteria,Pseudomonadota,Alphaproteobacteria,Rickettsiales,Midichloriaceae,NA,NA
ASV_6337,Bacteria,Thermodesulfobacteriota,Desulfuromonadia,Bradymonadales,NA,NA,NA
ASV_6338,Bacteria,Patescibacteria,ABY1,Candidatus Uhrbacteria,NA,NA,NA
ASV_6339,Bacteria,Chlamydiota,Chlamydiia,Chlamydiales,Parachlamydiaceae,Neochlamydia,NA
ASV_6340,Bacteria,Actinomycetota,Actinobacteria,Micrococcales,Microbacteriaceae,Aurantimicrobium,NA
ASV_6341,Bacteria,Bacteroidota,Bacteroidia,Sphingobacteriales,NA,NA,NA
ASV_6342,Bacteria,Dependentiae,Babeliae,Babeliales,Vermiphilaceae,NA,NA
ASV_6343,Bacteria,Pseudomonadota,Alphaproteobacteria,Rhodospirillales,NA,NA,NA
ASV_6344,Bacteria,Pseudomonadota,Alphaproteobacteria,Hyphomicrobiales,Beijerinckiaceae,NA,NA
ASV_6345,Bacteria,Bacteroidota,Bacteroidia,Chitinophagales,Saprospiraceae,NA,NA
ASV_6346,Bacteria,Acidobacteriota,Vicinamibacteria,Vicinamibacterales,NA,NA,NA
ASV_6347,Bacteria,SAR324 clade(Marine group B),Incertae Sedis,Incertae Sedis,Incertae Sedis,Candidatus Nitrosoarchaeum,NA
ASV_6348,Bacteria,Patescibacteria,Saccharimonadia,Saccharimonadales,NA,NA,NA
ASV_6349,Bacteria,Planctomycetota,Planctomycetes,Planctomycetales,Rubinisphaeraceae,NA,NA
ASV_6350,Bacteria,Actinomycetota,Thermoleophilia,Gaiellales,NA,NA,NA
ASV_6351,Bacteria,Thermodesulfobacteriota,Desulfuromonadia,Bradymonadales,NA,NA,NA
ASV_6352,Bacteria,Pseudomonadota,Alphaproteobacteria,Sphingomonadales,Sphingomonadaceae,Erythrobacter,NA
ASV_6353,Bacteria,Fusobacteriota,Fusobacteriia,Fusobacteriales,Leptotrichiaceae,Leptotrichia,NA
ASV_6354,Bacteria,Bacteroidota,Bacteroidia,Bacteroidales,Rikenellaceae,NA,NA
ASV_6355,Bacteria,Bacillota,Desulfitobacteriia,Desulfitobacteriales,NA,NA,NA
ASV_6356,Bacteria,Bacillota,Negativicutes,Veillonellales-Selenomonadales,Veillonellaceae,Veillonella,NA
ASV_6357,Bacteria,Patescibacteria,Saccharimonadia,Saccharimonadales,Saccharimonadaceae,TM7x,NA
ASV_6358,Bacteria,Pseudomonadota,Gammaproteobacteria,Enterobacterales,Alteromonadaceae,Rheinheimera,NA
ASV_6359,Bacteria,Actinomycetota,Actinobacteria,Frankiales,Sporichthyaceae,hgcI clade,NA
ASV_6360,Bacteria,Pseudomonadota,Gammaproteobacteria,Burkholderiales,Comamonadaceae,Ramlibacter,NA
ASV_6361,Bacteria,Pseudomonadota,Alphaproteobacteria,NA,NA,NA,NA
ASV_6362,Bacteria,Pseudomonadota,Alphaproteobacteria,Hyphomicrobiales,Xanthobacteraceae,Ancylobacter,polymorphus
ASV_6363,Bacteria,Pseudomonadota,Gammaproteobacteria,NA,NA,NA,NA
ASV_6364,Bacteria,Cyanobacteriota,Cyanobacteriia,Cyanobacteriales,Oscillatoriaceae,Planktothricoides SR001,raciborskii
ASV_6365,Bacteria,Bdellovibrionota,Bacteriovoracia,Bacteriovoracales,Bacteriovoracaceae,Peredibacter,NA
ASV_6366,Bacteria,Chlamydiota,Chlamydiia,Chlamydiales,Simkaniaceae,Ga0074140,NA
ASV_6367,Bacteria,Bacteroidota,Bacteroidia,Sphingobacteriales,Lentimicrobiaceae,NA,NA
ASV_6368,Bacteria,Bacteroidota,Bacteroidia,Flavobacteriales,Flavobacteriaceae,Flavobacterium,cheonhonense
ASV_6369,Bacteria,Pseudomonadota,Alphaproteobacteria,NA,NA,NA,NA
ASV_6370,Bacteria,Pseudomonadota,Gammaproteobacteria,Burkholderiales,Hydrogenophilaceae,NA,NA
ASV_6371,Bacteria,Pseudomonadota,Alphaproteobacteria,Ferrovibrionales,Ferrovibrionaceae,Ferrovibrio,NA
ASV_6372,Bacteria,Bacteroidota,Bacteroidia,Chitinophagales,Saprospiraceae,Phaeodactylibacter,NA
ASV_6373,Bacteria,Pseudomonadota,Gammaproteobacteria,Burkholderiales,Nitrosomonadaceae,oc32,NA
ASV_6374,Bacteria,Pseudomonadota,Alphaproteobacteria,Acetobacterales,Acetobacteraceae,Roseomonas,NA
ASV_6375,Bacteria,Chlamydiota,Chlamydiia,Chlamydiales,Parachlamydiaceae,NA,NA
ASV_6376,Bacteria,Patescibacteria,Parcubacteria,Candidatus Nomurabacteria,NA,NA,NA
ASV_6377,Bacteria,Pseudomonadota,Gammaproteobacteria,Burkholderiales,Comamonadaceae,Brachymonas,denitrificans
ASV_6378,Bacteria,Pseudomonadota,Gammaproteobacteria,Burkholderiales,Neisseriaceae,NA,NA
ASV_6379,Bacteria,Bacteroidota,Bacteroidia,Chitinophagales,Chitinophagaceae,NA,NA
ASV_6380,Bacteria,Hydrogenedentes,Hydrogenedentia,Hydrogenedentiales,Hydrogenedensaceae,NA,NA
ASV_6381,Bacteria,Chlamydiota,Chlamydiia,Chlamydiales,NA,NA,NA
ASV_6382,Bacteria,Pseudomonadota,Gammaproteobacteria,Lysobacterales,Lysobacteraceae,Arenimonas,NA
ASV_6383,Bacteria,Verrucomicrobiota,Verrucomicrobiia,Pedosphaerales,Pedosphaeraceae,SH3-11,NA
ASV_6384,Bacteria,Cyanobacteriota,Vampirivibrionia,Obscuribacterales,Obscuribacteraceae,Candidatus Obscuribacter,NA
ASV_6385,Bacteria,Bacteroidota,Bacteroidia,Chitinophagales,37-13,NA,NA
ASV_6386,Archaea,Halobacteriota,Methanomicrobia,Methanomicrobiales,Methanospirillaceae,Methanospirillum,NA
ASV_6387,Bacteria,Bacillota,Bacilli,Izemoplasmatales,Izemoplasmataceae,NA,NA
ASV_6388,Bacteria,Bacillota,Negativicutes,Veillonellales-Selenomonadales,Sporomusaceae,NA,NA
ASV_6389,Archaea,Halobacteriota,Methanomicrobia,Methanomicrobiales,Methanoregulaceae,Methanoregula,NA
ASV_6390,Bacteria,Actinomycetota,Actinobacteria,Frankiales,Sporichthyaceae,NA,NA
ASV_6391,Bacteria,Pseudomonadota,Alphaproteobacteria,Rhodospirillales,NA,NA,NA
ASV_6392,Bacteria,Bacteroidota,Bacteroidia,Flavobacteriales,Flavobacteriaceae,Flavobacterium,NA
ASV_6393,Bacteria,Pseudomonadota,Gammaproteobacteria,Enterobacterales,Alteromonadaceae,Rheinheimera,NA
ASV_6394,Bacteria,Pseudomonadota,Gammaproteobacteria,Salinisphaerales,Nevskiaceae,Hydrocarboniphaga,NA
ASV_6395,Bacteria,Myxococcota,Polyangiia,Polyangiales,Sandaracinaceae,NA,NA
ASV_6396,Bacteria,Pseudomonadota,Gammaproteobacteria,Competibacterales,Competibacteraceae,Plasticicumulans,NA
ASV_6397,Bacteria,Chlorobiota,Chlorobia,Chlorobiales,Chlorobiaceae,Chlorobium,NA
ASV_6398,Bacteria,Pseudomonadota,Gammaproteobacteria,Pseudomonadales,Saccharospirillaceae,Oceanobacter,NA
ASV_6399,Bacteria,Bacillota,Clostridia,Oscillospirales,Oscillospiraceae,Saccharofermentans,NA
ASV_6400,Bacteria,Synergistota,Synergistia,Synergistales,Synergistaceae,JGI-0000079-D21,NA
ASV_6401,Bacteria,Pseudomonadota,Gammaproteobacteria,Salinisphaerales,Nevskiaceae,NA,NA
ASV_6402,Bacteria,Planctomycetota,Planctomycetes,Planctomycetales,Rubinisphaeraceae,NA,NA
ASV_6403,Bacteria,Acidobacteriota,Vicinamibacteria,Vicinamibacterales,NA,NA,NA
ASV_6404,Bacteria,Pseudomonadota,Gammaproteobacteria,Burkholderiales,Comamonadaceae,Ramlibacter,NA
ASV_6405,Bacteria,Pseudomonadota,Gammaproteobacteria,Lysobacterales,Lysobacteraceae,Arenimonas,NA
ASV_6406,Bacteria,Patescibacteria,Parcubacteria,NA,NA,NA,NA
ASV_6407,Bacteria,Bdellovibrionota,Bdellovibrionia,Bdellovibrionales,Pseudobdellovibrionaceae,OM27 clade,NA
ASV_6408,Bacteria,Pseudomonadota,Alphaproteobacteria,Rhodobacterales,Paracoccaceae,Tabrizicola,NA
ASV_6409,Bacteria,Bacteroidota,Bacteroidia,Bacteroidales,Prolixibacteraceae,Roseimarinus,NA
ASV_6410,Bacteria,Verrucomicrobiota,Verrucomicrobiia,Pedosphaerales,Pedosphaeraceae,RS25G,NA
ASV_6411,Bacteria,Chlamydiota,Chlamydiia,Chlamydiales,Parachlamydiaceae,Neochlamydia,NA
ASV_6412,Bacteria,Pseudomonadota,Gammaproteobacteria,Burkholderiales,Methylophilaceae,NA,NA
ASV_6413,Bacteria,Pseudomonadota,Alphaproteobacteria,Rhodospirillales,Rhodospirillaceae,Novispirillum,NA
ASV_6414,Bacteria,Pseudomonadota,Gammaproteobacteria,Burkholderiales,NA,NA,NA
ASV_6415,Bacteria,Bacteroidota,Bacteroidia,Sphingobacteriales,NS11-12 marine group,NA,NA
ASV_6416,Bacteria,Thermodesulfobacteriota,Desulfuromonadia,Bradymonadales,NA,NA,NA
ASV_6417,Bacteria,Pseudomonadota,Gammaproteobacteria,Enterobacterales,Yersiniaceae,Serratia,NA
ASV_6418,Bacteria,Thermodesulfobacteriota,Syntrophia,Syntrophales,Smithellaceae,Smithella,NA
ASV_6419,Bacteria,Patescibacteria,Saccharimonadia,Saccharimonadales,Saccharimonadaceae,TM7x,NA
ASV_6420,Bacteria,Actinomycetota,Actinobacteria,Micrococcales,Microbacteriaceae,Aurantimicrobium,NA
ASV_6421,Bacteria,Bacteroidota,Bacteroidia,Chitinophagales,NA,NA,NA
ASV_6422,Bacteria,Pseudomonadota,Gammaproteobacteria,Chromatiales,Chromatiaceae,NA,NA
ASV_6423,Bacteria,Pseudomonadota,Alphaproteobacteria,Micavibrionales,Micavibrionaceae,Micavibrio,aeruginosavorus
ASV_6424,Bacteria,Pseudomonadota,Alphaproteobacteria,Holosporales,Holosporaceae,NA,NA
ASV_6425,Bacteria,Pseudomonadota,Gammaproteobacteria,Pseudomonadales,Moraxellaceae,NA,NA
ASV_6426,Bacteria,Bacteroidota,Bacteroidia,Sphingobacteriales,NS11-12 marine group,NA,NA
ASV_6427,Bacteria,Planctomycetota,Planctomycetes,Isosphaerales,Isosphaeraceae,NA,NA
ASV_6428,Bacteria,Pseudomonadota,Alphaproteobacteria,Paracaedibacterales,Paracaedibacteraceae,NA,NA
ASV_6429,Bacteria,Pseudomonadota,Gammaproteobacteria,Pseudomonadales,Moraxellaceae,NA,NA
ASV_6430,Bacteria,Bdellovibrionota,Bdellovibrionia,Bdellovibrionales,Pseudobdellovibrionaceae,OM27 clade,NA
ASV_6431,Bacteria,Pseudomonadota,Gammaproteobacteria,Lysobacterales,Lysobacteraceae,Arenimonas,NA
ASV_6432,Bacteria,Bacteroidota,Bacteroidia,Sphingobacteriales,NS11-12 marine group,NA,NA
ASV_6433,Bacteria,Planctomycetota,Planctomycetes,Isosphaerales,Isosphaeraceae,NA,NA
ASV_6434,Bacteria,Bdellovibrionota,Bacteriovoracia,Bacteriovoracales,Bacteriovoracaceae,Peredibacter,NA
ASV_6435,Bacteria,Verrucomicrobiota,Verrucomicrobiia,Pedosphaerales,Pedosphaeraceae,ADurb.Bin063-1,NA
ASV_6436,Bacteria,Bacteroidota,Bacteroidia,Sphingobacteriales,Lentimicrobiaceae,Lentimicrobium,NA
ASV_6437,Bacteria,Bacillota,Bacilli,Izemoplasmatales,Izemoplasmataceae,NA,NA
ASV_6438,Bacteria,Pseudomonadota,Gammaproteobacteria,Enterobacterales,Alteromonadaceae,Rheinheimera,NA
ASV_6439,Bacteria,Pseudomonadota,Gammaproteobacteria,Methylococcales,Methylomonadaceae,Methylomonas,NA
ASV_6440,Bacteria,Bacteroidota,Bacteroidia,Bacteroidales,Paludibacteraceae,Paludibacter,NA
ASV_6441,Bacteria,Bacteroidota,Bacteroidia,Bacteroidales,Paludibacteraceae,Paludibacter,NA
ASV_6442,Bacteria,Thermodesulfobacteriota,Desulfobacteria,Desulfobacterales,Desulfococcaceae,NA,NA
ASV_6443,Bacteria,Pseudomonadota,Alphaproteobacteria,Sphingomonadales,Sphingomonadaceae,Sphingobium,NA
ASV_6444,Bacteria,Pseudomonadota,Gammaproteobacteria,Burkholderiales,Burkholderiaceae,Lautropia,NA
ASV_6445,Bacteria,Pseudomonadota,Gammaproteobacteria,Lysobacterales,Lysobacteraceae,Lysobacter,brunescens
ASV_6446,Bacteria,Pseudomonadota,Gammaproteobacteria,Burkholderiales,Rhodocyclaceae,Dechlorobacter,NA
ASV_6447,Bacteria,Bacteroidota,Bacteroidia,Bacteroidales,Prolixibacteraceae,WCHB1-32,NA
ASV_6448,Bacteria,Pseudomonadota,Gammaproteobacteria,Burkholderiales,Methylophilaceae,NA,NA
ASV_6449,Bacteria,Planctomycetota,Planctomycetes,Planctomycetales,Schlesneriaceae,Schlesneria,NA
ASV_6450,Bacteria,Chlorobiota,Chlorobia,Chlorobiales,Chlorobiaceae,Chlorobaculum,NA
ASV_6451,Bacteria,Actinomycetota,Acidimicrobiia,Microtrichales,Ilumatobacteraceae,CL500-29 marine group,NA
ASV_6452,Bacteria,Bacillota,Clostridia,Christensenellales,Christensenellaceae,NA,NA
ASV_6453,Bacteria,Pseudomonadota,Gammaproteobacteria,Burkholderiales,Methylophilaceae,Methylophilus,NA
ASV_6454,Bacteria,Bacillota,Bacilli,Izemoplasmatales,Izemoplasmataceae,NA,NA
ASV_6455,Bacteria,Verrucomicrobiota,Verrucomicrobiia,Pedosphaerales,Pedosphaeraceae,ADurb.Bin063-1,NA
ASV_6456,Bacteria,Bacillota,Bacilli,Acholeplasmatales,Acholeplasmataceae,Acholeplasma,NA
ASV_6457,Bacteria,Bacillota,Bacilli,Lactobacillales,Streptococcaceae,Streptococcus,NA
ASV_6458,Bacteria,Planctomycetota,Planctomycetes,Isosphaerales,Isosphaeraceae,NA,NA
ASV_6459,Bacteria,Thermodesulfobacteriota,Desulfobacteria,Desulfobacterales,NA,NA,NA
ASV_6460,Bacteria,Actinomycetota,Acidimicrobiia,Microtrichales,Ilumatobacteraceae,CL500-29 marine group,NA
ASV_6461,Bacteria,Bdellovibrionota,Bacteriovoracia,Bacteriovoracales,Bacteriovoracaceae,Peredibacter,NA
ASV_6462,Bacteria,Bacteroidota,Bacteroidia,Bacteroidales,Tannerellaceae,Macellibacteroides,fermentans
ASV_6463,Bacteria,Verrucomicrobiota,Kiritimatiellia,WCHB1-41,NA,NA,NA
ASV_6464,Bacteria,Patescibacteria,Dojkabacteria,NA,NA,NA,NA
ASV_6465,Bacteria,Pseudomonadota,Gammaproteobacteria,Gammaproteobacteria Incertae Sedis,Unknown Family,Candidatus Ovatusbacter,NA
ASV_6466,Bacteria,Pseudomonadota,Gammaproteobacteria,Burkholderiales,Rhodocyclaceae,Aromatoleum,NA
ASV_6467,Bacteria,Campylobacterota,Campylobacteria,Campylobacterales,Arcobacteraceae,Arcobacter,NA
ASV_6468,Bacteria,Dependentiae,Babeliae,Babeliales,NA,NA,NA
ASV_6469,Bacteria,Pseudomonadota,Gammaproteobacteria,Burkholderiales,Methylophilaceae,Methylophilus,NA
ASV_6470,Bacteria,Pseudomonadota,Gammaproteobacteria,Burkholderiales,Rhodocyclaceae,Aromatoleum,NA
ASV_6471,Bacteria,Patescibacteria,Microgenomatia,Candidatus Pacebacteria,NA,NA,NA
ASV_6472,Bacteria,Pseudomonadota,Alphaproteobacteria,NA,NA,NA,NA
ASV_6473,Bacteria,Pseudomonadota,Gammaproteobacteria,NA,NA,NA,NA
ASV_6474,Bacteria,Pseudomonadota,Gammaproteobacteria,Chromatiales,Chromatiaceae,Thiocystis,NA
ASV_6475,Bacteria,Bacteroidota,Bacteroidia,Chitinophagales,Chitinophagaceae,Lacibacter,NA
ASV_6476,Bacteria,Pseudomonadota,Gammaproteobacteria,Salinisphaerales,Nevskiaceae,NA,NA
ASV_6477,Bacteria,Pseudomonadota,Gammaproteobacteria,Pseudomonadales,Pseudomonadaceae,Pseudomonas,NA
ASV_6478,Bacteria,Bacteroidota,Bacteroidia,Chitinophagales,Chitinophagaceae,Terrimonas,NA
ASV_6479,Bacteria,Bacteroidota,Bacteroidia,Flavobacteriales,Flavobacteriaceae,Flavobacterium,NA
ASV_6480,Bacteria,Bacteroidota,Bacteroidia,Chitinophagales,Saprospiraceae,Lewinella,NA
ASV_6481,Bacteria,Bdellovibrionota,Oligoflexia,Oligoflexales,Oligoflexaceae,NA,NA
ASV_6482,Bacteria,Verrucomicrobiota,Verrucomicrobiia,Chthoniobacterales,Chthoniobacteraceae,LD29,NA
ASV_6483,Bacteria,Planctomycetota,Planctomycetes,Planctomycetales,Rubinisphaeraceae,NA,NA
ASV_6484,Bacteria,Verrucomicrobiota,Verrucomicrobiia,Methylacidiphilales,Methylacidiphilaceae,NA,NA
ASV_6485,Bacteria,Bdellovibrionota,Bacteriovoracia,Bacteriovoracales,Bacteriovoracaceae,Peredibacter,NA
ASV_6486,Bacteria,Pseudomonadota,Gammaproteobacteria,Pseudomonadales,NA,NA,NA
ASV_6487,Bacteria,Ignavibacteriota,Ignavibacteria,Ignavibacteriales,Ignavibacteriaceae,Ignavibacterium,NA
ASV_6488,Bacteria,Bacteroidota,Bacteroidia,Flavobacteriales,Crocinitomicaceae,Fluviicola,NA
ASV_6489,Bacteria,Pseudomonadota,Gammaproteobacteria,Coxiellales,Coxiellaceae,Coxiella,NA
ASV_6490,Bacteria,Bdellovibrionota,Oligoflexia,Oligoflexales,Oligoflexaceae,NA,NA
ASV_6491,Bacteria,Acidobacteriota,Vicinamibacteria,Vicinamibacterales,NA,NA,NA
ASV_6492,Bacteria,Planctomycetota,Planctomycetes,Planctomycetales,Rubinisphaeraceae,NA,NA
ASV_6493,Bacteria,Planctomycetota,Planctomycetes,Gemmatales,Gemmataceae,NA,NA
ASV_6494,Bacteria,Pseudomonadota,Gammaproteobacteria,Pseudomonadales,Pseudomonadaceae,Pseudomonas,NA
ASV_6495,Bacteria,Bacteroidota,Bacteroidia,Chitinophagales,Saprospiraceae,NA,NA
ASV_6496,Bacteria,Pseudomonadota,Gammaproteobacteria,Burkholderiales,Aquaspirillaceae,Laribacter,hongkongensis
ASV_6497,Bacteria,Bacteroidota,Bacteroidia,Bacteroidales,Prevotellaceae,Hoylesella,NA
ASV_6498,Bacteria,Actinomycetota,Actinobacteria,Mycobacteriales,Corynebacteriaceae,Corynebacterium,NA
ASV_6499,Bacteria,Bacteroidota,Bacteroidia,Bacteroidales,Prolixibacteraceae,NA,NA
ASV_6500,Bacteria,Pseudomonadota,Alphaproteobacteria,Sphingomonadales,Sphingomonadaceae,Rhizorhapis,NA
ASV_6501,Bacteria,Pseudomonadota,Gammaproteobacteria,Burkholderiales,Burkholderiaceae,Lautropia,NA
ASV_6502,Bacteria,Pseudomonadota,Gammaproteobacteria,Competibacterales,Competibacteraceae,Candidatus Competibacter,NA
ASV_6503,Bacteria,Actinomycetota,Actinobacteria,Mycobacteriales,Mycobacteriaceae,Mycobacterium,NA
ASV_6504,Bacteria,Bdellovibrionota,Bacteriovoracia,Bacteriovoracales,Bacteriovoracaceae,Peredibacter,NA
ASV_6505,Bacteria,Bacillota,Clostridia,Peptostreptococcales-Tissierellales,Peptostreptococcaceae,Romboutsia,NA
ASV_6506,Bacteria,Myxococcota,Polyangiia,Polyangiales,Phaselicystaceae,Phaselicystis,NA
ASV_6507,Bacteria,Pseudomonadota,Gammaproteobacteria,Methylococcales,Methylomonadaceae,Methylomonas,NA
ASV_6508,Bacteria,Pseudomonadota,Gammaproteobacteria,Pseudomonadales,Alcanivoracaceae,Ketobacter,NA
ASV_6509,Bacteria,Bacillota,Clostridia,Peptostreptococcales-Tissierellales,Peptostreptococcaceae,Paeniclostridium,NA
ASV_6510,Bacteria,Pseudomonadota,Gammaproteobacteria,Pseudomonadales,Moraxellaceae,NA,NA
ASV_6511,Bacteria,Verrucomicrobiota,Verrucomicrobiia,Verrucomicrobiales,Verrucomicrobiaceae,Prosthecobacter,NA
ASV_6512,Bacteria,Bacillota,Bacilli,Izemoplasmatales,Izemoplasmataceae,NA,NA
ASV_6513,Bacteria,Bacteroidota,Bacteroidia,Chitinophagales,NA,NA,NA
ASV_6514,Bacteria,Verrucomicrobiota,Verrucomicrobiia,Pedosphaerales,Pedosphaeraceae,SH3-11,NA
ASV_6515,Bacteria,Pseudomonadota,Alphaproteobacteria,Rickettsiales,Mitochondria,NA,NA
ASV_6516,Bacteria,Actinomycetota,Acidimicrobiia,Microtrichales,NA,NA,NA
ASV_6517,Bacteria,Pseudomonadota,Gammaproteobacteria,Pseudomonadales,Porticoccaceae,C1-B045,NA
ASV_6518,Bacteria,Thermodesulfobacteriota,Desulfuromonadia,Bradymonadales,NA,NA,NA
ASV_6519,Bacteria,Pseudomonadota,Alphaproteobacteria,Hyphomicrobiales,Xanthobacteraceae,Ancylobacter,NA
ASV_6520,Bacteria,Bacteroidota,Bacteroidia,Chitinophagales,Chitinophagaceae,Terrimonas,NA
ASV_6521,Bacteria,Planctomycetota,Planctomycetes,Pirellulales,Pirellulaceae,Pirellula,NA
ASV_6522,Bacteria,Pseudomonadota,Gammaproteobacteria,Burkholderiales,Comamonadaceae,Inhella,NA
ASV_6523,Bacteria,Pseudomonadota,Gammaproteobacteria,Burkholderiales,Rhodocyclaceae,Methyloversatilis,NA
ASV_6524,Bacteria,Bacteroidota,Bacteroidia,Flavobacteriales,Crocinitomicaceae,Fluviicola,NA
ASV_6525,Bacteria,Pseudomonadota,Gammaproteobacteria,Methylococcales,Methylococcaceae,Methyloterricola,NA
ASV_6526,Bacteria,Bacillota,Bacilli,Izemoplasmatales,Izemoplasmataceae,NA,NA
ASV_6527,Bacteria,Pseudomonadota,Gammaproteobacteria,Burkholderiales,Comamonadaceae,Ideonella,NA
ASV_6528,Bacteria,Pseudomonadota,Gammaproteobacteria,Burkholderiales,Burkholderiaceae,Lautropia,NA
ASV_6529,Bacteria,Pseudomonadota,Gammaproteobacteria,Burkholderiales,Alcaligenaceae,NA,NA
ASV_6530,Bacteria,Pseudomonadota,Gammaproteobacteria,Burkholderiales,Hydrogenophilaceae,NA,NA
ASV_6531,Bacteria,Bacteroidota,Bacteroidia,Bacteroidales,Rikenellaceae,NA,NA
ASV_6532,Bacteria,Pseudomonadota,Alphaproteobacteria,Hyphomicrobiales,Beijerinckiaceae,alphaI cluster,NA
ASV_6533,Bacteria,Pseudomonadota,Gammaproteobacteria,NA,NA,NA,NA
ASV_6534,Bacteria,Bacillota,Clostridia,Eubacteriales,Alkalibacteraceae,Alkalibacter,NA
ASV_6535,Bacteria,Pseudomonadota,Alphaproteobacteria,Parvibaculales,Parvibaculaceae,Parvibaculum,NA
ASV_6536,Bacteria,Patescibacteria,Parcubacteria,Candidatus Campbellbacteria,NA,NA,NA
ASV_6537,Bacteria,Thermodesulfobacteriota,Desulfobacteria,Desulfobacterales,Desulfosarcinaceae,NA,NA
ASV_6538,Bacteria,Bdellovibrionota,Bdellovibrionia,Bdellovibrionales,Pseudobdellovibrionaceae,OM27 clade,NA
ASV_6539,Bacteria,Bacillota,Bacilli,Erysipelotrichales,Erysipelatoclostridiaceae,UCG-004,NA
ASV_6540,Bacteria,Pseudomonadota,Gammaproteobacteria,Halothiobacillales,Halothiobacillaceae,Halothiobacillus,NA
ASV_6541,Bacteria,Actinomycetota,Actinobacteria,Micrococcales,Microbacteriaceae,NA,NA
ASV_6542,Bacteria,Verrucomicrobiota,Omnitrophia,Omnitrophales,Omnitrophaceae,Candidatus Omnitrophus,NA
ASV_6543,Bacteria,Verrucomicrobiota,Kiritimatiellia,WCHB1-41,NA,NA,NA
ASV_6544,Bacteria,Patescibacteria,Dojkabacteria,NA,NA,NA,NA
ASV_6545,Bacteria,Bacillota,Clostridia,Oscillospirales,Ethanoligenenaceae,Acetanaerobacterium,NA
ASV_6546,Bacteria,Myxococcota,Polyangiia,Polyangiales,Sandaracinaceae,NA,NA
ASV_6547,Bacteria,Pseudomonadota,Gammaproteobacteria,Burkholderiales,Comamonadaceae,Inhella,NA
ASV_6548,Bacteria,Chlamydiota,Chlamydiia,Chlamydiales,Parachlamydiaceae,Neochlamydia,NA
ASV_6549,Bacteria,Bacteroidota,Bacteroidia,Bacteroidales,Rikenellaceae,Bact-08,NA
ASV_6550,Bacteria,Bacillota,Clostridia,Clostridia vadinBB60 group,NA,NA,NA
ASV_6551,Bacteria,Actinomycetota,Actinobacteria,Frankiales,Sporichthyaceae,NA,NA
ASV_6552,Bacteria,Pseudomonadota,Gammaproteobacteria,Salinisphaerales,Nevskiaceae,Solimonas,NA
ASV_6553,Bacteria,Pseudomonadota,Alphaproteobacteria,Rhodospirillales,Rhodospirillaceae,Novispirillum,itersonii
ASV_6554,Bacteria,Campylobacterota,Campylobacteria,Campylobacterales,Sulfurospirillaceae,Sulfurospirillum,NA
ASV_6555,Bacteria,Deinococcota,Deinococci,Thermales,Thermaceae,Allomeiothermus,NA
ASV_6556,Bacteria,Hydrogenedentes,Hydrogenedentia,Hydrogenedentiales,Hydrogenedensaceae,NA,NA
ASV_6557,Bacteria,Pseudomonadota,Gammaproteobacteria,Pseudomonadales,Moraxellaceae,Permianibacter,NA
ASV_6558,Bacteria,Hydrogenedentes,Hydrogenedentia,Hydrogenedentiales,Hydrogenedensaceae,NA,NA
ASV_6559,Bacteria,Planctomycetota,Planctomycetes,Planctomycetales,Rubinisphaeraceae,NA,NA
ASV_6560,Bacteria,Planctomycetota,Planctomycetes,Planctomycetales,Schlesneriaceae,Planctopirus,NA
ASV_6561,Bacteria,Pseudomonadota,Gammaproteobacteria,Burkholderiales,Rhodocyclaceae,Thauera,NA
ASV_6562,Bacteria,Pseudomonadota,Gammaproteobacteria,Gammaproteobacteria Incertae Sedis,Unknown Family,Acidibacter,NA
ASV_6563,Bacteria,Chlamydiota,Chlamydiia,Chlamydiales,cvE6,NA,NA
ASV_6564,Bacteria,Bdellovibrionota,Oligoflexia,Oligoflexales,Oligoflexaceae,NA,NA
ASV_6565,Bacteria,Pseudomonadota,Alphaproteobacteria,Micavibrionales,NA,NA,NA
ASV_6566,Bacteria,Pseudomonadota,Alphaproteobacteria,Rickettsiales,SM2D12,NA,NA
ASV_6567,Bacteria,Pseudomonadota,Gammaproteobacteria,Salinisphaerales,Nevskiaceae,Hydrocarboniphaga,NA
ASV_6568,Bacteria,Actinomycetota,Actinobacteria,Mycobacteriales,Mycobacteriaceae,Mycobacterium,NA
ASV_6569,Bacteria,Bacteroidota,Bacteroidia,Sphingobacteriales,NS11-12 marine group,NA,NA
ASV_6570,Bacteria,Bacillota,Bacilli,Erysipelotrichales,Erysipelatoclostridiaceae,UCG-004,NA
ASV_6571,Bacteria,Pseudomonadota,Gammaproteobacteria,Pseudomonadales,Moraxellaceae,Cavicella,NA
ASV_6572,Bacteria,Cyanobacteriota,Vampirivibrionia,Obscuribacterales,Obscuribacteraceae,Candidatus Obscuribacter,NA
ASV_6573,Bacteria,Cyanobacteriota,Cyanobacteriia,Cyanobacteriales,Oscillatoriaceae,Planktothricoides SR001,NA
ASV_6574,Bacteria,Bacteroidota,Bacteroidia,Bacteroidales,Rikenellaceae,dgA-11 gut group,NA
ASV_6575,Bacteria,Bacteroidota,Bacteroidia,Bacteroidales,Dysgonomonadaceae,Proteiniphilum,NA
ASV_6576,Bacteria,Thermodesulfobacteriota,Desulfobulbia,Desulfobulbales,Desulfobulbaceae,Desulfobulbus,NA
ASV_6577,Bacteria,Bacillota,Clostridia,Peptostreptococcales-Tissierellales,Peptostreptococcaceae,Filifactor,alocis
ASV_6578,Bacteria,Bacillota,Clostridia,Clostridia vadinBB60 group,NA,NA,NA
ASV_6579,Bacteria,Pseudomonadota,Gammaproteobacteria,Burkholderiales,Rhodocyclaceae,NA,NA
ASV_6580,Bacteria,Bacillota,Bacilli,Erysipelotrichales,Erysipelotrichaceae,Erysipelothrix,NA
ASV_6581,Bacteria,Pseudomonadota,Gammaproteobacteria,Gammaproteobacteria Incertae Sedis,Unknown Family,Acidibacter,NA
ASV_6582,Bacteria,Patescibacteria,Parcubacteria,Candidatus Nomurabacteria,NA,NA,NA
ASV_6583,Bacteria,Pseudomonadota,Gammaproteobacteria,Gammaproteobacteria Incertae Sedis,Unknown Family,Acidibacter,NA
ASV_6584,Bacteria,Bacillota,Bacilli,NA,NA,NA,NA
ASV_6585,Bacteria,Bdellovibrionota,Bdellovibrionia,Bdellovibrionales,Pseudobdellovibrionaceae,OM27 clade,NA
ASV_6586,Bacteria,Chlorobiota,Chlorobia,Chlorobiales,Chlorobiaceae,Chlorobaculum,NA
ASV_6587,Bacteria,Bacteroidota,Bacteroidia,Bacteroidales,Prolixibacteraceae,NA,NA
ASV_6588,Bacteria,Pseudomonadota,Alphaproteobacteria,Rickettsiales,Mitochondria,NA,NA
ASV_6589,Bacteria,Bacteroidota,Bacteroidia,Chitinophagales,Chitinophagaceae,Rurimicrobium,NA
ASV_6590,Bacteria,Fibrobacterota,Fibrobacteria,Fibrobacterales,Fibrobacteraceae,possible genus 06,NA
ASV_6591,Bacteria,Pseudomonadota,Gammaproteobacteria,Burkholderiales,Burkholderiaceae,Lautropia,NA
ASV_6592,Bacteria,Bacteroidota,Bacteroidia,Cytophagales,Spirosomataceae,NA,NA
ASV_6593,Bacteria,Pseudomonadota,Alphaproteobacteria,Sphingomonadales,Sphingomonadaceae,DSSF69,NA
ASV_6594,Bacteria,Bacteroidota,Bacteroidia,Bacteroidetes VC2.1 Bac22,NA,NA,NA
ASV_6595,Bacteria,Pseudomonadota,Alphaproteobacteria,Paracaedibacterales,Paracaedibacteraceae,Candidatus Paracaedibacter,NA
ASV_6596,Bacteria,Bacillota,Clostridia,Christensenellales,Christensenellaceae,NA,NA
ASV_6597,Bacteria,Pseudomonadota,Alphaproteobacteria,Rickettsiales,Midichloriaceae,Candidatus Jidaibacter,NA
ASV_6598,Bacteria,Pseudomonadota,Gammaproteobacteria,Legionellales,Legionellaceae,Legionella,NA
ASV_6599,Bacteria,Pseudomonadota,Gammaproteobacteria,Pseudomonadales,Porticoccaceae,C1-B045,NA
ASV_6600,Bacteria,Pseudomonadota,Alphaproteobacteria,Hyphomicrobiales,Beijerinckiaceae,alphaI cluster,NA
ASV_6601,Bacteria,Bacteroidota,Bacteroidia,Bacteroidales,Prolixibacteraceae,NA,NA
ASV_6602,Bacteria,Pseudomonadota,Gammaproteobacteria,Pseudomonadales,Moraxellaceae,NA,NA
ASV_6603,Bacteria,Pseudomonadota,Alphaproteobacteria,NA,NA,NA,NA
ASV_6604,Bacteria,Pseudomonadota,Alphaproteobacteria,Hyphomicrobiales,Rhizobiaceae,Neorhizobium,NA
ASV_6605,Bacteria,Planctomycetota,Planctomycetes,Planctomycetales,NA,NA,NA
ASV_6606,Bacteria,Actinomycetota,Actinobacteria,Frankiales,Sporichthyaceae,hgcI clade,NA
ASV_6607,Bacteria,Dependentiae,Babeliae,Babeliales,NA,NA,NA
ASV_6608,Bacteria,Chlamydiota,Chlamydiia,Chlamydiales,Parachlamydiaceae,Candidatus Rubidus,NA
ASV_6609,Bacteria,Patescibacteria,Microgenomatia,Candidatus Pacebacteria,NA,NA,NA
ASV_6610,Bacteria,Thermodesulfobacteriota,Desulfobulbia,Desulfobulbales,Desulfobulbaceae,Desulfobulbus,propionicus
ASV_6611,Bacteria,Bacillota,Bacilli,Erysipelotrichales,Erysipelatoclostridiaceae,UCG-004,NA
ASV_6612,Bacteria,Chlamydiota,Chlamydiia,Chlamydiales,Parachlamydiaceae,Neochlamydia,NA
ASV_6613,Bacteria,Campylobacterota,Campylobacteria,Campylobacterales,Sulfurovaceae,Sulfurovum,NA
ASV_6614,Bacteria,Elusimicrobiota,Endomicrobiia,Endomicrobiales,Endomicrobiaceae,Endomicrobium,NA
ASV_6615,Bacteria,Bacteroidota,Bacteroidia,Bacteroidales,Bacteroidetes vadinHA17,NA,NA
ASV_6616,Bacteria,Bacillota,Bacilli,Acholeplasmatales,Acholeplasmataceae,Acholeplasma,NA
ASV_6617,Bacteria,Verrucomicrobiota,Verrucomicrobiia,Opitutales,Opitutaceae,Oleiharenicola,NA
ASV_6618,Bacteria,Bacillota,Clostridia,Oscillospirales,Ruminococcaceae,Candidatus Soleaferrea,NA
ASV_6619,Bacteria,Pseudomonadota,Alphaproteobacteria,Paracaedibacterales,Paracaedibacteraceae,Candidatus Paracaedibacter,NA
ASV_6620,Bacteria,Actinomycetota,Acidimicrobiia,Microtrichales,NA,NA,NA
ASV_6621,Bacteria,Bacillota,Bacilli,Erysipelotrichales,Erysipelotrichaceae,Erysipelothrix,NA
ASV_6622,Bacteria,Cyanobacteriota,Vampirivibrionia,Obscuribacterales,Obscuribacteraceae,Candidatus Obscuribacter,NA
ASV_6623,Bacteria,Pseudomonadota,Alphaproteobacteria,Acetobacterales,Acetobacteraceae,NA,NA
ASV_6624,Bacteria,Bacteroidota,Bacteroidia,Sphingobacteriales,KD3-93,NA,NA
ASV_6625,Bacteria,Planctomycetota,OM190,NA,NA,NA,NA
ASV_6626,Bacteria,Bacillota,Bacilli,Erysipelotrichales,Erysipelatoclostridiaceae,UCG-004,NA
ASV_6627,Bacteria,Pseudomonadota,Alphaproteobacteria,Rhodospirillales,NA,NA,NA
ASV_6628,Bacteria,Chloroflexota,Anaerolineae,Anaerolineales,Anaerolineaceae,NA,NA
ASV_6629,Bacteria,Gemmatimonadota,Gemmatimonadia,Gemmatimonadales,Gemmatimonadaceae,NA,NA
ASV_6630,Bacteria,Bdellovibrionota,Bacteriovoracia,Bacteriovoracales,Bacteriovoracaceae,Peredibacter,NA
ASV_6631,Bacteria,Pseudomonadota,Gammaproteobacteria,Burkholderiales,Burkholderiaceae,Lautropia,NA
ASV_6632,Bacteria,Actinomycetota,Actinobacteria,Frankiales,Sporichthyaceae,NA,NA
ASV_6633,Bacteria,Patescibacteria,Saccharimonadia,Saccharimonadales,NA,NA,NA
ASV_6634,Bacteria,Pseudomonadota,Alphaproteobacteria,Acetobacterales,Acetobacteraceae,NA,NA
ASV_6635,Bacteria,Planctomycetota,Planctomycetes,Pirellulales,Pirellulaceae,NA,NA
ASV_6636,Bacteria,Bacteroidota,Bacteroidia,Sphingobacteriales,NS11-12 marine group,NA,NA
ASV_6637,Bacteria,Pseudomonadota,Gammaproteobacteria,Burkholderiales,Comamonadaceae,Ramlibacter,NA
ASV_6638,Bacteria,Bacteroidota,Bacteroidia,Sphingobacteriales,KD3-93,NA,NA
ASV_6639,Bacteria,Gemmatimonadota,Gemmatimonadia,Gemmatimonadales,Gemmatimonadaceae,Gemmatimonas,NA
ASV_6640,Bacteria,Verrucomicrobiota,Verrucomicrobiia,Pedosphaerales,Pedosphaeraceae,Oikopleura,NA
ASV_6641,Bacteria,Bacteroidota,Bacteroidia,Bacteroidales,Paludibacteraceae,NA,NA
ASV_6642,Bacteria,Bacillota,Negativicutes,Veillonellales-Selenomonadales,Sporomusaceae,Anaeromusa-Anaeroarcus,NA
ASV_6643,Bacteria,Bacillota,Negativicutes,Veillonellales-Selenomonadales,Selenomonadaceae,NA,NA
ASV_6644,Bacteria,Verrucomicrobiota,Kiritimatiellia,WCHB1-41,NA,NA,NA
ASV_6645,Bacteria,Synergistota,Synergistia,Synergistales,Synergistaceae,JGI-0000079-D21,NA
ASV_6646,Bacteria,Pseudomonadota,Gammaproteobacteria,Enterobacterales,Alteromonadaceae,Rheinheimera,NA
ASV_6647,Bacteria,Thermodesulfobacteriota,Desulfobacteria,Desulfobacterales,Desulforegulaceae,Desulforegula,NA
ASV_6648,Bacteria,Bacillota,Bacilli,Bacillales,Bacillaceae,Peribacillus,NA
ASV_6649,Bacteria,Planctomycetota,Planctomycetes,Pirellulales,Pirellulaceae,Candidatus Anammoximicrobium,NA
ASV_6650,Bacteria,Bacillota,Bacilli,Izemoplasmatales,Izemoplasmataceae,NA,NA
ASV_6651,Bacteria,Bacteroidota,Bacteroidia,Sphingobacteriales,LiUU-11-161,NA,NA
ASV_6652,Bacteria,Gemmatimonadota,Gemmatimonadia,Gemmatimonadales,Gemmatimonadaceae,Gemmatimonas,NA
ASV_6653,Bacteria,Chlamydiota,Chlamydiia,Chlamydiales,Simkaniaceae,Ga0074140,NA
ASV_6654,Bacteria,Pseudomonadota,Alphaproteobacteria,Sphingomonadales,Sphingomonadaceae,Novosphingobium,NA
ASV_6655,Bacteria,Chlamydiota,Chlamydiia,Chlamydiales,Parachlamydiaceae,Neochlamydia,NA
ASV_6656,Bacteria,Pseudomonadota,Alphaproteobacteria,Hyphomicrobiales,Xanthobacteraceae,Xanthobacter,NA
ASV_6657,Bacteria,Pseudomonadota,Alphaproteobacteria,Rhodospirillales,Magnetospirillaceae,Magnetospirillum,NA
ASV_6658,Bacteria,Pseudomonadota,Alphaproteobacteria,Rhodospirillales,Magnetospirillaceae,Magnetospirillum,NA
ASV_6659,Bacteria,Verrucomicrobiota,Verrucomicrobiia,Pedosphaerales,Pedosphaeraceae,SH3-11,NA
ASV_6660,Bacteria,Pseudomonadota,Alphaproteobacteria,Hyphomicrobiales,Beijerinckiaceae,Psychroglaciecola,NA
ASV_6661,Bacteria,SAR324 clade(Marine group B),Incertae Sedis,Incertae Sedis,Incertae Sedis,Candidatus Nitrosoarchaeum,NA
ASV_6662,Bacteria,Pseudomonadota,Gammaproteobacteria,F9P41300-M23,NA,NA,NA
ASV_6663,Bacteria,Verrucomicrobiota,Verrucomicrobiia,Pedosphaerales,Pedosphaeraceae,ADurb.Bin063-1,NA
ASV_6664,Bacteria,Hydrogenedentes,Hydrogenedentia,Hydrogenedentiales,Hydrogenedensaceae,NA,NA
ASV_6665,Bacteria,Planctomycetota,Planctomycetes,Pirellulales,Pirellulaceae,Pirellula,NA
ASV_6666,Bacteria,Bacteroidota,Bacteroidia,Sphingobacteriales,Lentimicrobiaceae,Lentimicrobium,NA
ASV_6667,Bacteria,Bacteroidota,Bacteroidia,Chitinophagales,Chitinophagaceae,NA,NA
ASV_6668,Bacteria,Pseudomonadota,Alphaproteobacteria,Paracaedibacterales,Paracaedibacteraceae,NA,NA
ASV_6669,Bacteria,Thermodesulfobacteriota,Desulfobulbia,Desulfobulbales,Desulfobulbaceae,Desulfobulbus,NA
ASV_6670,Bacteria,Bdellovibrionota,Oligoflexia,Silvanigrellales,Silvanigrellaceae,NA,NA
ASV_6671,Bacteria,Bacteroidota,Bacteroidia,Sphingobacteriales,NS11-12 marine group,NA,NA
ASV_6672,Bacteria,Pseudomonadota,Gammaproteobacteria,Burkholderiales,Alcaligenaceae,Candidimonas,NA
ASV_6673,Bacteria,Thermodesulfobacteriota,Desulfovibrionia,Desulfovibrionales,Desulfovibrionaceae,Humidesulfovibrio,NA
ASV_6674,Bacteria,Bacillota,Clostridia,Peptostreptococcales-Tissierellales,Fusibacteraceae,Fusibacter,NA
ASV_6675,Bacteria,Bacteroidota,Bacteroidia,Bacteroidales,Rikenellaceae,DMER64,NA
ASV_6676,Bacteria,Bacteroidota,Bacteroidia,Bacteroidales,Rikenellaceae,dgA-11 gut group,NA
ASV_6677,Bacteria,Pseudomonadota,Alphaproteobacteria,Rhodospirillales,Terasakiellaceae,Marivibrio,NA
ASV_6678,Bacteria,Bacillota,Bacilli,Izemoplasmatales,Izemoplasmataceae,NA,NA
ASV_6679,Bacteria,Dependentiae,Babeliae,Babeliales,NA,NA,NA
ASV_6680,Bacteria,Bacillota,Bacilli,Erysipelotrichales,Erysipelatoclostridiaceae,NA,NA
ASV_6681,Bacteria,Bacteroidota,Bacteroidia,NA,NA,NA,NA
ASV_6682,Bacteria,Bdellovibrionota,Bacteriovoracia,Bacteriovoracales,Bacteriovoracaceae,Bacteriovorax,NA
ASV_6683,Bacteria,Pseudomonadota,Alphaproteobacteria,Hyphomicrobiales,Beijerinckiaceae,alphaI cluster,NA
ASV_6684,Bacteria,Pseudomonadota,Gammaproteobacteria,Lysobacterales,Lysobacteraceae,Arenimonas,malthae
ASV_6685,Bacteria,Planctomycetota,OM190,NA,NA,NA,NA
ASV_6686,Bacteria,Bacteroidota,Bacteroidia,Chitinophagales,Chitinophagaceae,Aurantisolimonas,NA
ASV_6687,Bacteria,Cyanobacteriota,Sericytochromatia,NA,NA,NA,NA
ASV_6688,Bacteria,Patescibacteria,Saccharimonadia,Saccharimonadales,NA,NA,NA
ASV_6689,Bacteria,Chlamydiota,Chlamydiia,Chlamydiales,Parachlamydiaceae,Neochlamydia,NA
ASV_6690,Bacteria,Verrucomicrobiota,Verrucomicrobiia,Pedosphaerales,Pedosphaeraceae,NA,NA
ASV_6691,Bacteria,Campylobacterota,Campylobacteria,Campylobacterales,Arcobacteraceae,Arcobacter,NA
ASV_6692,Bacteria,Bacteroidota,Bacteroidia,Chitinophagales,NA,NA,NA
ASV_6693,Bacteria,Bacteroidota,Bacteroidia,Sphingobacteriales,NS11-12 marine group,NA,NA
ASV_6694,Bacteria,Chloroflexota,Anaerolineae,Anaerolineales,Anaerolineaceae,NA,NA
ASV_6695,Bacteria,Bdellovibrionota,Oligoflexia,Oligoflexales,Oligoflexaceae,NA,NA
ASV_6696,Bacteria,Bdellovibrionota,Bdellovibrionia,Bdellovibrionales,Pseudobdellovibrionaceae,OM27 clade,NA
ASV_6697,Bacteria,Pseudomonadota,Alphaproteobacteria,NA,NA,NA,NA
ASV_6698,Bacteria,Bacteroidota,Bacteroidia,Flavobacteriales,Crocinitomicaceae,Fluviicola,NA
ASV_6699,Bacteria,Chlamydiota,Chlamydiia,Chlamydiales,Parachlamydiaceae,NA,NA
ASV_6700,Bacteria,Pseudomonadota,Gammaproteobacteria,Pseudomonadales,Moraxellaceae,Acinetobacter,NA
ASV_6701,Bacteria,Bacteroidota,Bacteroidia,Chitinophagales,Chitinophagaceae,Aurantisolimonas,NA
ASV_6702,Bacteria,Bacteroidota,Bacteroidia,Chitinophagales,Saprospiraceae,NA,NA
ASV_6703,Bacteria,Bdellovibrionota,Oligoflexia,Oligoflexales,Oligoflexaceae,NA,NA
ASV_6704,Bacteria,Pseudomonadota,Gammaproteobacteria,CCD24,NA,NA,NA
ASV_6705,Bacteria,Bacteroidota,Bacteroidia,Chitinophagales,Saprospiraceae,Lewinella,NA
ASV_6706,Bacteria,Actinomycetota,Acidimicrobiia,Microtrichales,NA,NA,NA
ASV_6707,Bacteria,Bacteroidota,Bacteroidia,Flavobacteriales,Flavobacteriaceae,Flavobacterium,cheonhonense
ASV_6708,Bacteria,Patescibacteria,Saccharimonadia,Saccharimonadales,Saccharimonadaceae,TM7a,NA
ASV_6709,Bacteria,Pseudomonadota,Gammaproteobacteria,Burkholderiales,Alcaligenaceae,Achromobacter,NA
ASV_6710,Bacteria,Bacillota,Negativicutes,Veillonellales-Selenomonadales,Veillonellaceae,Dialister,NA
ASV_6711,Bacteria,Bacteroidota,Bacteroidia,Bacteroidales,Prevotellaceae,Xylanibacter,NA
ASV_6712,Bacteria,Bacillota,Clostridia,Lachnospirales,Lachnospiraceae,Johnsonella,NA
ASV_6713,Bacteria,Pseudomonadota,Gammaproteobacteria,Cardiobacteriales,Cardiobacteriaceae,Cardiobacterium,NA
ASV_6714,Bacteria,Pseudomonadota,Gammaproteobacteria,Methylococcales,Methylomonadaceae,Methylomonas,NA
ASV_6715,Bacteria,Pseudomonadota,Gammaproteobacteria,Burkholderiales,Hydrogenophilaceae,NA,NA
ASV_6716,Bacteria,Thermodesulfobacteriota,Desulfomonilia,Desulfomonilales,Desulfomonilaceae,Desulfomonile,NA
ASV_6717,Bacteria,Bacillota,Clostridia,Peptostreptococcales-Tissierellales,Peptostreptococcaceae,Paeniclostridium,NA
ASV_6718,Bacteria,Pseudomonadota,Gammaproteobacteria,Chromatiales,Chromatiaceae,Thiolamprovum,NA
ASV_6719,Bacteria,Pseudomonadota,Alphaproteobacteria,Sphingomonadales,Sphingomonadaceae,DSSF69,NA
ASV_6720,Bacteria,Planctomycetota,Planctomycetes,Isosphaerales,Isosphaeraceae,Aquisphaera,NA
ASV_6721,Bacteria,Pseudomonadota,Gammaproteobacteria,Ga0077536,NA,NA,NA
ASV_6722,Bacteria,Pseudomonadota,Alphaproteobacteria,Micavibrionales,NA,NA,NA
ASV_6723,Bacteria,Pseudomonadota,Gammaproteobacteria,Burkholderiales,Rhodocyclaceae,Thauera,NA
ASV_6724,Bacteria,Pseudomonadota,NA,NA,NA,NA,NA
ASV_6725,Bacteria,Bdellovibrionota,Bacteriovoracia,Bacteriovoracales,Bacteriovoracaceae,Peredibacter,NA
ASV_6726,Bacteria,Pseudomonadota,Gammaproteobacteria,Lysobacterales,Lysobacteraceae,NA,NA
ASV_6727,Bacteria,Candidatus Kapabacteria,Kapabacteria,Kapabacteriales,NA,NA,NA
ASV_6728,Bacteria,Pseudomonadota,Gammaproteobacteria,Gammaproteobacteria Incertae Sedis,Unknown Family,Candidatus Berkiella,NA
ASV_6729,Bacteria,Pseudomonadota,Alphaproteobacteria,Sphingomonadales,Sphingomonadaceae,Sphingoaurantiacus,NA
ASV_6730,Bacteria,Pseudomonadota,Alphaproteobacteria,Acetobacterales,Acetobacteraceae,Roseomonas,NA
ASV_6731,Bacteria,Planctomycetota,OM190,NA,NA,NA,NA
ASV_6732,Bacteria,Pseudomonadota,Alphaproteobacteria,Defluviicoccales,NA,NA,NA
ASV_6733,Bacteria,Bacteroidota,Bacteroidia,Chitinophagales,NA,NA,NA
ASV_6734,Bacteria,Chlamydiota,Chlamydiia,Chlamydiales,Simkaniaceae,NA,NA
ASV_6735,Bacteria,Bacteroidota,Bacteroidia,Flavobacteriales,Flavobacteriaceae,Flavobacterium,NA
ASV_6736,Bacteria,Bacteroidota,Bacteroidia,Flavobacteriales,Cryomorphaceae,Vicingus,NA
ASV_6737,Bacteria,Bacteroidota,Bacteroidia,Sphingobacteriales,NS11-12 marine group,NA,NA
ASV_6738,Bacteria,Chlamydiota,Chlamydiia,Chlamydiales,Parachlamydiaceae,Neochlamydia,NA
ASV_6739,Bacteria,Pseudomonadota,Gammaproteobacteria,Pseudomonadales,Moraxellaceae,Alkanindiges,NA
ASV_6740,Bacteria,Pseudomonadota,Alphaproteobacteria,Paracaedibacterales,Paracaedibacteraceae,NA,NA
ASV_6741,Bacteria,Bacteroidota,Bacteroidia,Sphingobacteriales,Sphingobacteriaceae,Daejeonella,NA
ASV_6742,Bacteria,Bacteroidota,Bacteroidia,Bacteroidales,Rikenellaceae,NA,NA
ASV_6743,Bacteria,Actinomycetota,Actinobacteria,Propionibacteriales,Nocardioidaceae,Aeromicrobium,NA
ASV_6744,Bacteria,Cyanobacteriota,Cyanobacteriia,Chloroplast,NA,NA,NA
ASV_6745,Bacteria,Chloroflexota,Anaerolineae,Caldilineales,Caldilineaceae,NA,NA
ASV_6746,Bacteria,Pseudomonadota,Alphaproteobacteria,NA,NA,NA,NA
ASV_6747,Bacteria,Bacillota,Bacilli,Staphylococcales,Staphylococcaceae,Staphylococcus,NA
ASV_6748,Bacteria,Chlorobiota,Chlorobia,Chlorobiales,Chlorobiaceae,Chlorobaculum,NA
ASV_6749,Bacteria,Pseudomonadota,Gammaproteobacteria,Burkholderiales,Burkholderiaceae,Lautropia,NA
ASV_6750,Bacteria,Chlamydiota,Chlamydiia,Chlamydiales,Parachlamydiaceae,Neochlamydia,NA
ASV_6751,Bacteria,Thermodesulfobacteriota,Desulfobulbia,Desulfobulbales,Desulfocapsaceae,Desulfocastanea,NA
ASV_6752,Bacteria,Pseudomonadota,Gammaproteobacteria,Ga0077536,NA,NA,NA
ASV_6753,Bacteria,Pseudomonadota,Alphaproteobacteria,Hyphomicrobiales,Beijerinckiaceae,Bosea,thiooxidans
ASV_6754,Bacteria,Actinomycetota,Actinobacteria,Micrococcales,Microbacteriaceae,Leifsonia,NA
ASV_6755,Bacteria,Campylobacterota,Campylobacteria,Campylobacterales,Sulfurovaceae,Sulfurovum,NA
ASV_6756,Bacteria,Cyanobacteriota,Cyanobacteriia,Chloroplast,NA,NA,NA
ASV_6757,Bacteria,Patescibacteria,WWE3,NA,NA,NA,NA
ASV_6758,Bacteria,Pseudomonadota,Alphaproteobacteria,Rickettsiales,Rickettsiaceae,NA,NA
ASV_6759,Bacteria,Bacteroidota,Bacteroidia,Sphingobacteriales,Lentimicrobiaceae,NA,NA
ASV_6760,Bacteria,Chlamydiota,Chlamydiia,Chlamydiales,Parachlamydiaceae,Neochlamydia,NA
ASV_6761,Bacteria,Pseudomonadota,Gammaproteobacteria,Burkholderiales,MWH-UniP1 aquatic group,NA,NA
ASV_6762,Bacteria,Pseudomonadota,Gammaproteobacteria,Pseudomonadales,Moraxellaceae,NA,NA
ASV_6763,Bacteria,Cloacimonadota,Cloacimonadia,Cloacimonadales,Cloacimonadaceae,LNR A2-18,NA
ASV_6764,Bacteria,Pseudomonadota,Gammaproteobacteria,Pseudomonadales,Porticoccaceae,C1-B045,NA
ASV_6765,Bacteria,Bacteroidota,Bacteroidia,Bacteroidales,Prolixibacteraceae,NA,NA
ASV_6766,Bacteria,Campylobacterota,Campylobacteria,Campylobacterales,Sulfurospirillaceae,Sulfurospirillum,NA
ASV_6767,Bacteria,Bdellovibrionota,Bacteriovoracia,Bacteriovoracales,Bacteriovoracaceae,Peredibacter,NA
ASV_6768,Bacteria,Pseudomonadota,Gammaproteobacteria,Chromatiales,Chromatiaceae,Allochromatium,NA
ASV_6769,Bacteria,Hydrogenedentes,Hydrogenedentia,Hydrogenedentiales,Hydrogenedensaceae,NA,NA
ASV_6770,Bacteria,Verrucomicrobiota,Verrucomicrobiia,LD1-PB3,NA,NA,NA
ASV_6771,Bacteria,Pseudomonadota,Alphaproteobacteria,Micavibrionales,NA,NA,NA
ASV_6772,Bacteria,Bacillota,Bacilli,Izemoplasmatales,Izemoplasmataceae,NA,NA
ASV_6773,Bacteria,Chlamydiota,Chlamydiia,Chlamydiales,Parachlamydiaceae,Neochlamydia,NA
ASV_6774,Bacteria,Patescibacteria,Saccharimonadia,Saccharimonadales,NA,NA,NA
ASV_6775,Bacteria,Pseudomonadota,Alphaproteobacteria,Hyphomicrobiales,Devosiaceae,Devosia,NA
ASV_6776,Bacteria,Pseudomonadota,Alphaproteobacteria,Rickettsiales,SM2D12,NA,NA
ASV_6777,Bacteria,Bacteroidota,Bacteroidia,Sphingobacteriales,NS11-12 marine group,NA,NA
ASV_6778,Bacteria,Patescibacteria,ABY1,Candidatus Uhrbacteria,NA,NA,NA
ASV_6779,Bacteria,Chlamydiota,Chlamydiia,Chlamydiales,Parachlamydiaceae,Neochlamydia,NA
ASV_6780,Bacteria,Cyanobacteriota,Cyanobacteriia,Cyanobacteriales,Phormidiaceae,Planktothrix NIVA-CYA 15,NA
ASV_6781,Bacteria,Bdellovibrionota,Oligoflexia,Oligoflexales,Oligoflexaceae,Oligoflexus,NA
ASV_6782,Bacteria,Dependentiae,Babeliae,Babeliales,Vermiphilaceae,NA,NA
ASV_6783,Bacteria,Patescibacteria,Dojkabacteria,NA,NA,NA,NA
ASV_6784,Bacteria,Bacteroidota,Bacteroidia,Flavobacteriales,Crocinitomicaceae,Fluviicola,NA
ASV_6785,Bacteria,Actinomycetota,Actinobacteria,Frankiales,NA,NA,NA
ASV_6786,Bacteria,Pseudomonadota,Alphaproteobacteria,Parvibaculales,Parvibaculaceae,Parvibaculum,NA
ASV_6787,Bacteria,Chlamydiota,Chlamydiia,Chlamydiales,Simkaniaceae,NA,NA
ASV_6788,Bacteria,Planctomycetota,OM190,NA,NA,NA,NA
ASV_6789,Bacteria,Bdellovibrionota,Oligoflexia,Oligoflexales,Oligoflexaceae,NA,NA
ASV_6790,Bacteria,Pseudomonadota,Gammaproteobacteria,Burkholderiales,Nitrosomonadaceae,oc32,NA
ASV_6791,Bacteria,Pseudomonadota,Gammaproteobacteria,Burkholderiales,Comamonadaceae,NA,NA
ASV_6792,Bacteria,Pseudomonadota,Gammaproteobacteria,Burkholderiales,Nitrosomonadaceae,Nitrosomonas,NA
ASV_6793,Bacteria,Dependentiae,Babeliae,Babeliales,Vermiphilaceae,NA,NA
ASV_6794,Bacteria,Bacteroidota,Bacteroidia,Chitinophagales,Saprospiraceae,Haliscomenobacter,NA
ASV_6795,Bacteria,Thermodesulfobacteriota,Desulfuromonadia,Desulfuromonadales,Desulfuromonadaceae,Desulfuromonas,thiophila
ASV_6796,Bacteria,Patescibacteria,Gracilibacteria,Absconditabacteriales (SR1),NA,NA,NA
ASV_6797,Bacteria,Bacillota,Clostridia,Oscillospirales,Ruminococcaceae,Candidatus Soleaferrea,NA
ASV_6798,Bacteria,Pseudomonadota,Gammaproteobacteria,Burkholderiales,Comamonadaceae,NA,NA
ASV_6799,Bacteria,Pseudomonadota,Gammaproteobacteria,Enterobacterales,Aeromonadaceae,Tolumonas,NA
ASV_6800,Bacteria,Pseudomonadota,Gammaproteobacteria,Burkholderiales,Comamonadaceae,Comamonas,NA
ASV_6801,Bacteria,Bacteroidota,Bacteroidia,Cytophagales,Spirosomataceae,Runella,NA
ASV_6802,Bacteria,Chlamydiota,Chlamydiia,Chlamydiales,Parachlamydiaceae,Neochlamydia,NA
ASV_6803,Bacteria,Acidobacteriota,Holophagae,Holophagales,Holophagaceae,Geothrix,NA
ASV_6804,Bacteria,Ignavibacteriota,Ignavibacteria,Ignavibacteriales,PHOS-HE36,NA,NA
ASV_6805,Bacteria,Chlamydiota,Chlamydiia,Chlamydiales,cvE6,NA,NA
ASV_6806,Bacteria,Chloroflexota,Anaerolineae,Caldilineales,Caldilineaceae,NA,NA
ASV_6807,Bacteria,Chloroflexota,Anaerolineae,Anaerolineales,Anaerolineaceae,NA,NA
ASV_6808,Bacteria,Chlamydiota,Chlamydiia,Chlamydiales,Parachlamydiaceae,NA,NA
ASV_6809,Bacteria,Actinomycetota,Actinobacteria,PeM15,NA,NA,NA
ASV_6810,Bacteria,Pseudomonadota,Gammaproteobacteria,NA,NA,NA,NA
ASV_6811,Bacteria,Chlamydiota,Chlamydiia,Chlamydiales,NA,NA,NA
ASV_6812,Bacteria,Chlamydiota,Chlamydiia,Chlamydiales,Parachlamydiaceae,NA,NA
ASV_6813,Bacteria,Bacteroidota,Bacteroidia,Chitinophagales,Chitinophagaceae,NA,NA
ASV_6814,Bacteria,Pseudomonadota,Gammaproteobacteria,Lysobacterales,Lysobacteraceae,Arenimonas,NA
ASV_6815,Bacteria,Acidobacteriota,Holophagae,Holophagales,Holophagaceae,Holophaga,NA
ASV_6816,Bacteria,Pseudomonadota,Alphaproteobacteria,Hyphomicrobiales,Beijerinckiaceae,alphaI cluster,NA
ASV_6817,Bacteria,Pseudomonadota,Gammaproteobacteria,Pseudomonadales,Moraxellaceae,NA,NA
ASV_6818,Bacteria,Pseudomonadota,Gammaproteobacteria,Burkholderiales,Burkholderiaceae,Lautropia,NA
ASV_6819,Bacteria,Pseudomonadota,NA,NA,NA,NA,NA
ASV_6820,Bacteria,Bacteroidota,Bacteroidia,Sphingobacteriales,NS11-12 marine group,NA,NA
ASV_6821,Bacteria,Pseudomonadota,Gammaproteobacteria,Burkholderiales,Burkholderiaceae,Lautropia,NA
ASV_6822,Bacteria,Pseudomonadota,Gammaproteobacteria,Pseudomonadales,Alcanivoracaceae,Ketobacter,NA
ASV_6823,Bacteria,Pseudomonadota,Gammaproteobacteria,Salinisphaerales,Nevskiaceae,Stagnimonas,NA
ASV_6824,Bacteria,Pseudomonadota,Gammaproteobacteria,Burkholderiales,Burkholderiaceae,Ralstonia,NA
ASV_6825,Bacteria,Pseudomonadota,Alphaproteobacteria,Rickettsiales,Midichloriaceae,Lyticum,NA
ASV_6826,Bacteria,Pseudomonadota,Gammaproteobacteria,Burkholderiales,Nitrosomonadaceae,Nitrosomonas,NA
ASV_6827,Bacteria,Bacillota,Bacilli,Staphylococcales,Staphylococcaceae,Staphylococcus,NA
ASV_6828,Bacteria,Pseudomonadota,Gammaproteobacteria,Enterobacterales,Shewanellaceae,Shewanella,NA
ASV_6829,Bacteria,Thermodesulfobacteriota,Desulfobulbia,Desulfobulbales,Desulfocapsaceae,Desulfocastanea,NA
ASV_6830,Bacteria,Pseudomonadota,Alphaproteobacteria,Holosporales,Holosporaceae,Candidatus Paraholospora,NA
ASV_6831,Bacteria,Thermodesulfobacteriota,Desulfuromonadia,Bradymonadales,NA,NA,NA
ASV_6832,Bacteria,Pseudomonadota,Alphaproteobacteria,Paracaedibacterales,Paracaedibacteraceae,Candidatus Paracaedibacter,NA
ASV_6833,Bacteria,Pseudomonadota,Gammaproteobacteria,Pseudomonadales,Moraxellaceae,Alkanindiges,NA
ASV_6834,Bacteria,Patescibacteria,Parcubacteria,Candidatus Kaiserbacteria,NA,NA,NA
ASV_6835,Bacteria,Pseudomonadota,Gammaproteobacteria,Burkholderiales,Alcaligenaceae,Castellaniella,NA
ASV_6836,Bacteria,Chlamydiota,Chlamydiia,Chlamydiales,Parachlamydiaceae,NA,NA
ASV_6837,Bacteria,Bacteroidota,Bacteroidia,Bacteroidetes VC2.1 Bac22,NA,NA,NA
ASV_6838,Bacteria,Verrucomicrobiota,Lentisphaeria,Victivallales,Victivallaceae,NA,NA
ASV_6839,Bacteria,Pseudomonadota,Gammaproteobacteria,Burkholderiales,Burkholderiaceae,Lautropia,NA
ASV_6840,Bacteria,Planctomycetota,Planctomycetes,Pirellulales,Pirellulaceae,Pirellula,NA
ASV_6841,Bacteria,Pseudomonadota,Gammaproteobacteria,Pseudomonadales,NA,NA,NA
ASV_6842,Bacteria,Pseudomonadota,Gammaproteobacteria,Burkholderiales,Rhodocyclaceae,Parazoarcus,NA
ASV_6843,Bacteria,Pseudomonadota,Gammaproteobacteria,Burkholderiales,Comamonadaceae,NA,NA
ASV_6844,Bacteria,Thermodesulfobacteriota,Desulfobacteria,Desulfobacterales,Desulfococcaceae,Desulfococcus,NA
ASV_6845,Bacteria,Bacillota,Clostridia,Christensenellales,Christensenellaceae,NA,NA
ASV_6846,Bacteria,Patescibacteria,Parcubacteria,Candidatus Kaiserbacteria,NA,NA,NA
ASV_6847,Bacteria,Thermodesulfobacteriota,Desulfuromonadia,Bradymonadales,Incertae Sedis,SKP-2,NA
ASV_6848,Bacteria,Bacillota,Clostridia,Christensenellales,Christensenellaceae,Christensenellaceae R-7 group,NA
ASV_6849,Bacteria,Bacillota,Clostridia,Clostridia vadinBB60 group,NA,NA,NA
ASV_6850,Bacteria,Verrucomicrobiota,Omnitrophia,Omnitrophales,Omnitrophaceae,Candidatus Omnitrophus,NA
ASV_6851,Bacteria,Acidobacteriota,Acidobacteriae,Bryobacterales,Bryobacteraceae,Paludibaculum,NA
ASV_6852,Bacteria,Patescibacteria,Dojkabacteria,NA,NA,NA,NA
ASV_6853,Bacteria,Pseudomonadota,Gammaproteobacteria,Burkholderiales,Rhodocyclaceae,Zoogloea,NA
ASV_6854,Bacteria,Pseudomonadota,Alphaproteobacteria,Rickettsiales,Mitochondria,NA,NA
ASV_6855,Bacteria,Patescibacteria,Parcubacteria,Candidatus Campbellbacteria,NA,NA,NA
ASV_6856,Bacteria,Bacteroidota,Bacteroidia,Chitinophagales,37-13,NA,NA
ASV_6857,Bacteria,Myxococcota,Polyangiia,Blfdi19,NA,NA,NA
ASV_6858,Bacteria,Bacteroidota,Bacteroidia,Sphingobacteriales,Lentimicrobiaceae,NA,NA
ASV_6859,Bacteria,Patescibacteria,Saccharimonadia,Saccharimonadales,NA,NA,NA
ASV_6860,Bacteria,Patescibacteria,Parcubacteria,Candidatus Moranbacteria,NA,NA,NA
ASV_6861,Bacteria,Pseudomonadota,Gammaproteobacteria,Burkholderiales,MWH-UniP1 aquatic group,NA,NA
ASV_6862,Bacteria,Bacteroidota,Bacteroidia,Bacteroidales,M2PB4-65 termite group,NA,NA
ASV_6863,Bacteria,Bacteroidota,Bacteroidia,Chitinophagales,37-13,NA,NA
ASV_6864,Bacteria,Bacteroidota,Bacteroidia,Sphingobacteriales,NS11-12 marine group,NA,NA
ASV_6865,Bacteria,Pseudomonadota,Gammaproteobacteria,Burkholderiales,Methylophilaceae,Methylotenera,NA
ASV_6866,Bacteria,Pseudomonadota,Gammaproteobacteria,Burkholderiales,Rhodocyclaceae,Thauera,NA
ASV_6867,Bacteria,Patescibacteria,Saccharimonadia,Saccharimonadales,NA,NA,NA
ASV_6868,Bacteria,Pseudomonadota,Gammaproteobacteria,Methylococcales,Methylococcaceae,Methyloparacoccus,NA
ASV_6869,Bacteria,Bdellovibrionota,Oligoflexia,0319-6G20,NA,NA,NA
ASV_6870,Bacteria,Pseudomonadota,Alphaproteobacteria,Rickettsiales,Midichloriaceae,NA,NA
ASV_6871,Bacteria,Pseudomonadota,Gammaproteobacteria,Burkholderiales,Rhodocyclaceae,NA,NA
ASV_6872,Bacteria,Gemmatimonadota,Gemmatimonadia,Gemmatimonadales,Gemmatimonadaceae,NA,NA
ASV_6873,Bacteria,Actinomycetota,Thermoleophilia,Gaiellales,NA,NA,NA
ASV_6874,Bacteria,Bacteroidota,Bacteroidia,Chitinophagales,Saprospiraceae,NA,NA
ASV_6875,Bacteria,Patescibacteria,Saccharimonadia,Saccharimonadales,LWQ8,NA,NA
ASV_6876,Bacteria,Bacteroidota,Bacteroidia,Sphingobacteriales,NS11-12 marine group,NA,NA
ASV_6877,Bacteria,Planctomycetota,Planctomycetes,Pirellulales,Pirellulaceae,Pirellula,NA
ASV_6878,Bacteria,Bacteroidota,Bacteroidia,Chitinophagales,Chitinophagaceae,Lacibacter,NA
ASV_6879,Bacteria,Patescibacteria,ABY1,Candidatus Magasanikbacteria,NA,NA,NA
ASV_6880,Bacteria,Pseudomonadota,Gammaproteobacteria,Pseudomonadales,Porticoccaceae,C1-B045,NA
ASV_6881,Bacteria,Pseudomonadota,Alphaproteobacteria,Azospirillales,Azospirillales Incertae Sedis,Stella,NA
ASV_6882,Bacteria,Myxococcota,Polyangiia,Polyangiales,Phaselicystaceae,Phaselicystis,NA
ASV_6883,Bacteria,Bacillota,Bacilli,Erysipelotrichales,Erysipelotrichaceae,Erysipelothrix,NA
ASV_6884,Bacteria,Verrucomicrobiota,Verrucomicrobiia,Verrucomicrobiales,Verrucomicrobiaceae,NA,NA
ASV_6885,Bacteria,Bacillota,Bacilli,Erysipelotrichales,Erysipelatoclostridiaceae,NA,NA
ASV_6886,Bacteria,Chlamydiota,Chlamydiia,Chlamydiales,Parachlamydiaceae,NA,NA
ASV_6887,Bacteria,Bacteroidota,Bacteroidia,Flavobacteriales,Flavobacteriaceae,Capnocytophaga,NA
ASV_6888,Bacteria,Bacteroidota,Bacteroidia,Bacteroidales,Bacteroidetes vadinHA17,NA,NA
ASV_6889,Bacteria,Bacillota,Bacilli,Staphylococcales,Staphylococcaceae,Staphylococcus,NA
ASV_6890,Bacteria,Myxococcota,Polyangiia,Polyangiales,Phaselicystaceae,Phaselicystis,NA
ASV_6891,Bacteria,Myxococcota,Myxococcia,Myxococcales,Myxococcaceae,P3OB-42,NA
ASV_6892,Bacteria,Ignavibacteriota,Ignavibacteria,Ignavibacteriales,Melioribacteraceae,IheB3-7,NA
ASV_6893,Bacteria,Pseudomonadota,Alphaproteobacteria,Micropepsales,Micropepsaceae,NA,NA
ASV_6894,Bacteria,Pseudomonadota,Gammaproteobacteria,Run-SP154,NA,NA,NA
ASV_6895,Bacteria,Pseudomonadota,Gammaproteobacteria,Burkholderiales,Rhodocyclaceae,Zoogloea,NA
ASV_6896,Bacteria,Bacteroidota,Bacteroidia,Sphingobacteriales,NS11-12 marine group,NA,NA
ASV_6897,Bacteria,Candidatus Eremiobacterota,Eremiobacteria,NA,NA,NA,NA
ASV_6898,Bacteria,Planctomycetota,Planctomycetes,Pirellulales,Pirellulaceae,NA,NA
ASV_6899,Bacteria,Acidobacteriota,Acidobacteriae,Elev-16S-1166,Incertae Sedis,WY65,NA
ASV_6900,Bacteria,Bacteroidota,Bacteroidia,Chitinophagales,Chitinophagaceae,Sediminibacterium,NA
ASV_6901,Bacteria,Pseudomonadota,Gammaproteobacteria,Competibacterales,Competibacteraceae,Candidatus Competibacter,NA
ASV_6902,Bacteria,Pseudomonadota,Gammaproteobacteria,Pseudomonadales,Moraxellaceae,Acinetobacter,NA
ASV_6903,Bacteria,Verrucomicrobiota,Verrucomicrobiia,Pedosphaerales,Pedosphaeraceae,Oikopleura,NA
ASV_6904,Bacteria,Actinomycetota,Actinobacteria,Frankiales,Sporichthyaceae,hgcI clade,NA
ASV_6905,Bacteria,Chloroflexota,Anaerolineae,Anaerolineales,Anaerolineaceae,Longilinea,NA
ASV_6906,Bacteria,Pseudomonadota,Gammaproteobacteria,Burkholderiales,Comamonadaceae,Alicycliphilus,denitrificans
ASV_6907,Bacteria,Chlamydiota,Chlamydiia,Chlamydiales,Parachlamydiaceae,NA,NA
ASV_6908,Bacteria,Planctomycetota,Planctomycetes,Pirellulales,Pirellulaceae,Pirellula,NA
ASV_6909,Bacteria,Bacillota,Bacilli,Exiguobacterales,Exiguobacteraceae,Exiguobacterium,NA
ASV_6910,Bacteria,Bacteroidota,Bacteroidia,Bacteroidales,Rikenellaceae,NA,NA
ASV_6911,Bacteria,Bacillota,Clostridia,Peptostreptococcales-Tissierellales,Peptostreptococcaceae,Romboutsia,NA
ASV_6912,Bacteria,Pseudomonadota,Gammaproteobacteria,Pseudomonadales,Spongiibacteraceae,BD1-7 clade,NA
ASV_6913,Bacteria,Verrucomicrobiota,Verrucomicrobiia,Opitutales,Puniceicoccaceae,NA,NA
ASV_6914,Bacteria,Pseudomonadota,Gammaproteobacteria,Burkholderiales,Rhodocyclaceae,NA,NA
ASV_6915,Bacteria,Chlamydiota,Chlamydiia,Chlamydiales,Parachlamydiaceae,Neochlamydia,NA
ASV_6916,Bacteria,Pseudomonadota,Gammaproteobacteria,Chromatiales,Chromatiaceae,Thiohalocapsa,NA
ASV_6917,Bacteria,Verrucomicrobiota,Verrucomicrobiia,Opitutales,Puniceicoccaceae,NA,NA
ASV_6918,Bacteria,Hydrogenedentes,Hydrogenedentia,Hydrogenedentiales,Hydrogenedensaceae,NA,NA
ASV_6919,Bacteria,Bacillota,Bacilli,Erysipelotrichales,Erysipelatoclostridiaceae,UCG-004,NA
ASV_6920,Bacteria,NKB15,NA,NA,NA,NA,NA
ASV_6921,Bacteria,Patescibacteria,Dojkabacteria,NA,NA,NA,NA
ASV_6922,Bacteria,Pseudomonadota,Gammaproteobacteria,Legionellales,Legionellaceae,Legionella,NA
ASV_6923,Bacteria,Patescibacteria,Gracilibacteria,Absconditabacteriales (SR1),NA,NA,NA
ASV_6924,Bacteria,Bacillota,Clostridia,Peptococcales,Peptococcaceae,Dehalobacterium,NA
ASV_6925,Bacteria,Chlamydiota,Chlamydiia,Chlamydiales,cvE6,NA,NA
ASV_6926,Bacteria,Pseudomonadota,Gammaproteobacteria,NA,NA,NA,NA
ASV_6927,Bacteria,Bacillota,Bacilli,Izemoplasmatales,Izemoplasmataceae,NA,NA
ASV_6928,Bacteria,Pseudomonadota,Gammaproteobacteria,Burkholderiales,Burkholderiaceae,Lautropia,NA
ASV_6929,Bacteria,Thermodesulfobacteriota,Desulfovibrionia,Desulfovibrionales,Desulfomicrobiaceae,Desulfomicrobium,NA
ASV_6930,Bacteria,Bacteroidota,Bacteroidia,Sphingobacteriales,Lentimicrobiaceae,NA,NA
ASV_6931,Bacteria,Pseudomonadota,Gammaproteobacteria,Burkholderiales,Rhodocyclaceae,Thauera,NA
ASV_6932,Bacteria,Bacteroidota,Bacteroidia,Bacteroidales,Prolixibacteraceae,NA,NA
ASV_6933,Bacteria,Patescibacteria,Parcubacteria,Candidatus Campbellbacteria,NA,NA,NA
ASV_6934,Bacteria,Patescibacteria,Gracilibacteria,Absconditabacteriales (SR1),NA,NA,NA
ASV_6935,Bacteria,Verrucomicrobiota,Omnitrophia,Omnitrophales,Omnitrophaceae,Candidatus Omnitrophus,NA
ASV_6936,Bacteria,Actinomycetota,Acidimicrobiia,Microtrichales,NA,NA,NA
ASV_6937,Bacteria,Bdellovibrionota,Bacteriovoracia,Bacteriovoracales,Bacteriovoracaceae,Peredibacter,NA
ASV_6938,Bacteria,Bacteroidota,Bacteroidia,Sphingobacteriales,NS11-12 marine group,NA,NA
ASV_6939,Bacteria,Pseudomonadota,Gammaproteobacteria,Burkholderiales,TRA3-20,NA,NA
ASV_6940,Bacteria,Planctomycetota,Planctomycetes,Planctomycetales,Rubinisphaeraceae,NA,NA
ASV_6941,Bacteria,Fibrobacterota,Fibrobacteria,Fibrobacterales,Fibrobacteraceae,possible genus 06,NA
ASV_6942,Bacteria,Bacteroidota,Bacteroidia,Chitinophagales,Saprospiraceae,Lewinella,NA
ASV_6943,Bacteria,Bacteroidota,Bacteroidia,Chitinophagales,NA,NA,NA
ASV_6944,Bacteria,Pseudomonadota,Gammaproteobacteria,Burkholderiales,Burkholderiaceae,Lautropia,NA
ASV_6945,Bacteria,Bacteroidota,Bacteroidia,Bacteroidales,Prolixibacteraceae,NA,NA
ASV_6946,Bacteria,Sumerlaeota,Sumerlaeia,Sumerlaeales,Sumerlaeaceae,Sumerlaea,NA
ASV_6947,Bacteria,Pseudomonadota,Alphaproteobacteria,Caulobacterales,Hyphomonadaceae,SWB02,NA
ASV_6948,Bacteria,Pseudomonadota,Alphaproteobacteria,Rickettsiales,Rickettsiaceae,NA,NA
ASV_6949,Bacteria,Patescibacteria,Dojkabacteria,NA,NA,NA,NA
ASV_6950,Bacteria,Pseudomonadota,Gammaproteobacteria,Burkholderiales,Rhodocyclaceae,Dechloromonas,NA
ASV_6951,Bacteria,Bacteroidota,Bacteroidia,Flavobacteriales,Crocinitomicaceae,Fluviicola,NA
ASV_6952,Bacteria,Thermodesulfobacteriota,Desulfuromonadia,PB19,NA,NA,NA
ASV_6953,Bacteria,Pseudomonadota,Gammaproteobacteria,Burkholderiales,Nitrosomonadaceae,Nitrosomonas,NA
ASV_6954,Bacteria,Actinomycetota,Actinobacteria,Frankiales,Sporichthyaceae,NA,NA
ASV_6955,Bacteria,Verrucomicrobiota,Verrucomicrobiia,Verrucomicrobiales,DEV007,NA,NA
ASV_6956,Bacteria,Chlamydiota,Chlamydiia,Chlamydiales,cvE6,NA,NA
ASV_6957,Bacteria,Chlamydiota,Chlamydiia,Chlamydiales,Parachlamydiaceae,Neochlamydia,NA
ASV_6958,Bacteria,Bacillota,Clostridia,Oscillospirales,Ruminococcaceae,Ruminococcus,NA
ASV_6959,Bacteria,Bacteroidota,Bacteroidia,Bacteroidales,Prevotellaceae,Prevotellaceae UCG-001,NA
ASV_6960,Bacteria,Bacillota,Clostridia,Clostridia UCG-014,NA,NA,NA
ASV_6961,Bacteria,Planctomycetota,Planctomycetes,Planctomycetales,Schlesneriaceae,Schlesneria,NA
ASV_6962,Bacteria,Bacteroidota,Bacteroidia,Bacteroidales,Tannerellaceae,Macellibacteroides,fermentans
ASV_6963,Bacteria,Chloroflexota,Anaerolineae,Anaerolineales,Anaerolineaceae,Longilinea,NA
ASV_6964,Bacteria,Pseudomonadota,Gammaproteobacteria,Lysobacterales,Lysobacteraceae,Stenotrophomonas,NA
ASV_6965,Bacteria,Thermodesulfobacteriota,Desulfovibrionia,Desulfovibrionales,Desulfovibrionaceae,Solidesulfovibrio,NA
ASV_6966,Bacteria,Bacteroidota,Bacteroidia,Bacteroidales,Prolixibacteraceae,WCHB1-32,NA
ASV_6967,Bacteria,Pseudomonadota,Alphaproteobacteria,Rhodospirillales,Magnetospirillaceae,Magnetospirillum,NA
ASV_6968,Bacteria,Bacteroidota,Bacteroidia,Bacteroidetes VC2.1 Bac22,NA,NA,NA
ASV_6969,Bacteria,Thermodesulfobacteriota,Desulfobulbia,Desulfobulbales,Desulfobulbaceae,Desulfobulbus,NA
ASV_6970,Bacteria,Pseudomonadota,Gammaproteobacteria,Burkholderiales,Rhodocyclaceae,NA,NA
ASV_6971,Bacteria,Chlamydiota,Chlamydiia,Chlamydiales,Parachlamydiaceae,Neochlamydia,NA
ASV_6972,Bacteria,Pseudomonadota,Gammaproteobacteria,Legionellales,Legionellaceae,Legionella,NA
ASV_6973,Bacteria,Candidatus Kapabacteria,Kapabacteria,Kapabacteriales,NA,NA,NA
ASV_6974,Archaea,Halobacteriota,Methanosarcinia,Methanosarcinales,Methanosaetaceae,Methanothrix,NA
ASV_6975,Bacteria,Pseudomonadota,Gammaproteobacteria,Burkholderiales,Comamonadaceae,Ottowia,NA
ASV_6976,Bacteria,Bacteroidota,Bacteroidia,Flavobacteriales,Flavobacteriaceae,Flavobacterium,indicum
ASV_6977,Bacteria,Planctomycetota,Planctomycetes,Gemmatales,Gemmataceae,NA,NA
ASV_6978,Bacteria,Pseudomonadota,Gammaproteobacteria,Salinisphaerales,Nevskiaceae,Fontimonas,NA
ASV_6979,Bacteria,Pseudomonadota,Gammaproteobacteria,Burkholderiales,Burkholderiaceae,Limnobacter,NA
ASV_6980,Bacteria,Pseudomonadota,Alphaproteobacteria,Micavibrionales,NA,NA,NA
ASV_6981,Bacteria,Patescibacteria,Parcubacteria,Candidatus Kaiserbacteria,NA,NA,NA
ASV_6982,Bacteria,Chlamydiota,Chlamydiia,Chlamydiales,Parachlamydiaceae,Neochlamydia,NA
ASV_6983,Bacteria,Pseudomonadota,Alphaproteobacteria,Sphingomonadales,Sphingomonadaceae,Altericroceibacterium,NA
ASV_6984,Bacteria,Bacteroidota,Bacteroidia,Chitinophagales,NA,NA,NA
ASV_6985,Bacteria,Chloroflexota,Anaerolineae,Caldilineales,Caldilineaceae,NA,NA
ASV_6986,Bacteria,Pseudomonadota,Gammaproteobacteria,Chromatiales,Chromatiaceae,Thiolamprovum,NA
ASV_6987,Bacteria,Bacillota,Bacilli,Izemoplasmatales,Izemoplasmataceae,NA,NA
ASV_6988,Bacteria,Pseudomonadota,Alphaproteobacteria,Hyphomicrobiales,Pleomorphomonadaceae,Prosthecomicrobium,hirschii
ASV_6989,Bacteria,Pseudomonadota,Gammaproteobacteria,Burkholderiales,Comamonadaceae,Diaphorobacter,NA
ASV_6990,Bacteria,Bacteroidota,Bacteroidia,Bacteroidales,Rikenellaceae,NA,NA
ASV_6991,Bacteria,Bacteroidota,Bacteroidia,Flavobacteriales,Cryomorphaceae,NA,NA
ASV_6992,Bacteria,Pseudomonadota,Gammaproteobacteria,Burkholderiales,Burkholderiaceae,Lautropia,NA
ASV_6993,Bacteria,Pseudomonadota,Gammaproteobacteria,Legionellales,Legionellaceae,Legionella,NA
ASV_6994,Bacteria,Pseudomonadota,Gammaproteobacteria,Methylococcales,Methylomonadaceae,Methylosarcina,NA
ASV_6995,Bacteria,Pseudomonadota,Gammaproteobacteria,Rickettsiellales,Rickettsiellaceae,NA,NA
ASV_6996,Bacteria,Bacillota,Clostridia,Oscillospirales,Oscillospiraceae,UCG-005,NA
ASV_6997,Bacteria,Bacillota,Bacilli,Erysipelotrichales,Erysipelatoclostridiaceae,UCG-004,NA
ASV_6998,Bacteria,Bacillota,Clostridia,Clostridia UCG-014,NA,NA,NA
ASV_6999,Bacteria,Verrucomicrobiota,Verrucomicrobiia,Pedosphaerales,Pedosphaeraceae,DEV114,NA
ASV_7000,Bacteria,Cyanobacteriota,Vampirivibrionia,Gastranaerophilales,Gastranaerophilaceae,Zag_111,NA
ASV_7001,Bacteria,Pseudomonadota,Alphaproteobacteria,Hyphomicrobiales,Beijerinckiaceae,Camelimonas,NA
ASV_7002,Bacteria,Verrucomicrobiota,Omnitrophia,Omnitrophales,Omnitrophaceae,Candidatus Omnitrophus,NA
ASV_7003,Bacteria,Verrucomicrobiota,Omnitrophia,Omnitrophales,Omnitrophaceae,Candidatus Omnitrophus,NA
ASV_7004,Bacteria,Bacteroidota,Bacteroidia,NA,NA,NA,NA
ASV_7005,Bacteria,Pseudomonadota,Alphaproteobacteria,Rhodospirillales,NA,NA,NA
ASV_7006,Bacteria,Pseudomonadota,Alphaproteobacteria,NA,NA,NA,NA
ASV_7007,Bacteria,Pseudomonadota,Alphaproteobacteria,Rhodospirillales,NA,NA,NA
ASV_7008,Bacteria,Bdellovibrionota,Oligoflexia,0319-6G20,NA,NA,NA
ASV_7009,Bacteria,Sumerlaeota,Sumerlaeia,Sumerlaeales,Sumerlaeaceae,Sumerlaea,NA
ASV_7010,Bacteria,Dependentiae,Babeliae,Babeliales,NA,NA,NA
ASV_7011,Bacteria,Pseudomonadota,Gammaproteobacteria,Legionellales,Legionellaceae,Legionella,NA
ASV_7012,Bacteria,Cyanobacteriota,Cyanobacteriia,Chloroplast,NA,NA,NA
ASV_7013,Bacteria,Pseudomonadota,Alphaproteobacteria,NA,NA,NA,NA
ASV_7014,Bacteria,Acidobacteriota,Blastocatellia,Blastocatellales,Blastocatellaceae,NA,NA
ASV_7015,Bacteria,Campylobacterota,Campylobacteria,Campylobacterales,Sulfurimonadaceae,Sulfurimonas,NA
ASV_7016,Bacteria,Ignavibacteriota,Ignavibacteria,Ignavibacteriales,Melioribacteraceae,IheB3-7,NA
ASV_7017,Bacteria,Pseudomonadota,Alphaproteobacteria,Hyphomicrobiales,Beijerinckiaceae,Chelatococcus,NA
ASV_7018,Bacteria,Patescibacteria,Parcubacteria,Candidatus Kaiserbacteria,NA,NA,NA
ASV_7019,Bacteria,Pseudomonadota,Gammaproteobacteria,Burkholderiales,Rhodocyclaceae,Zoogloea,NA
ASV_7020,Bacteria,Pseudomonadota,Gammaproteobacteria,Ga0077536,NA,NA,NA
ASV_7021,Bacteria,Bacteroidota,Bacteroidia,Bacteroidales,Prolixibacteraceae,NA,NA
ASV_7022,Bacteria,Armatimonadota,Fimbriimonadia,Fimbriimonadales,Fimbriimonadaceae,NA,NA
ASV_7023,Bacteria,Patescibacteria,WWE3,NA,NA,NA,NA
ASV_7024,Bacteria,Ignavibacteriota,Ignavibacteria,Ignavibacteriales,Ignavibacteriaceae,Ignavibacterium,NA
ASV_7025,Bacteria,Planctomycetota,Planctomycetes,Pirellulales,Pirellulaceae,NA,NA
ASV_7026,Bacteria,Verrucomicrobiota,Verrucomicrobiia,Pedosphaerales,Pedosphaeraceae,RS25G,NA
ASV_7027,Bacteria,Chlamydiota,Chlamydiia,Chlamydiales,Parachlamydiaceae,Neochlamydia,NA
ASV_7028,Bacteria,Gemmatimonadota,Gemmatimonadia,Gemmatimonadales,Gemmatimonadaceae,NA,NA
ASV_7029,Bacteria,Patescibacteria,Gracilibacteria,JGI 0000069-P22,NA,NA,NA
ASV_7030,Bacteria,Pseudomonadota,Gammaproteobacteria,Pseudomonadales,Moraxellaceae,NA,NA
ASV_7031,Bacteria,Pseudomonadota,Gammaproteobacteria,Burkholderiales,Methylophilaceae,Methylotenera,NA
ASV_7032,Bacteria,Pseudomonadota,Gammaproteobacteria,JG36-GS-52,NA,NA,NA
ASV_7033,Bacteria,Pseudomonadota,Gammaproteobacteria,Lysobacterales,Lysobacteraceae,Arenimonas,NA
ASV_7034,Bacteria,Pseudomonadota,Alphaproteobacteria,Holosporales,Holosporaceae,NA,NA
ASV_7035,Bacteria,Chlamydiota,Chlamydiia,Chlamydiales,Parachlamydiaceae,Neochlamydia,NA
ASV_7036,Bacteria,Planctomycetota,Planctomycetes,Isosphaerales,Isosphaeraceae,NA,NA
ASV_7037,Bacteria,Patescibacteria,Microgenomatia,Candidatus Collierbacteria,NA,NA,NA
ASV_7038,Bacteria,Pseudomonadota,Alphaproteobacteria,NA,NA,NA,NA
ASV_7039,Bacteria,Pseudomonadota,Gammaproteobacteria,Burkholderiales,NA,NA,NA
ASV_7040,Bacteria,Acidobacteriota,Blastocatellia,11-24,NA,NA,NA
ASV_7041,Bacteria,Verrucomicrobiota,Lentisphaeria,Victivallales,Victivallaceae,NA,NA
ASV_7042,Bacteria,Pseudomonadota,Gammaproteobacteria,Burkholderiales,Chitinibacteraceae,Formivibrio,NA
ASV_7043,Bacteria,Verrucomicrobiota,Omnitrophia,Omnitrophales,Omnitrophaceae,Candidatus Omnitrophus,NA
ASV_7044,Bacteria,Actinomycetota,Coriobacteriia,Coriobacteriales,Atopobiaceae,Lancefieldella,parvula
ASV_7045,Bacteria,Bdellovibrionota,Bacteriovoracia,Bacteriovoracales,Bacteriovoracaceae,Peredibacter,NA
ASV_7046,Bacteria,Verrucomicrobiota,Verrucomicrobiia,Pedosphaerales,Pedosphaeraceae,Oikopleura,NA
ASV_7047,Bacteria,Bacteroidota,Bacteroidia,Chitinophagales,NA,NA,NA
ASV_7048,Bacteria,Pseudomonadota,Alphaproteobacteria,Sphingomonadales,Sphingomonadaceae,Sphingoaurantiacus,NA
ASV_7049,Bacteria,Planctomycetota,OM190,NA,NA,NA,NA
ASV_7050,Bacteria,Pseudomonadota,Gammaproteobacteria,NA,NA,NA,NA
ASV_7051,Bacteria,Bdellovibrionota,Bdellovibrionia,Bdellovibrionales,Pseudobdellovibrionaceae,OM27 clade,NA
ASV_7052,Bacteria,Bacteroidota,Bacteroidia,Chitinophagales,NA,NA,NA
ASV_7053,Bacteria,Bdellovibrionota,Oligoflexia,053A03-B-DI-P58,NA,NA,NA
ASV_7054,Bacteria,Pseudomonadota,Alphaproteobacteria,Sphingomonadales,Sphingomonadaceae,DSSF69,NA
ASV_7055,Bacteria,Pseudomonadota,Alphaproteobacteria,Rickettsiales,NA,NA,NA
ASV_7056,Bacteria,Chloroflexota,Anaerolineae,Caldilineales,Caldilineaceae,NA,NA
ASV_7057,Bacteria,Chlorobiota,Chlorobia,Chlorobiales,Chlorobiaceae,Chlorobaculum,NA
ASV_7058,Bacteria,Pseudomonadota,Gammaproteobacteria,Lysobacterales,Lysobacteraceae,Thermomonas,NA
ASV_7059,Bacteria,Verrucomicrobiota,Verrucomicrobiia,Pedosphaerales,Pedosphaeraceae,DEV114,NA
ASV_7060,Bacteria,Bacteroidota,Bacteroidia,Chitinophagales,37-13,NA,NA
ASV_7061,Bacteria,Verrucomicrobiota,Verrucomicrobiia,Opitutales,Puniceicoccaceae,NA,NA
ASV_7062,Bacteria,Pseudomonadota,Alphaproteobacteria,Rickettsiales,Mitochondria,NA,NA
ASV_7063,Bacteria,Pseudomonadota,Gammaproteobacteria,Ga0077536,NA,NA,NA
ASV_7064,Bacteria,Pseudomonadota,Alphaproteobacteria,Rickettsiales,Mitochondria,NA,NA
ASV_7065,Bacteria,Chloroflexota,Anaerolineae,Caldilineales,Caldilineaceae,NA,NA
ASV_7066,Bacteria,Verrucomicrobiota,Verrucomicrobiia,Pedosphaerales,Pedosphaeraceae,NA,NA
ASV_7067,Bacteria,Pseudomonadota,Gammaproteobacteria,NA,NA,NA,NA
ASV_7068,Bacteria,Bacteroidota,Bacteroidia,Bacteroidetes VC2.1 Bac22,NA,NA,NA
ASV_7069,Bacteria,Patescibacteria,Parcubacteria,Candidatus Kaiserbacteria,NA,NA,NA
ASV_7070,Bacteria,Bacteroidota,Bacteroidia,Chitinophagales,Saprospiraceae,Lewinella,NA
ASV_7071,Bacteria,Elusimicrobiota,Endomicrobiia,Endomicrobiales,Endomicrobiaceae,Endomicrobium,NA
ASV_7072,Bacteria,Patescibacteria,ABY1,Candidatus Magasanikbacteria,NA,NA,NA
ASV_7073,Bacteria,Acidobacteriota,Acidobacteriae,Bryobacterales,Bryobacteraceae,Paludibaculum,NA
ASV_7074,Bacteria,Actinomycetota,Actinobacteria,Bifidobacteriales,Bifidobacteriaceae,Bifidobacterium,NA
ASV_7075,Bacteria,Pseudomonadota,Gammaproteobacteria,Competibacterales,Competibacteraceae,Candidatus Competibacter,NA
ASV_7076,Bacteria,Candidatus Eremiobacterota,Eremiobacteria,NA,NA,NA,NA
ASV_7077,Bacteria,Bacillota,Clostridia,Peptostreptococcales-Tissierellales,Anaerovoracaceae,NA,NA
ASV_7078,Bacteria,Bacteroidota,Bacteroidia,Sphingobacteriales,Sphingobacteriaceae,Daejeonella,NA
ASV_7079,Bacteria,Pseudomonadota,Gammaproteobacteria,NA,NA,NA,NA
ASV_7080,Bacteria,Pseudomonadota,Gammaproteobacteria,Legionellales,Legionellaceae,Legionella,NA
ASV_7081,Bacteria,Pseudomonadota,Gammaproteobacteria,Burkholderiales,Comamonadaceae,Alicycliphilus,NA
ASV_7082,Bacteria,Pseudomonadota,Alphaproteobacteria,Parvibaculales,Parvibaculaceae,Parvibaculum,NA
ASV_7083,Bacteria,Pseudomonadota,Gammaproteobacteria,Legionellales,Legionellaceae,Legionella,NA
ASV_7084,Bacteria,Pseudomonadota,Alphaproteobacteria,Paracaedibacterales,Paracaedibacteraceae,NA,NA
ASV_7085,Bacteria,Pseudomonadota,Gammaproteobacteria,Lysobacterales,Lysobacteraceae,Stenotrophomonas,koreensis
ASV_7086,Bacteria,Bacteroidota,Bacteroidia,Cytophagales,Cyclobacteriaceae,Mariniradius,NA
ASV_7087,Bacteria,Dependentiae,Babeliae,Babeliales,Vermiphilaceae,NA,NA
ASV_7088,Bacteria,Pseudomonadota,Gammaproteobacteria,Enterobacterales,Aeromonadaceae,Aeromonas,NA
ASV_7089,Bacteria,Planctomycetota,Planctomycetes,Planctomycetales,Rubinisphaeraceae,NA,NA
ASV_7090,Bacteria,Patescibacteria,ABY1,Candidatus Magasanikbacteria,NA,NA,NA
ASV_7091,Bacteria,Pseudomonadota,Gammaproteobacteria,Legionellales,Legionellaceae,Legionella,NA
ASV_7092,Bacteria,Pseudomonadota,Gammaproteobacteria,Gammaproteobacteria Incertae Sedis,Unknown Family,Candidatus Ovatusbacter,NA
ASV_7093,Bacteria,Patescibacteria,ABY1,Candidatus Kerfeldbacteria,NA,NA,NA
ASV_7094,Bacteria,Patescibacteria,Parcubacteria,Candidatus Kaiserbacteria,NA,NA,NA
ASV_7095,Bacteria,Pseudomonadota,Gammaproteobacteria,Burkholderiales,Nitrosomonadaceae,Nitrosomonas,NA
ASV_7096,Bacteria,Actinomycetota,Acidimicrobiia,Microtrichales,Microtrichaceae,NA,NA
ASV_7097,Bacteria,Pseudomonadota,Gammaproteobacteria,NA,NA,NA,NA
ASV_7098,Bacteria,Myxococcota,Polyangiia,Haliangiales,Haliangiaceae,NA,NA
ASV_7099,Bacteria,Pseudomonadota,Alphaproteobacteria,Caulobacterales,Hyphomonadaceae,Hirschia,NA
ASV_7100,Bacteria,Gemmatimonadota,Gemmatimonadia,Gemmatimonadales,Gemmatimonadaceae,NA,NA
ASV_7101,Bacteria,Bacteroidota,Bacteroidia,Flavobacteriales,Cryomorphaceae,NS10 marine group,NA
ASV_7102,Bacteria,Pseudomonadota,Gammaproteobacteria,Burkholderiales,Methylophilaceae,Methylophilus,NA
ASV_7103,Bacteria,Patescibacteria,Saccharimonadia,Saccharimonadales,NA,NA,NA
ASV_7104,Bacteria,Bacillota,Clostridia,Eubacteriales,Alkalibacteraceae,Alkalibacter,NA
ASV_7105,Bacteria,Verrucomicrobiota,Lentisphaeria,Victivallales,Victivallaceae,NA,NA
ASV_7106,Bacteria,Planctomycetota,Planctomycetes,Planctomycetales,Schlesneriaceae,Planctopirus,NA
ASV_7107,Bacteria,Verrucomicrobiota,Verrucomicrobiia,Verrucomicrobiales,Verrucomicrobiaceae,NA,NA
ASV_7108,Bacteria,Bacillota,Bacilli,Izemoplasmatales,Izemoplasmataceae,NA,NA
ASV_7109,Bacteria,Pseudomonadota,Alphaproteobacteria,Paracaedibacterales,Paracaedibacteraceae,NA,NA
ASV_7110,Bacteria,Pseudomonadota,Gammaproteobacteria,Pseudomonadales,Spongiibacteraceae,BD1-7 clade,NA
ASV_7111,Bacteria,Actinomycetota,Actinobacteria,PeM15,NA,NA,NA
ASV_7112,Bacteria,Gemmatimonadota,Gemmatimonadia,Gemmatimonadales,Gemmatimonadaceae,Gemmatimonas,NA
ASV_7113,Bacteria,Pseudomonadota,Gammaproteobacteria,Beggiatoales,Beggiatoaceae,Beggiatoa,NA
ASV_7114,Bacteria,Pseudomonadota,Gammaproteobacteria,Chromatiales,Chromatiaceae,Thiolamprovum,NA
ASV_7115,Bacteria,Pseudomonadota,Alphaproteobacteria,Rickettsiales,Rickettsiaceae,NA,NA
ASV_7116,Bacteria,Bacillota,Clostridia,Peptostreptococcales-Tissierellales,Peptostreptococcaceae,Romboutsia,NA
ASV_7117,Bacteria,Ignavibacteriota,Ignavibacteria,Ignavibacteriales,PHOS-HE36,NA,NA
ASV_7118,Bacteria,Bacteroidota,Bacteroidia,Bacteroidales,Prolixibacteraceae,WCHB1-32,NA
ASV_7119,Bacteria,Cyanobacteriota,Vampirivibrionia,Obscuribacterales,Obscuribacteraceae,Candidatus Obscuribacter,NA
ASV_7120,Bacteria,Bacteroidota,Bacteroidia,Bacteroidales,Prolixibacteraceae,WCHB1-32,NA
ASV_7121,Bacteria,Verrucomicrobiota,Omnitrophia,Omnitrophales,Omnitrophaceae,Candidatus Omnitrophus,NA
ASV_7122,Bacteria,Synergistota,Synergistia,Synergistales,Synergistaceae,Syner-01,NA
ASV_7123,Bacteria,Bacteroidota,Bacteroidia,Flavobacteriales,Crocinitomicaceae,Fluviicola,NA
ASV_7124,Bacteria,Bacteroidota,Bacteroidia,Sphingobacteriales,Lentimicrobiaceae,Lentimicrobium,NA
ASV_7125,Bacteria,Bacillota,Clostridia,Christensenellales,Christensenellaceae,NA,NA
ASV_7126,Bacteria,Bacteroidota,Bacteroidia,Chitinophagales,37-13,NA,NA
ASV_7127,Bacteria,Patescibacteria,Gracilibacteria,JGI 0000069-P22,NA,NA,NA
ASV_7128,Bacteria,Bacillota,Clostridia,Clostridia UCG-014,NA,NA,NA
ASV_7129,Bacteria,Verrucomicrobiota,Omnitrophia,Omnitrophales,Omnitrophaceae,Candidatus Omnitrophus,NA
ASV_7130,Bacteria,Bacillota,Bacilli,Erysipelotrichales,Erysipelatoclostridiaceae,UCG-004,NA
ASV_7131,Bacteria,Synergistota,Synergistia,Synergistales,Synergistaceae,JGI-0000079-D21,NA
ASV_7132,Bacteria,NKB15,NA,NA,NA,NA,NA
ASV_7133,Bacteria,Patescibacteria,ABY1,Candidatus Uhrbacteria,NA,NA,NA
ASV_7134,Bacteria,Bacteroidota,Bacteroidia,Sphingobacteriales,NA,NA,NA
ASV_7135,Bacteria,Verrucomicrobiota,Omnitrophia,Omnitrophales,Omnitrophaceae,Candidatus Omnitrophus,NA
ASV_7136,Bacteria,Bacteroidota,Bacteroidia,Bacteroidales,Prolixibacteraceae,NA,NA
ASV_7137,Bacteria,Bacteroidota,Bacteroidia,Flavobacteriales,Flavobacteriaceae,Flavobacterium,NA
ASV_7138,Bacteria,Dependentiae,Babeliae,Babeliales,Vermiphilaceae,NA,NA
ASV_7139,Bacteria,Bacteroidota,Bacteroidia,Chitinophagales,Saprospiraceae,NA,NA
ASV_7140,Bacteria,Pseudomonadota,Gammaproteobacteria,NA,NA,NA,NA
ASV_7141,Bacteria,Pseudomonadota,Alphaproteobacteria,Acetobacterales,Acetobacteraceae,NA,NA
ASV_7142,Bacteria,Actinomycetota,Thermoleophilia,Gaiellales,NA,NA,NA
ASV_7143,Bacteria,Planctomycetota,Phycisphaerae,Phycisphaerales,Phycisphaeraceae,CL500-3,NA
ASV_7144,Bacteria,Planctomycetota,Planctomycetes,Gemmatales,Gemmataceae,NA,NA
ASV_7145,Bacteria,Pseudomonadota,Gammaproteobacteria,Gammaproteobacteria Incertae Sedis,Unknown Family,Acidibacter,NA
ASV_7146,Bacteria,Bacteroidota,Bacteroidia,Sphingobacteriales,NS11-12 marine group,NA,NA
ASV_7147,Bacteria,Patescibacteria,Microgenomatia,Candidatus Pacebacteria,NA,NA,NA
ASV_7148,Bacteria,Chlamydiota,Chlamydiia,Chlamydiales,Parachlamydiaceae,Neochlamydia,NA
ASV_7149,Bacteria,Fibrobacterota,Fibrobacteria,Fibrobacterales,Fibrobacteraceae,possible genus 06,NA
ASV_7150,Bacteria,Pseudomonadota,Alphaproteobacteria,Rhodospirillales,NA,NA,NA
ASV_7151,Bacteria,Pseudomonadota,Alphaproteobacteria,Paracaedibacterales,Paracaedibacteraceae,NA,NA
ASV_7152,Bacteria,Verrucomicrobiota,Verrucomicrobiia,Chthoniobacterales,Chthoniobacteraceae,LD29,NA
ASV_7153,Bacteria,Deinococcota,Deinococci,Thermales,Thermaceae,Allomeiothermus,NA
ASV_7154,Bacteria,Pseudomonadota,Alphaproteobacteria,Rickettsiales,Midichloriaceae,NA,NA
ASV_7155,Bacteria,Verrucomicrobiota,Lentisphaeria,Oligosphaerales,Oligosphaeraceae,Oligosphaera,NA
ASV_7156,Bacteria,Pseudomonadota,Gammaproteobacteria,Enterobacterales,Aeromonadaceae,Tolumonas,NA
ASV_7157,Bacteria,Bacteroidota,Bacteroidia,Bacteroidales,Williamwhitmaniaceae,Blvii28 wastewater-sludge group,NA
ASV_7158,Bacteria,Patescibacteria,Gracilibacteria,JGI 0000069-P22,NA,NA,NA
ASV_7159,Bacteria,Patescibacteria,Gracilibacteria,JGI 0000069-P22,NA,NA,NA
ASV_7160,Bacteria,Campylobacterota,Campylobacteria,Campylobacterales,NA,NA,NA
ASV_7161,Bacteria,Pseudomonadota,Gammaproteobacteria,NA,NA,NA,NA
ASV_7162,Bacteria,Synergistota,Synergistia,Synergistales,Synergistaceae,JGI-0000079-D21,NA
ASV_7163,Bacteria,Pseudomonadota,Alphaproteobacteria,Rickettsiales,Mitochondria,NA,NA
ASV_7164,Bacteria,Bacillota,Bacilli,Acholeplasmatales,Acholeplasmataceae,EUB33-2,NA
ASV_7165,Bacteria,Pseudomonadota,Gammaproteobacteria,Burkholderiales,Rhodocyclaceae,Dechloromonas,NA
ASV_7166,Bacteria,Pseudomonadota,Alphaproteobacteria,Micavibrionales,NA,NA,NA
ASV_7167,Bacteria,Bacteroidota,Bacteroidia,Sphingobacteriales,env.OPS 17,NA,NA
ASV_7168,Bacteria,Pseudomonadota,Gammaproteobacteria,Pseudomonadales,211ds20,NA,NA
ASV_7169,Bacteria,Bacteroidota,Bacteroidia,Bacteroidales,Prolixibacteraceae,BSV13,NA
ASV_7170,Bacteria,Pseudomonadota,Gammaproteobacteria,Burkholderiales,Methylophilaceae,Methylotenera,NA
ASV_7171,Bacteria,Bacteroidota,Bacteroidia,Bacteroidetes VC2.1 Bac22,NA,NA,NA
ASV_7172,Bacteria,Bacteroidota,Bacteroidia,Chitinophagales,Chitinophagaceae,NA,NA
ASV_7173,Bacteria,Pseudomonadota,Alphaproteobacteria,Caulobacterales,Caulobacteraceae,Caulobacter,NA
ASV_7174,Bacteria,Pseudomonadota,Gammaproteobacteria,Gammaproteobacteria Incertae Sedis,Unknown Family,Acidibacter,NA
ASV_7175,Bacteria,Bacteroidota,Bacteroidia,Cytophagales,Cyclobacteriaceae,Shivajiella,NA
ASV_7176,Bacteria,Planctomycetota,Planctomycetes,Pirellulales,Pirellulaceae,Candidatus Anammoximicrobium,NA
ASV_7177,Bacteria,Chlamydiota,Chlamydiia,Chlamydiales,Simkaniaceae,NA,NA
ASV_7178,Bacteria,Pseudomonadota,Gammaproteobacteria,Pseudomonadales,Spongiibacteraceae,BD1-7 clade,NA
ASV_7179,Bacteria,Bacteroidota,Bacteroidia,Cytophagales,Spirosomataceae,Dyadobacter,NA
ASV_7180,Bacteria,Pseudomonadota,Alphaproteobacteria,Ferrovibrionales,Ferrovibrionaceae,Ferrovibrio,NA
ASV_7181,Bacteria,Pseudomonadota,Alphaproteobacteria,Sphingomonadales,Sphingomonadaceae,Sphingobium,NA
ASV_7182,Bacteria,Pseudomonadota,Gammaproteobacteria,Pseudomonadales,NA,NA,NA
ASV_7183,Bacteria,Planctomycetota,Planctomycetes,Pirellulales,Pirellulaceae,NA,NA
ASV_7184,Bacteria,Bacteroidota,Bacteroidia,Bacteroidales,Paludibacteraceae,Paludibacter,NA
ASV_7185,Bacteria,Verrucomicrobiota,Lentisphaeria,Victivallales,Victivallaceae,NA,NA
ASV_7186,Bacteria,Bacillota,Clostridia,Peptostreptococcales-Tissierellales,Peptostreptococcaceae,Romboutsia,NA
ASV_7187,Bacteria,Pseudomonadota,Gammaproteobacteria,Enterobacterales,Alteromonadaceae,Rheinheimera,NA
ASV_7188,Bacteria,Pseudomonadota,Gammaproteobacteria,Pseudomonadales,Pseudomonadaceae,Pseudomonas,NA
ASV_7189,Bacteria,Bacteroidota,Bacteroidia,Chitinophagales,Chitinophagaceae,Sediminibacterium,NA
ASV_7190,Bacteria,Bacteroidota,Bacteroidia,Bacteroidetes VC2.1 Bac22,NA,NA,NA
ASV_7191,Bacteria,Verrucomicrobiota,Verrucomicrobiia,Pedosphaerales,Pedosphaeraceae,ADurb.Bin063-1,NA
ASV_7192,Bacteria,Bacteroidota,Bacteroidia,Flavobacteriales,Flavobacteriaceae,NA,NA
ASV_7193,Bacteria,Bacteroidota,Bacteroidia,Sphingobacteriales,Lentimicrobiaceae,NA,NA
ASV_7194,Bacteria,Chlorobiota,Chlorobia,Chlorobiales,Chlorobiaceae,NA,NA
ASV_7195,Bacteria,Bacillota,Clostridia,Christensenellales,Christensenellaceae,NA,NA
ASV_7196,Bacteria,Pseudomonadota,Alphaproteobacteria,Caulobacterales,Hyphomonadaceae,Hirschia,NA
ASV_7197,Bacteria,Pseudomonadota,Gammaproteobacteria,Pseudomonadales,Spongiibacteraceae,BD1-7 clade,NA
ASV_7198,Bacteria,Pseudomonadota,Gammaproteobacteria,Burkholderiales,Rhodocyclaceae,Methyloversatilis,NA
ASV_7199,Bacteria,Verrucomicrobiota,Verrucomicrobiia,Opitutales,Opitutaceae,Oleiharenicola,NA
ASV_7200,Bacteria,Actinomycetota,Acidimicrobiia,Microtrichales,Ilumatobacteraceae,CL500-29 marine group,NA
ASV_7201,Bacteria,Patescibacteria,Parcubacteria,Candidatus Nomurabacteria,NA,NA,NA
ASV_7202,Bacteria,Bacillota,Clostridia,Oscillospirales,Oscillospiraceae,Ruminiclostridium,NA
ASV_7203,Bacteria,Patescibacteria,Parcubacteria,Candidatus Nomurabacteria,NA,NA,NA
ASV_7204,Bacteria,Verrucomicrobiota,Verrucomicrobiia,Pedosphaerales,Pedosphaeraceae,ADurb.Bin063-1,NA
ASV_7205,Bacteria,Spirochaetota,Spirochaetia,Spirochaetales,Spirochaetaceae,Treponema,NA
ASV_7206,Bacteria,Chlamydiota,Chlamydiia,Chlamydiales,Parachlamydiaceae,Candidatus Rubidus,NA
ASV_7207,Bacteria,Pseudomonadota,Alphaproteobacteria,Parvibaculales,Parvibaculaceae,Parvibaculum,NA
ASV_7208,Bacteria,Bacteroidota,Bacteroidia,Cytophagales,Cyclobacteriaceae,Algoriphagus,NA
ASV_7209,Bacteria,Chlamydiota,Chlamydiia,Chlamydiales,Simkaniaceae,NA,NA
ASV_7210,Bacteria,Patescibacteria,Parcubacteria,Candidatus Kaiserbacteria,NA,NA,NA
ASV_7211,Bacteria,Pseudomonadota,Gammaproteobacteria,Burkholderiales,Rhodocyclaceae,Dechloromonas,NA
ASV_7212,Bacteria,Patescibacteria,ABY1,Candidatus Falkowbacteria,NA,NA,NA
ASV_7213,Bacteria,Bacillota,Bacilli,Izemoplasmatales,Izemoplasmataceae,NA,NA
ASV_7214,Bacteria,Patescibacteria,Microgenomatia,Candidatus Collierbacteria,NA,NA,NA
ASV_7215,Bacteria,Ignavibacteriota,Ignavibacteria,Ignavibacteriales,Melioribacteraceae,IheB3-7,NA
ASV_7216,Bacteria,Pseudomonadota,Gammaproteobacteria,Lysobacterales,Lysobacteraceae,Arenimonas,NA
ASV_7217,Bacteria,Bacteroidota,Bacteroidia,Sphingobacteriales,NA,NA,NA
ASV_7218,Bacteria,Pseudomonadota,Alphaproteobacteria,NA,NA,NA,NA
ASV_7219,Bacteria,Chloroflexota,Anaerolineae,Anaerolineales,Anaerolineaceae,NA,NA
ASV_7220,Bacteria,Chlamydiota,Chlamydiia,Chlamydiales,Parachlamydiaceae,NA,NA
ASV_7221,Bacteria,Pseudomonadota,Gammaproteobacteria,Pseudomonadales,Spongiibacteraceae,BD1-7 clade,NA
ASV_7222,Bacteria,Pseudomonadota,Gammaproteobacteria,Steroidobacterales,Steroidobacteraceae,NA,NA
ASV_7223,Bacteria,Pseudomonadota,Alphaproteobacteria,Acetobacterales,Acetobacteraceae,NA,NA
ASV_7224,Bacteria,Pseudomonadota,Gammaproteobacteria,Pseudomonadales,KI89A clade,NA,NA
ASV_7225,Bacteria,Bdellovibrionota,Oligoflexia,Oligoflexales,Oligoflexaceae,NA,NA
ASV_7226,Bacteria,Planctomycetota,Phycisphaerae,Phycisphaerales,Phycisphaeraceae,CL500-3,NA
ASV_7227,Bacteria,Patescibacteria,Saccharimonadia,Saccharimonadales,LWQ8,NA,NA
ASV_7228,Bacteria,Patescibacteria,Microgenomatia,Candidatus Pacebacteria,NA,NA,NA
ASV_7229,Bacteria,Bdellovibrionota,Bdellovibrionia,Bdellovibrionales,Pseudobdellovibrionaceae,NA,NA
ASV_7230,Bacteria,Pseudomonadota,Alphaproteobacteria,Caulobacterales,Hyphomonadaceae,Hirschia,NA
ASV_7231,Bacteria,Chlamydiota,Chlamydiia,Chlamydiales,Simkaniaceae,NA,NA
ASV_7232,Bacteria,Pseudomonadota,Gammaproteobacteria,Burkholderiales,Nitrosomonadaceae,oc32,NA
ASV_7233,Bacteria,Bacteroidota,Bacteroidia,Sphingobacteriales,NS11-12 marine group,NA,NA
ASV_7234,Bacteria,Bacteroidota,Bacteroidia,Flavobacteriales,NS9 marine group,NA,NA
ASV_7235,Bacteria,Planctomycetota,Planctomycetes,Planctomycetales,Schlesneriaceae,Planctopirus,NA
ASV_7236,Bacteria,Bacteroidota,Bacteroidia,Chitinophagales,Chitinophagaceae,Flavihumibacter,NA
ASV_7237,Bacteria,Pseudomonadota,Gammaproteobacteria,Burkholderiales,Comamonadaceae,Ottowia,NA
ASV_7238,Bacteria,Patescibacteria,Saccharimonadia,Saccharimonadales,LWQ8,NA,NA
ASV_7239,Bacteria,Planctomycetota,Planctomycetes,Planctomycetales,Schlesneriaceae,Planctopirus,NA
ASV_7240,Bacteria,Patescibacteria,Microgenomatia,Candidatus Pacebacteria,NA,NA,NA
ASV_7241,Bacteria,Pseudomonadota,Gammaproteobacteria,Burkholderiales,Comamonadaceae,Ramlibacter,NA
ASV_7242,Bacteria,Pseudomonadota,Gammaproteobacteria,Pseudomonadales,Halomonadaceae,HdN1,NA
ASV_7243,Bacteria,Bdellovibrionota,Bdellovibrionia,Bdellovibrionales,Pseudobdellovibrionaceae,NA,NA
ASV_7244,Bacteria,Patescibacteria,Dojkabacteria,NA,NA,NA,NA
ASV_7245,Bacteria,Pseudomonadota,Gammaproteobacteria,Burkholderiales,Rhodocyclaceae,Uliginosibacterium,NA
ASV_7246,Bacteria,Pseudomonadota,Gammaproteobacteria,Enterobacterales,Pasteurellaceae,Glaesserella,NA
ASV_7247,Bacteria,Actinomycetota,Actinobacteria,Micrococcales,Microbacteriaceae,Candidatus Aquiluna,NA
ASV_7248,Bacteria,Chlamydiota,Chlamydiia,Chlamydiales,Parachlamydiaceae,Neochlamydia,NA
ASV_7249,Bacteria,Verrucomicrobiota,Kiritimatiellia,WCHB1-41,NA,NA,NA
ASV_7250,Bacteria,Actinomycetota,Actinobacteria,Actinomycetales,Actinomycetaceae,Actinomyces,NA
ASV_7251,Bacteria,Pseudomonadota,Gammaproteobacteria,Cardiobacteriales,Cardiobacteriaceae,Cardiobacterium,NA
ASV_7252,Bacteria,Pseudomonadota,Alphaproteobacteria,Hyphomicrobiales,Pleomorphomonadaceae,Prosthecomicrobium,pneumaticum
ASV_7253,Bacteria,Bacillota,Bacilli,Erysipelotrichales,Erysipelotrichaceae,Erysipelothrix,NA
ASV_7254,Bacteria,Chlorobiota,Chlorobia,Chlorobiales,Chlorobiaceae,NA,NA
ASV_7255,Bacteria,Cyanobacteriota,Cyanobacteriia,Cyanobacteriales,Microcystaceae,Microcystis PCC-7914,NA
ASV_7256,Bacteria,Pseudomonadota,Alphaproteobacteria,Caulobacterales,Caulobacteraceae,Phenylobacterium,NA
ASV_7257,Bacteria,Pseudomonadota,Gammaproteobacteria,Salinisphaerales,Nevskiaceae,Stagnimonas,NA
ASV_7258,Bacteria,Chlamydiota,Chlamydiia,Chlamydiales,Parachlamydiaceae,NA,NA
ASV_7259,Bacteria,Chlamydiota,Chlamydiia,Chlamydiales,cvE6,NA,NA
ASV_7260,Bacteria,Pseudomonadota,Gammaproteobacteria,Legionellales,Legionellaceae,Legionella,NA
ASV_7261,Bacteria,Patescibacteria,Parcubacteria,Candidatus Nomurabacteria,NA,NA,NA
ASV_7262,Bacteria,Actinomycetota,Acidimicrobiia,Microtrichales,Ilumatobacteraceae,CL500-29 marine group,NA
ASV_7263,Bacteria,Pseudomonadota,Gammaproteobacteria,Burkholderiales,Comamonadaceae,Hydrogenophaga,NA
ASV_7264,Bacteria,Ignavibacteriota,Ignavibacteria,Ignavibacteriales,Ignavibacteriaceae,Ignavibacterium,NA
ASV_7265,Bacteria,Bdellovibrionota,Bacteriovoracia,Bacteriovoracales,Bacteriovoracaceae,Peredibacter,NA
ASV_7266,Bacteria,Planctomycetota,Planctomycetes,Pirellulales,Pirellulaceae,Pirellula,NA
ASV_7267,Bacteria,Actinomycetota,Actinobacteria,Mycobacteriales,Mycobacteriaceae,Mycobacterium,NA
ASV_7268,Bacteria,Bacteroidota,Bacteroidia,Chitinophagales,Saprospiraceae,NA,NA
ASV_7269,Bacteria,Planctomycetota,Planctomycetes,Pirellulales,Pirellulaceae,Pirellula,NA
ASV_7270,Bacteria,Pseudomonadota,Gammaproteobacteria,Pseudomonadales,Moraxellaceae,Acinetobacter,NA
ASV_7271,Bacteria,Campylobacterota,Campylobacteria,Campylobacterales,Sulfurimonadaceae,Sulfuricurvum,NA
ASV_7272,Bacteria,Chlamydiota,Chlamydiia,Chlamydiales,Simkaniaceae,NA,NA
ASV_7273,Bacteria,Bacillota,Bacilli,Izemoplasmatales,Izemoplasmataceae,NA,NA
ASV_7274,Bacteria,Pseudomonadota,Gammaproteobacteria,Methylococcales,Methylomonadaceae,Methylomicrobium,NA
ASV_7275,Bacteria,Planctomycetota,Planctomycetes,Gemmatales,Gemmataceae,NA,NA
ASV_7276,Bacteria,Actinomycetota,Actinobacteria,Frankiales,Sporichthyaceae,hgcI clade,NA
ASV_7277,Bacteria,Pseudomonadota,Gammaproteobacteria,Gammaproteobacteria Incertae Sedis,Unknown Family,NA,NA
ASV_7278,Bacteria,Bacteroidota,Bacteroidia,Chitinophagales,Saprospiraceae,NA,NA
ASV_7279,Bacteria,Pseudomonadota,Alphaproteobacteria,Sphingomonadales,Sphingomonadaceae,Sphingobium,NA
ASV_7280,Bacteria,Chlamydiota,Chlamydiia,Chlamydiales,NA,NA,NA
ASV_7281,Bacteria,Bacillota,Bacilli,Izemoplasmatales,Izemoplasmataceae,NA,NA
ASV_7282,Bacteria,Verrucomicrobiota,Lentisphaeria,Victivallales,Victivallaceae,NA,NA
ASV_7283,Bacteria,Bacteroidota,Bacteroidia,Flavobacteriales,Cryomorphaceae,Vicingus,NA
ASV_7284,Bacteria,Pseudomonadota,Gammaproteobacteria,Burkholderiales,Neisseriaceae,NA,NA
ASV_7285,Bacteria,Verrucomicrobiota,Verrucomicrobiia,Opitutales,Opitutaceae,Oleiharenicola,NA
ASV_7286,Bacteria,Pseudomonadota,Gammaproteobacteria,Pseudomonadales,Porticoccaceae,C1-B045,NA
ASV_7287,Bacteria,Bacteroidota,Bacteroidia,Sphingobacteriales,NS11-12 marine group,NA,NA
ASV_7288,Bacteria,Pseudomonadota,Gammaproteobacteria,Burkholderiales,Methylophilaceae,Methylotenera,NA
ASV_7289,Bacteria,Pseudomonadota,Gammaproteobacteria,R7C24,NA,NA,NA
ASV_7290,Bacteria,Thermodesulfobacteriota,Desulfuromonadia,Bradymonadales,NA,NA,NA
ASV_7291,Bacteria,Chlamydiota,Chlamydiia,Chlamydiales,Criblamydiaceae,Estrella,NA
ASV_7292,Bacteria,Planctomycetota,Planctomycetes,Gemmatales,Gemmataceae,NA,NA
ASV_7293,Bacteria,Pseudomonadota,Gammaproteobacteria,Burkholderiales,Rhodocyclaceae,NA,NA
ASV_7294,Bacteria,Bacteroidota,Bacteroidia,Chitinophagales,NA,NA,NA
ASV_7295,Bacteria,Patescibacteria,Dojkabacteria,NA,NA,NA,NA
ASV_7296,Bacteria,Sumerlaeota,Sumerlaeia,Sumerlaeales,Sumerlaeaceae,Sumerlaea,NA
ASV_7297,Bacteria,Bacillota,Clostridia,Oscillospirales,Ethanoligenenaceae,Acetanaerobacterium,NA
ASV_7298,Bacteria,Pseudomonadota,Gammaproteobacteria,Enterobacterales,Enterobacteriaceae,Escherichia-Shigella,NA
ASV_7299,Bacteria,Bacteroidota,Bacteroidia,Bacteroidales,Prolixibacteraceae,NA,NA
ASV_7300,Bacteria,Patescibacteria,Saccharimonadia,Saccharimonadales,LWQ8,NA,NA
ASV_7301,Bacteria,Pseudomonadota,Gammaproteobacteria,Burkholderiales,Rhodocyclaceae,NA,NA
ASV_7302,Bacteria,Bacteroidota,Bacteroidia,Bacteroidales,Prolixibacteraceae,BSV13,NA
ASV_7303,Bacteria,Myxococcota,Polyangiia,Blfdi19,NA,NA,NA
ASV_7304,Bacteria,NA,NA,NA,NA,NA,NA
ASV_7305,Bacteria,Bdellovibrionota,Bacteriovoracia,Bacteriovoracales,Bacteriovoracaceae,Bacteriovorax,NA
ASV_7306,Bacteria,Pseudomonadota,Alphaproteobacteria,Micavibrionales,NA,NA,NA
ASV_7307,Bacteria,Bacillota,Clostridia,Christensenellales,Christensenellaceae,NA,NA
ASV_7308,Bacteria,Bacteroidota,Bacteroidia,Flavobacteriales,Weeksellaceae,Cloacibacterium,normanense
ASV_7309,Bacteria,Bacillota,Clostridia,Clostridia vadinBB60 group,NA,NA,NA
ASV_7310,Bacteria,Campylobacterota,Campylobacteria,Campylobacterales,NA,NA,NA
ASV_7311,Bacteria,Gemmatimonadota,Gemmatimonadia,Gemmatimonadales,Gemmatimonadaceae,Gemmatimonas,NA
ASV_7312,Bacteria,Bacillota,Bacilli,Erysipelotrichales,Erysipelatoclostridiaceae,UCG-004,NA
ASV_7313,Bacteria,Candidatus Kapabacteria,Kapabacteria,Kapabacteriales,NA,NA,NA
ASV_7314,Bacteria,Bacillota,Clostridia,Peptostreptococcales-Tissierellales,Family XI,Soehngenia,NA
ASV_7315,Bacteria,Patescibacteria,Dojkabacteria,NA,NA,NA,NA
ASV_7316,Bacteria,Pseudomonadota,Gammaproteobacteria,Burkholderiales,Neisseriaceae,NA,NA
ASV_7317,Bacteria,Actinomycetota,Actinobacteria,Propionibacteriales,Nocardioidaceae,Aeromicrobium,NA
ASV_7318,Bacteria,Bacteroidota,Bacteroidia,Flavobacteriales,Weeksellaceae,Cloacibacterium,normanense
ASV_7319,Bacteria,Pseudomonadota,Gammaproteobacteria,Chromatiales,Chromatiaceae,Thiolamprovum,NA
ASV_7320,Bacteria,Patescibacteria,Saccharimonadia,Saccharimonadales,NA,NA,NA
ASV_7321,Bacteria,Pseudomonadota,Gammaproteobacteria,Pseudomonadales,Moraxellaceae,Fluviicoccus,NA
ASV_7322,Bacteria,Chlamydiota,Chlamydiia,Chlamydiales,Parachlamydiaceae,Neochlamydia,NA
ASV_7323,Bacteria,Pseudomonadota,Alphaproteobacteria,Paracaedibacterales,Paracaedibacteraceae,NA,NA
ASV_7324,Bacteria,Acidobacteriota,Holophagae,Holophagales,Holophagaceae,Holophaga,NA
ASV_7325,Bacteria,Patescibacteria,Parcubacteria,Candidatus Moranbacteria,NA,NA,NA
ASV_7326,Bacteria,Planctomycetota,NA,NA,NA,NA,NA
ASV_7327,Bacteria,Verrucomicrobiota,Omnitrophia,Omnitrophales,Omnitrophaceae,Candidatus Omnitrophus,NA
ASV_7328,Bacteria,Patescibacteria,Saccharimonadia,Saccharimonadales,NA,NA,NA
ASV_7329,Bacteria,Actinomycetota,Actinobacteria,Micrococcales,Microbacteriaceae,Aurantimicrobium,NA
ASV_7330,Bacteria,Bacteroidota,Bacteroidia,Sphingobacteriales,Sphingobacteriaceae,Solitalea,NA
ASV_7331,Bacteria,Cyanobacteriota,Cyanobacteriia,Cyanobacteriales,Oscillatoriaceae,Planktothricoides SR001,NA
ASV_7332,Bacteria,Bacillota,Desulfitobacteriia,Desulfitobacteriales,NA,NA,NA
ASV_7333,Bacteria,Bacillota,Bacilli,Erysipelotrichales,Erysipelatoclostridiaceae,UCG-004,NA
ASV_7334,Bacteria,Bacteroidota,Bacteroidia,Bacteroidales,Paludibacteraceae,Paludibacter,NA
ASV_7335,Bacteria,Actinomycetota,Thermoleophilia,Gaiellales,NA,NA,NA
ASV_7336,Bacteria,Thermodesulfobacteriota,Desulfuromonadia,Bradymonadales,NA,NA,NA
ASV_7337,Bacteria,Bacteroidota,Bacteroidia,Chitinophagales,NA,NA,NA
ASV_7338,Bacteria,Pseudomonadota,Gammaproteobacteria,JG36-GS-52,NA,NA,NA
ASV_7339,Bacteria,Pseudomonadota,Gammaproteobacteria,Rickettsiellales,Rickettsiellaceae,Aquicella,NA
ASV_7340,Bacteria,Pseudomonadota,Gammaproteobacteria,Burkholderiales,Neisseriaceae,NA,NA
ASV_7341,Bacteria,Pseudomonadota,Gammaproteobacteria,Lysobacterales,Lysobacteraceae,Lysobacter,NA
ASV_7342,Bacteria,Pseudomonadota,Gammaproteobacteria,R7C24,NA,NA,NA
ASV_7343,Bacteria,Bdellovibrionota,Bdellovibrionia,Bdellovibrionales,Pseudobdellovibrionaceae,NA,NA
ASV_7344,Bacteria,Pseudomonadota,Gammaproteobacteria,Pseudomonadales,NA,NA,NA
ASV_7345,Bacteria,Pseudomonadota,Gammaproteobacteria,CCM19a,NA,NA,NA
ASV_7346,Bacteria,Pseudomonadota,Alphaproteobacteria,Sphingomonadales,Sphingomonadaceae,NA,NA
ASV_7347,Bacteria,Actinomycetota,Thermoleophilia,Solirubrobacterales,67-14,NA,NA
ASV_7348,Bacteria,Bacillota,Bacilli,Erysipelotrichales,Erysipelatoclostridiaceae,UCG-004,NA
ASV_7349,Bacteria,Pseudomonadota,Gammaproteobacteria,Pseudomonadales,NA,NA,NA
ASV_7350,Bacteria,Patescibacteria,ABY1,Candidatus Kerfeldbacteria,NA,NA,NA
ASV_7351,Bacteria,SAR324 clade(Marine group B),Incertae Sedis,Incertae Sedis,Incertae Sedis,Candidatus Nitrosoarchaeum,NA
ASV_7352,Bacteria,Pseudomonadota,Alphaproteobacteria,Paracaedibacterales,Paracaedibacteraceae,NA,NA
ASV_7353,Bacteria,Pseudomonadota,Alphaproteobacteria,Rickettsiales,NA,NA,NA
ASV_7354,Bacteria,Bdellovibrionota,Bdellovibrionia,Bdellovibrionales,Pseudobdellovibrionaceae,Pseudobdellovibrio,NA
ASV_7355,Bacteria,Bdellovibrionota,Oligoflexia,0319-6G20,NA,NA,NA
ASV_7356,Bacteria,Chlamydiota,Chlamydiia,Chlamydiales,Simkaniaceae,NA,NA
ASV_7357,Bacteria,Thermodesulfobacteriota,Desulfuromonadia,Bradymonadales,NA,NA,NA
ASV_7358,Bacteria,Bdellovibrionota,Oligoflexia,Silvanigrellales,Silvanigrellaceae,NA,NA
ASV_7359,Bacteria,Pseudomonadota,Alphaproteobacteria,Paracaedibacterales,Paracaedibacteraceae,Candidatus Captivus,NA
ASV_7360,Bacteria,Pseudomonadota,Gammaproteobacteria,NA,NA,NA,NA
ASV_7361,Bacteria,Pseudomonadota,Alphaproteobacteria,Paracaedibacterales,Paracaedibacteraceae,NA,NA
ASV_7362,Bacteria,Pseudomonadota,Gammaproteobacteria,Salinisphaerales,Nevskiaceae,Fontimonas,NA
ASV_7363,Bacteria,Patescibacteria,Gracilibacteria,Absconditabacteriales (SR1),NA,NA,NA
ASV_7364,Bacteria,Bacteroidota,Bacteroidia,Bacteroidales,Prolixibacteraceae,Roseimarinus,NA
ASV_7365,Bacteria,Pseudomonadota,Gammaproteobacteria,Pseudomonadales,Moraxellaceae,Enhydrobacter,aerosaccus
ASV_7366,Bacteria,Actinomycetota,Actinobacteria,Micrococcales,Micrococcaceae,Zhihengliuella,flava
ASV_7367,Bacteria,Patescibacteria,Parcubacteria,NA,NA,NA,NA
ASV_7368,Bacteria,Pseudomonadota,Alphaproteobacteria,Rickettsiales,Mitochondria,NA,NA
ASV_7369,Bacteria,Actinomycetota,Actinobacteria,PeM15,NA,NA,NA
ASV_7370,Bacteria,Bacteroidota,Bacteroidia,Bacteroidales,Bacteroidetes vadinHA17,NA,NA
ASV_7371,Bacteria,Bacteroidota,Bacteroidia,Flavobacteriales,Weeksellaceae,Cloacibacterium,NA
ASV_7372,Bacteria,Bacillota,Bacilli,Erysipelotrichales,Erysipelotrichaceae,Erysipelothrix,NA
ASV_7373,Bacteria,Bacteroidota,Bacteroidia,Bacteroidales,Tannerellaceae,Macellibacteroides,NA
ASV_7374,Bacteria,Planctomycetota,Planctomycetes,Pirellulales,Pirellulaceae,Candidatus Anammoximicrobium,NA
ASV_7375,Bacteria,Pseudomonadota,Gammaproteobacteria,Lysobacterales,Lysobacteraceae,NA,NA
ASV_7376,Bacteria,Thermodesulfobacteriota,Desulfobacteria,Desulfobacterales,Desulfococcaceae,Desulfococcus,NA
ASV_7377,Bacteria,Chlamydiota,Chlamydiia,Chlamydiales,Parachlamydiaceae,Neochlamydia,NA
ASV_7378,Bacteria,Chlamydiota,Chlamydiia,Chlamydiales,Parachlamydiaceae,Neochlamydia,NA
ASV_7379,Bacteria,Pseudomonadota,Alphaproteobacteria,Holosporales,Holosporaceae,Candidatus Bealeia,NA
ASV_7380,Bacteria,Bacteroidota,Bacteroidia,Sphingobacteriales,Lentimicrobiaceae,NA,NA
ASV_7381,Bacteria,Pseudomonadota,Gammaproteobacteria,Legionellales,Legionellaceae,Legionella,NA
ASV_7382,Bacteria,Pseudomonadota,Alphaproteobacteria,NA,NA,NA,NA
ASV_7383,Bacteria,Pseudomonadota,Alphaproteobacteria,Paracaedibacterales,Paracaedibacteraceae,Candidatus Paracaedibacter,NA
ASV_7384,Bacteria,Bacteroidota,Bacteroidia,Sphingobacteriales,Lentimicrobiaceae,NA,NA
ASV_7385,Bacteria,Chlamydiota,Chlamydiia,Chlamydiales,Parachlamydiaceae,Neochlamydia,NA
ASV_7386,Bacteria,Chlamydiota,Chlamydiia,Chlamydiales,Parachlamydiaceae,Neochlamydia,NA
ASV_7387,Bacteria,Thermodesulfobacteriota,Desulfobulbia,Desulfobulbales,Desulfobulbaceae,Desulfobulbus,NA
ASV_7388,Bacteria,Pseudomonadota,Alphaproteobacteria,Hyphomicrobiales,Beijerinckiaceae,Psychroglaciecola,NA
ASV_7389,Bacteria,Pseudomonadota,Alphaproteobacteria,Paracaedibacterales,Paracaedibacteraceae,NA,NA
ASV_7390,Bacteria,Ignavibacteriota,Ignavibacteria,Ignavibacteriales,PHOS-HE36,NA,NA
ASV_7391,Bacteria,Bacteroidota,Bacteroidia,Bacteroidales,Prolixibacteraceae,NA,NA
ASV_7392,Bacteria,Pseudomonadota,Alphaproteobacteria,Hyphomicrobiales,Stappiaceae,Pannonibacter,NA
ASV_7393,Bacteria,Pseudomonadota,Gammaproteobacteria,R7C24,NA,NA,NA
ASV_7394,Bacteria,Pseudomonadota,Alphaproteobacteria,Micavibrionales,NA,NA,NA
ASV_7395,Bacteria,Planctomycetota,Planctomycetes,Gemmatales,Gemmataceae,NA,NA
ASV_7396,Bacteria,Bacteroidota,Bacteroidia,Sphingobacteriales,NA,NA,NA
ASV_7397,Bacteria,Bacteroidota,Bacteroidia,Flavobacteriales,Flavobacteriaceae,Flavobacterium,NA
ASV_7398,Bacteria,Pseudomonadota,Alphaproteobacteria,Hyphomicrobiales,Xanthobacteraceae,Ancylobacter,polymorphus
ASV_7399,Bacteria,Pseudomonadota,Gammaproteobacteria,Burkholderiales,Alcaligenaceae,NA,NA
ASV_7400,Bacteria,Pseudomonadota,Alphaproteobacteria,Rickettsiales,Midichloriaceae,Lyticum,NA
ASV_7401,Bacteria,Pseudomonadota,Gammaproteobacteria,Legionellales,Legionellaceae,Legionella,NA
ASV_7402,Bacteria,Pseudomonadota,Alphaproteobacteria,Caulobacterales,Hyphomonadaceae,Hirschia,NA
ASV_7403,Bacteria,Pseudomonadota,Gammaproteobacteria,NA,NA,NA,NA
ASV_7404,Bacteria,Patescibacteria,NA,NA,NA,NA,NA
ASV_7405,Bacteria,Pseudomonadota,Gammaproteobacteria,Burkholderiales,Rhodocyclaceae,Aromatoleum,NA
ASV_7406,Bacteria,Bacillota,Clostridia,Peptococcales,Peptococcaceae,Dehalobacterium,NA
ASV_7407,Bacteria,Thermodesulfobacteriota,Desulfobulbia,Desulfobulbales,Desulfobulbaceae,Desulfobulbus,propionicus
ASV_7408,Bacteria,Pseudomonadota,Gammaproteobacteria,Competibacterales,Competibacteraceae,Candidatus Competibacter,NA
ASV_7409,Bacteria,Bacteroidota,Bacteroidia,Sphingobacteriales,env.OPS 17,NA,NA
ASV_7410,Bacteria,Pseudomonadota,Alphaproteobacteria,Hyphomicrobiales,Rhizobiaceae,Allorhizobium,NA
ASV_7411,Bacteria,Thermodesulfobacteriota,Desulfomonilia,Desulfomonilales,Desulfomonilaceae,Desulfomonile,NA
ASV_7412,Bacteria,Bacillota,Bacilli,RF39,NA,NA,NA
ASV_7413,Bacteria,Bacteroidota,Bacteroidia,Flavobacteriales,Crocinitomicaceae,Fluviicola,NA
ASV_7414,Bacteria,Actinomycetota,Actinobacteria,Frankiales,Sporichthyaceae,hgcI clade,NA
ASV_7415,Bacteria,Pseudomonadota,Gammaproteobacteria,Burkholderiales,Burkholderiaceae,Polynucleobacter,NA
ASV_7416,Bacteria,Pseudomonadota,Alphaproteobacteria,Rhodospirillales,NA,NA,NA
ASV_7417,Bacteria,Patescibacteria,Saccharimonadia,Saccharimonadales,Saccharimonadaceae,Candidatus Saccharimonas,NA
ASV_7418,Bacteria,Pseudomonadota,Alphaproteobacteria,Rickettsiales,Midichloriaceae,NA,NA
ASV_7419,Bacteria,Patescibacteria,Saccharimonadia,Saccharimonadales,NA,NA,NA
ASV_7420,Bacteria,Pseudomonadota,Gammaproteobacteria,NA,NA,NA,NA
ASV_7421,Bacteria,Bacteroidota,Bacteroidia,Sphingobacteriales,ST-12K33,NA,NA
ASV_7422,Bacteria,Bacillota,Bacilli,RF39,NA,NA,NA
ASV_7423,Bacteria,Bacteroidota,Bacteroidia,Bacteroidales,NA,NA,NA
ASV_7424,Bacteria,Verrucomicrobiota,Verrucomicrobiia,LD1-PB3,NA,NA,NA
ASV_7425,Bacteria,Verrucomicrobiota,Omnitrophia,Omnitrophales,Omnitrophaceae,Candidatus Omnitrophus,NA
ASV_7426,Bacteria,Dependentiae,Babeliae,Babeliales,NA,NA,NA
ASV_7427,Bacteria,Pseudomonadota,Gammaproteobacteria,Burkholderiales,Rhodocyclaceae,Azonexus,NA
ASV_7428,Bacteria,Pseudomonadota,Alphaproteobacteria,Rickettsiales,Mitochondria,NA,NA
ASV_7429,Bacteria,Bacteroidota,Bacteroidia,Flavobacteriales,Cryomorphaceae,NS10 marine group,NA
ASV_7430,Bacteria,Bacteroidota,Bacteroidia,NA,NA,NA,NA
ASV_7431,Bacteria,Pseudomonadota,Alphaproteobacteria,Rickettsiales,Midichloriaceae,NA,NA
ASV_7432,Bacteria,Acidobacteriota,Blastocatellia,11-24,NA,NA,NA
ASV_7433,Bacteria,Pseudomonadota,Gammaproteobacteria,Pseudomonadales,Pseudohongiellaceae,Pseudohongiella,NA
ASV_7434,Bacteria,Pseudomonadota,Gammaproteobacteria,Gammaproteobacteria Incertae Sedis,Unknown Family,Candidatus Berkiella,NA
ASV_7435,Bacteria,Pseudomonadota,Alphaproteobacteria,Paracaedibacterales,Paracaedibacteraceae,NA,NA
ASV_7436,Bacteria,Myxococcota,Polyangiia,Polyangiales,NA,NA,NA
ASV_7437,Bacteria,Pseudomonadota,Gammaproteobacteria,Legionellales,Legionellaceae,Legionella,NA
ASV_7438,Bacteria,Pseudomonadota,Gammaproteobacteria,Burkholderiales,Comamonadaceae,Sphaerotilus,NA
ASV_7439,Bacteria,Pseudomonadota,Gammaproteobacteria,CCD24,NA,NA,NA
ASV_7440,Bacteria,Actinomycetota,Actinobacteria,PeM15,NA,NA,NA
ASV_7441,Bacteria,Pseudomonadota,Alphaproteobacteria,Rickettsiales,SM2D12,NA,NA
ASV_7442,Bacteria,Myxococcota,Polyangiia,Nannocystales,Nannocystaceae,NA,NA
ASV_7443,Bacteria,Planctomycetota,Planctomycetes,Planctomycetales,Schlesneriaceae,Schlesneria,NA
ASV_7444,Bacteria,Bacillota,Bacilli,Erysipelotrichales,Erysipelatoclostridiaceae,UCG-004,NA
ASV_7445,Bacteria,Pseudomonadota,Alphaproteobacteria,Paracaedibacterales,Paracaedibacteraceae,Candidatus Paracaedibacter,NA
ASV_7446,Bacteria,Candidatus Kapabacteria,Kapabacteria,Kapabacteriales,NA,NA,NA
ASV_7447,Bacteria,Cyanobacteriota,Cyanobacteriia,Chloroplast,NA,NA,NA
ASV_7448,Bacteria,Chlamydiota,Chlamydiia,Chlamydiales,Parachlamydiaceae,NA,NA
ASV_7449,Bacteria,Chlamydiota,Chlamydiia,Chlamydiales,Parachlamydiaceae,Neochlamydia,NA
ASV_7450,Bacteria,Gemmatimonadota,Gemmatimonadia,Gemmatimonadales,Gemmatimonadaceae,NA,NA
ASV_7451,Bacteria,Patescibacteria,WWE3,NA,NA,NA,NA
ASV_7452,Bacteria,Bdellovibrionota,Oligoflexia,0319-6G20,NA,NA,NA
ASV_7453,Bacteria,Cyanobacteriota,Cyanobacteriia,Chloroplast,NA,NA,NA
ASV_7454,Bacteria,Bacteroidota,Bacteroidia,Bacteroidales,Prolixibacteraceae,BSV13,NA
ASV_7455,Bacteria,Bacteroidota,Bacteroidia,Flavobacteriales,Flavobacteriaceae,Flavobacterium,NA
ASV_7456,Bacteria,Pseudomonadota,Gammaproteobacteria,Beggiatoales,Leucotrichaceae,Thiothrix,NA
ASV_7457,Bacteria,Verrucomicrobiota,Lentisphaeria,Oligosphaerales,Oligosphaeraceae,NA,NA
ASV_7458,Bacteria,Verrucomicrobiota,Lentisphaeria,Victivallales,vadinBE97,NA,NA
ASV_7459,Bacteria,Pseudomonadota,Gammaproteobacteria,Enterobacterales,Pasteurellaceae,Aggregatibacter,kilianii
ASV_7460,Bacteria,Bacteroidota,Bacteroidia,Bacteroidales,Prolixibacteraceae,NA,NA
ASV_7461,Bacteria,Bacteroidota,Bacteroidia,Sphingobacteriales,NS11-12 marine group,NA,NA
ASV_7462,Bacteria,Pseudomonadota,Alphaproteobacteria,Holosporales,Holosporaceae,Candidatus Bealeia,NA
ASV_7463,Bacteria,Pseudomonadota,Alphaproteobacteria,Paracaedibacterales,Paracaedibacteraceae,NA,NA
ASV_7464,Bacteria,Planctomycetota,Planctomycetes,Planctomycetales,Rubinisphaeraceae,NA,NA
ASV_7465,Bacteria,Bacteroidota,Bacteroidia,Sphingobacteriales,env.OPS 17,NA,NA
ASV_7466,Bacteria,Pseudomonadota,Gammaproteobacteria,NA,NA,NA,NA
ASV_7467,Bacteria,Bacillota,Clostridia,Peptostreptococcales-Tissierellales,Anaerovoracaceae,[Eubacterium] brachy group,NA
ASV_7468,Bacteria,Bacteroidota,Bacteroidia,Bacteroidales,Prolixibacteraceae,NA,NA
ASV_7469,Bacteria,Pseudomonadota,Gammaproteobacteria,Pseudomonadales,Moraxellaceae,NA,NA
ASV_7470,Bacteria,Chloroflexota,Anaerolineae,Caldilineales,Caldilineaceae,NA,NA
ASV_7471,Bacteria,Actinomycetota,Actinobacteria,Micrococcales,Microbacteriaceae,Aurantimicrobium,NA
ASV_7472,Bacteria,Pseudomonadota,Gammaproteobacteria,Burkholderiales,Comamonadaceae,Ottowia,NA
ASV_7473,Bacteria,Pseudomonadota,Alphaproteobacteria,Micavibrionales,NA,NA,NA
ASV_7474,Bacteria,Pseudomonadota,Gammaproteobacteria,NA,NA,NA,NA
ASV_7475,Bacteria,Pseudomonadota,Gammaproteobacteria,Burkholderiales,Comamonadaceae,NA,NA
ASV_7476,Bacteria,Campylobacterota,Campylobacteria,Campylobacterales,Sulfurimonadaceae,Sulfuricurvum,NA
ASV_7477,Bacteria,Bacillota,Clostridia,Peptostreptococcales-Tissierellales,Peptostreptococcaceae,Romboutsia,NA
ASV_7478,Bacteria,Chloroflexota,Anaerolineae,Anaerolineales,Anaerolineaceae,NA,NA
ASV_7479,Bacteria,Bacillota,Bacilli,Izemoplasmatales,Izemoplasmataceae,NA,NA
ASV_7480,Bacteria,Cyanobacteriota,Cyanobacteriia,Chloroplast,NA,NA,NA
ASV_7481,Bacteria,Pseudomonadota,Gammaproteobacteria,Burkholderiales,Neisseriaceae,NA,NA
ASV_7482,Bacteria,Verrucomicrobiota,Verrucomicrobiia,Pedosphaerales,Pedosphaeraceae,ADurb.Bin063-1,NA
ASV_7483,Bacteria,Pseudomonadota,Gammaproteobacteria,Legionellales,Legionellaceae,Legionella,NA
ASV_7484,Bacteria,Chloroflexota,Anaerolineae,Anaerolineales,Anaerolineaceae,NA,NA
ASV_7485,Bacteria,Pseudomonadota,Alphaproteobacteria,Hyphomicrobiales,Beijerinckiaceae,Bosea,thiooxidans
ASV_7486,Bacteria,Verrucomicrobiota,Verrucomicrobiia,Pedosphaerales,Pedosphaeraceae,DEV114,NA
ASV_7487,Bacteria,Bacteroidota,Bacteroidia,Bacteroidales,Paludibacteraceae,Paludibacter,NA
ASV_7488,Bacteria,Pseudomonadota,Gammaproteobacteria,Competibacterales,Competibacteraceae,Plasticicumulans,NA
ASV_7489,Bacteria,Pseudomonadota,Gammaproteobacteria,Lysobacterales,Lysobacteraceae,NA,NA
ASV_7490,Bacteria,Fusobacteriota,Fusobacteriia,Fusobacteriales,Fusobacteriaceae,Cetobacterium,somerae
ASV_7491,Bacteria,Planctomycetota,Planctomycetes,Planctomycetales,NA,NA,NA
ASV_7492,Bacteria,Pseudomonadota,Gammaproteobacteria,Enterobacterales,Shewanellaceae,Shewanella,NA
ASV_7493,Bacteria,SAR324 clade(Marine group B),Incertae Sedis,Incertae Sedis,Incertae Sedis,Candidatus Nitrosoarchaeum,NA
ASV_7494,Bacteria,Pseudomonadota,Alphaproteobacteria,Sphingomonadales,Sphingomonadaceae,Sphingobium,NA
ASV_7495,Bacteria,Verrucomicrobiota,Verrucomicrobiia,Opitutales,Opitutaceae,Oleiharenicola,NA
ASV_7496,Bacteria,SAR324 clade(Marine group B),Incertae Sedis,Incertae Sedis,Incertae Sedis,Candidatus Nitrosoarchaeum,NA
ASV_7497,Bacteria,Pseudomonadota,Gammaproteobacteria,Enterobacterales,Yersiniaceae,Serratia,NA
ASV_7498,Bacteria,Chloroflexota,Anaerolineae,Anaerolineales,Anaerolineaceae,NA,NA
ASV_7499,Bacteria,Chlamydiota,Chlamydiia,Chlamydiales,Parachlamydiaceae,NA,NA
ASV_7500,Bacteria,Bacteroidota,Bacteroidia,Bacteroidales,Marinifilaceae,NA,NA
ASV_7501,Bacteria,Bacillota,Bacilli,Erysipelotrichales,Erysipelatoclostridiaceae,UCG-004,NA
ASV_7502,Bacteria,Cyanobacteriota,Cyanobacteriia,Chloroplast,NA,NA,NA
ASV_7503,Bacteria,Patescibacteria,Parcubacteria,Candidatus Nomurabacteria,NA,NA,NA
ASV_7504,Bacteria,Verrucomicrobiota,Kiritimatiellia,WCHB1-41,NA,NA,NA
ASV_7505,Bacteria,Bacteroidota,Bacteroidia,Sphingobacteriales,ST-12K33,NA,NA
ASV_7506,Bacteria,Bacillota,Bacilli,Izemoplasmatales,Izemoplasmataceae,NA,NA
ASV_7507,Bacteria,Patescibacteria,Saccharimonadia,Saccharimonadales,NA,NA,NA
ASV_7508,Bacteria,Dependentiae,Babeliae,Babeliales,NA,NA,NA
ASV_7509,Bacteria,Patescibacteria,Parcubacteria,Candidatus Moranbacteria,NA,NA,NA
ASV_7510,Bacteria,Verrucomicrobiota,Verrucomicrobiia,Opitutales,Puniceicoccaceae,NA,NA
ASV_7511,Bacteria,Bacteroidota,Bacteroidia,Bacteroidales,Prolixibacteraceae,NA,NA
ASV_7512,Bacteria,Chlamydiota,Chlamydiia,Chlamydiales,cvE6,NA,NA
ASV_7513,Bacteria,Gemmatimonadota,Gemmatimonadia,Gemmatimonadales,Gemmatimonadaceae,Gemmatimonas,NA
ASV_7514,Bacteria,Thermodesulfobacteriota,Desulfuromonadia,PB19,NA,NA,NA
ASV_7515,Bacteria,Sumerlaeota,Sumerlaeia,Sumerlaeales,Sumerlaeaceae,Sumerlaea,NA
ASV_7516,Bacteria,Bacteroidota,Bacteroidia,Sphingobacteriales,Sphingobacteriaceae,Solitalea,NA
ASV_7517,Bacteria,Bdellovibrionota,Bacteriovoracia,Bacteriovoracales,Bacteriovoracaceae,Bacteriovorax,NA
ASV_7518,Bacteria,Pseudomonadota,Alphaproteobacteria,Hyphomicrobiales,Rhizobiaceae,NA,NA
ASV_7519,Bacteria,Bdellovibrionota,Bdellovibrionia,Bdellovibrionales,Pseudobdellovibrionaceae,OM27 clade,NA
ASV_7520,Bacteria,Verrucomicrobiota,Omnitrophia,Omnitrophales,Omnitrophaceae,Candidatus Omnitrophus,NA
ASV_7521,Bacteria,Patescibacteria,Parcubacteria,NA,NA,NA,NA
ASV_7522,Bacteria,Pseudomonadota,Alphaproteobacteria,Paracaedibacterales,Paracaedibacteraceae,Candidatus Paracaedibacter,NA
ASV_7523,Bacteria,Patescibacteria,Parcubacteria,NA,NA,NA,NA
ASV_7524,Bacteria,Bacillota,Bacilli,Erysipelotrichales,Erysipelotrichaceae,Erysipelothrix,NA
ASV_7525,Bacteria,Pseudomonadota,Gammaproteobacteria,Burkholderiales,Methylophilaceae,Methylotenera,NA
ASV_7526,Bacteria,Fibrobacterota,Fibrobacteria,Fibrobacterales,Fibrobacteraceae,possible genus 06,NA
ASV_7527,Bacteria,Bacteroidota,Bacteroidia,Chitinophagales,Chitinophagaceae,Dinghuibacter,NA
ASV_7528,Bacteria,Pseudomonadota,Alphaproteobacteria,Parvibaculales,Parvibaculaceae,Parvibaculum,NA
ASV_7529,Bacteria,Verrucomicrobiota,Verrucomicrobiia,Chthoniobacterales,Chthoniobacteraceae,LD29,NA
ASV_7530,Bacteria,Patescibacteria,Parcubacteria,Candidatus Kaiserbacteria,NA,NA,NA
ASV_7531,Bacteria,Ignavibacteriota,Ignavibacteria,Ignavibacteriales,Ignavibacteriaceae,Ignavibacterium,NA
ASV_7532,Bacteria,Planctomycetota,OM190,NA,NA,NA,NA
ASV_7533,Bacteria,Pseudomonadota,Gammaproteobacteria,CCD24,NA,NA,NA
ASV_7534,Bacteria,Thermodesulfobacteriota,Desulfuromonadia,Bradymonadales,Incertae Sedis,SKP-2,NA
ASV_7535,Bacteria,Pseudomonadota,Alphaproteobacteria,Sphingomonadales,Sphingomonadaceae,Sphingobium,NA
ASV_7536,Bacteria,Pseudomonadota,Alphaproteobacteria,Kiloniellales,Fodinicurvataceae,NA,NA
ASV_7537,Bacteria,Bdellovibrionota,Bacteriovoracia,Bacteriovoracales,Bacteriovoracaceae,Peredibacter,NA
ASV_7538,Bacteria,Pseudomonadota,Alphaproteobacteria,Paracaedibacterales,Paracaedibacteraceae,NA,NA
ASV_7539,Bacteria,Patescibacteria,Saccharimonadia,Saccharimonadales,NA,NA,NA
ASV_7540,Bacteria,Pseudomonadota,Gammaproteobacteria,Methylococcales,Methylococcaceae,Methylococcus,NA
ASV_7541,Bacteria,Thermodesulfobacteriota,Desulfuromonadia,Bradymonadales,NA,NA,NA
ASV_7542,Bacteria,Patescibacteria,Parcubacteria,Candidatus Kaiserbacteria,NA,NA,NA
ASV_7543,Bacteria,Chlamydiota,Chlamydiia,Chlamydiales,Simkaniaceae,NA,NA
ASV_7544,Bacteria,Pseudomonadota,Gammaproteobacteria,Pseudomonadales,Moraxellaceae,Perlucidibaca,NA
ASV_7545,Bacteria,Patescibacteria,Saccharimonadia,Saccharimonadales,NA,NA,NA
ASV_7546,Bacteria,Pseudomonadota,Alphaproteobacteria,Sneathiellales,Sneathiellaceae,Taonella,NA
ASV_7547,Bacteria,Actinomycetota,Acidimicrobiia,Microtrichales,Ilumatobacteraceae,CL500-29 marine group,NA
ASV_7548,Bacteria,Bacteroidota,Bacteroidia,Sphingobacteriales,Sphingobacteriaceae,Daejeonella,NA
ASV_7549,Bacteria,Actinomycetota,Acidimicrobiia,Microtrichales,Ilumatobacteraceae,CL500-29 marine group,NA
ASV_7550,Bacteria,Patescibacteria,Parcubacteria,Candidatus Kaiserbacteria,NA,NA,NA
ASV_7551,Bacteria,Dependentiae,Babeliae,Babeliales,Vermiphilaceae,NA,NA
ASV_7552,Bacteria,Pseudomonadota,Alphaproteobacteria,Sphingomonadales,Sphingomonadaceae,DSSF69,NA
ASV_7553,Bacteria,Pseudomonadota,Gammaproteobacteria,Burkholderiales,Rhodocyclaceae,Pseudazoarcus,NA
ASV_7554,Bacteria,Pseudomonadota,Gammaproteobacteria,Pseudomonadales,NA,NA,NA
ASV_7555,Bacteria,Bacteroidota,Bacteroidia,Bacteroidales,Paludibacteraceae,Paludibacter,NA
ASV_7556,Bacteria,Planctomycetota,NA,NA,NA,NA,NA
ASV_7557,Bacteria,Cyanobacteriota,Cyanobacteriia,Chloroplast,NA,NA,NA
ASV_7558,Bacteria,Pseudomonadota,Gammaproteobacteria,Burkholderiales,Methylophilaceae,Methylotenera,NA
ASV_7559,Bacteria,Bacteroidota,Bacteroidia,Sphingobacteriales,NS11-12 marine group,NA,NA
ASV_7560,Bacteria,Pseudomonadota,Alphaproteobacteria,Rickettsiales,Mitochondria,NA,NA
ASV_7561,Bacteria,Bacteroidota,Bacteroidia,Bacteroidales,Bacteroidetes vadinHA17,NA,NA
ASV_7562,Bacteria,Bacteroidota,Bacteroidia,Bacteroidales,Prolixibacteraceae,Meniscus,NA
ASV_7563,Bacteria,Pseudomonadota,Gammaproteobacteria,Burkholderiales,Hydrogenophilaceae,NA,NA
ASV_7564,Bacteria,Pseudomonadota,Gammaproteobacteria,NA,NA,NA,NA
ASV_7565,Bacteria,Bacteroidota,Bacteroidia,Sphingobacteriales,Lentimicrobiaceae,NA,NA
ASV_7566,Bacteria,Pseudomonadota,Gammaproteobacteria,Burkholderiales,Chitinibacteraceae,Formivibrio,NA
ASV_7567,Bacteria,Patescibacteria,Parcubacteria,Candidatus Kaiserbacteria,NA,NA,NA
ASV_7568,Bacteria,Bacteroidota,Bacteroidia,NA,NA,NA,NA
ASV_7569,Bacteria,Pseudomonadota,Alphaproteobacteria,Rhodospirillales,Rhodospirillaceae,BRH-c57,NA
ASV_7570,Bacteria,Pseudomonadota,Gammaproteobacteria,NA,NA,NA,NA
ASV_7571,Bacteria,Bacteroidota,Bacteroidia,Bacteroidales,Prolixibacteraceae,BSV13,NA
ASV_7572,Bacteria,Planctomycetota,Planctomycetes,Isosphaerales,Isosphaeraceae,Aquisphaera,NA
ASV_7573,Bacteria,Pseudomonadota,Gammaproteobacteria,Methylococcales,Methylococcaceae,Methylomagnum,ishizawai
ASV_7574,Bacteria,Pseudomonadota,Gammaproteobacteria,R7C24,NA,NA,NA
ASV_7575,Bacteria,Pseudomonadota,Alphaproteobacteria,Rickettsiales,NA,NA,NA
ASV_7576,Bacteria,Bacteroidota,Bacteroidia,Sphingobacteriales,Lentimicrobiaceae,NA,NA
ASV_7577,Bacteria,Bacteroidota,Bacteroidia,Bacteroidales,Paludibacteraceae,Paludibacter,NA
ASV_7578,Bacteria,Patescibacteria,ABY1,Candidatus Falkowbacteria,NA,NA,NA
ASV_7579,Bacteria,Bacteroidota,Bacteroidia,Bacteroidales,Rikenellaceae,NA,NA
ASV_7580,Bacteria,Bacillota,Clostridia,Oscillospirales,Ruminococcaceae,NA,NA
ASV_7581,Bacteria,Hydrogenedentes,Hydrogenedentia,Hydrogenedentiales,Hydrogenedensaceae,YC-ZSS-LKJ63,NA
ASV_7582,Bacteria,Hydrogenedentes,Hydrogenedentia,Hydrogenedentiales,Hydrogenedensaceae,NA,NA
ASV_7583,Bacteria,Pseudomonadota,Gammaproteobacteria,Gammaproteobacteria Incertae Sedis,Unknown Family,NA,NA
ASV_7584,Bacteria,Patescibacteria,Parcubacteria,Candidatus Kaiserbacteria,NA,NA,NA
ASV_7585,Bacteria,Hydrogenedentes,Hydrogenedentia,Hydrogenedentiales,Hydrogenedensaceae,NA,NA
ASV_7586,Bacteria,Bacteroidota,Bacteroidia,Sphingobacteriales,Lentimicrobiaceae,Lentimicrobium,NA
ASV_7587,Bacteria,Bacteroidota,Bacteroidia,Sphingobacteriales,env.OPS 17,NA,NA
ASV_7588,Bacteria,Thermodesulfobacteriota,Desulfobulbia,Desulfobulbales,Desulfocapsaceae,Desulfoprunum,benzoelyticum
ASV_7589,Bacteria,Campylobacterota,Campylobacteria,Campylobacterales,Sulfurospirillaceae,Sulfurospirillum,NA
ASV_7590,Bacteria,Chlamydiota,Chlamydiia,Chlamydiales,Parachlamydiaceae,Neochlamydia,NA
ASV_7591,Bacteria,Chlamydiota,Chlamydiia,Chlamydiales,Parachlamydiaceae,Neochlamydia,NA
ASV_7592,Bacteria,Actinomycetota,Acidimicrobiia,Microtrichales,Ilumatobacteraceae,CL500-29 marine group,NA
ASV_7593,Bacteria,Acidobacteriota,Aminicenantia,Aminicenantales,Aminicenantaceae,Aminicenans,NA
ASV_7594,Bacteria,Bacillota,Clostridia,Clostridia UCG-014,NA,NA,NA
ASV_7595,Bacteria,Patescibacteria,ABY1,Candidatus Magasanikbacteria,NA,NA,NA
ASV_7596,Bacteria,Chlamydiota,Chlamydiia,Chlamydiales,Parachlamydiaceae,Neochlamydia,NA
ASV_7597,Bacteria,Pseudomonadota,Alphaproteobacteria,Rickettsiales,Rickettsiaceae,NA,NA
ASV_7598,Bacteria,Cyanobacteriota,Cyanobacteriia,Chloroplast,NA,NA,NA
ASV_7599,Bacteria,Chloroflexota,Anaerolineae,Anaerolineales,Anaerolineaceae,Leptolinea,NA
ASV_7600,Bacteria,NKB15,NA,NA,NA,NA,NA
ASV_7601,Bacteria,Patescibacteria,Saccharimonadia,Saccharimonadales,Saccharimonadaceae,Candidatus Saccharimonas,NA
ASV_7602,Bacteria,Pseudomonadota,Gammaproteobacteria,R7C24,NA,NA,NA
ASV_7603,Bacteria,Pseudomonadota,Gammaproteobacteria,Ga0077536,NA,NA,NA
ASV_7604,Bacteria,Pseudomonadota,Alphaproteobacteria,Micavibrionales,NA,NA,NA
ASV_7605,Bacteria,Patescibacteria,Parcubacteria,Candidatus Nomurabacteria,NA,NA,NA
ASV_7606,Bacteria,Pseudomonadota,Gammaproteobacteria,Burkholderiales,Oxalobacteraceae,Lacisediminimonas,NA
ASV_7607,Bacteria,Pseudomonadota,Gammaproteobacteria,Enterobacterales,Enterobacteriaceae,Enterobacter,NA
ASV_7608,Bacteria,Pseudomonadota,Gammaproteobacteria,Burkholderiales,Methylophilaceae,Methylotenera,NA
ASV_7609,Bacteria,NA,NA,NA,NA,NA,NA
ASV_7610,Bacteria,Bacillota,Bacilli,Staphylococcales,Staphylococcaceae,NA,NA
ASV_7611,Bacteria,Chlamydiota,Chlamydiia,Chlamydiales,cvE6,NA,NA
ASV_7612,Bacteria,Bacteroidota,Bacteroidia,Chitinophagales,NA,NA,NA
ASV_7613,Bacteria,Actinomycetota,Actinobacteria,Frankiales,Sporichthyaceae,hgcI clade,NA
ASV_7614,Bacteria,Chlamydiota,Chlamydiia,Chlamydiales,Simkaniaceae,NA,NA
ASV_7615,Bacteria,Planctomycetota,Planctomycetes,Planctomycetales,Rubinisphaeraceae,NA,NA
ASV_7616,Bacteria,Planctomycetota,Planctomycetes,Pirellulales,Pirellulaceae,NA,NA
ASV_7617,Bacteria,Bacteroidota,Bacteroidia,Chitinophagales,Saprospiraceae,NA,NA
ASV_7618,Bacteria,Pseudomonadota,Gammaproteobacteria,Salinisphaerales,Nevskiaceae,Stagnimonas,NA
ASV_7619,Bacteria,Ignavibacteriota,Ignavibacteria,Ignavibacteriales,Ignavibacteriaceae,Ignavibacterium,NA
ASV_7620,Bacteria,Pseudomonadota,Gammaproteobacteria,Burkholderiales,Alcaligenaceae,Castellaniella,NA
ASV_7621,Bacteria,Patescibacteria,Saccharimonadia,Saccharimonadales,NA,NA,NA
ASV_7622,Bacteria,Margulisbacteria,NA,NA,NA,NA,NA
ASV_7623,Bacteria,Pseudomonadota,Alphaproteobacteria,Dongiales,Dongiaceae,Dongia,NA
ASV_7624,Bacteria,Verrucomicrobiota,Verrucomicrobiia,Pedosphaerales,Pedosphaeraceae,RS25G,NA
ASV_7625,Bacteria,Pseudomonadota,Alphaproteobacteria,Rickettsiales,NA,NA,NA
ASV_7626,Bacteria,Patescibacteria,Parcubacteria,NA,NA,NA,NA
ASV_7627,Bacteria,Pseudomonadota,Gammaproteobacteria,Burkholderiales,Nitrosomonadaceae,Nitrosomonas,NA
ASV_7628,Bacteria,Pseudomonadota,Gammaproteobacteria,Burkholderiales,TRA3-20,NA,NA
ASV_7629,Bacteria,Pseudomonadota,Gammaproteobacteria,Lysobacterales,Rhodanobacteraceae,Ahniella,NA
ASV_7630,Bacteria,Pseudomonadota,Alphaproteobacteria,Rickettsiales,Mitochondria,NA,NA
ASV_7631,Bacteria,Dependentiae,Babeliae,Babeliales,NA,NA,NA
ASV_7632,Bacteria,Bacteroidota,Bacteroidia,Chitinophagales,Chitinophagaceae,Nemorincola,NA
ASV_7633,Bacteria,NA,NA,NA,NA,NA,NA
ASV_7634,Bacteria,Cloacimonadota,Cloacimonadia,Cloacimonadales,Cloacimonadaceae,LNR A2-18,NA
ASV_7635,Bacteria,Thermotogota,Thermotogae,Petrotogales,Petrotogaceae,SC103,NA
ASV_7636,Bacteria,Planctomycetota,Planctomycetes,Isosphaerales,Isosphaeraceae,Tundrisphaera,NA
ASV_7637,Bacteria,Pseudomonadota,Gammaproteobacteria,Burkholderiales,Neisseriaceae,NA,NA
ASV_7638,Bacteria,Actinomycetota,Actinobacteria,Propionibacteriales,Nocardioidaceae,Nocardioides,NA
ASV_7639,Bacteria,Bacteroidota,Bacteroidia,Bacteroidales,Paludibacteraceae,Paludibacter,NA
ASV_7640,Bacteria,Bacteroidota,Bacteroidia,Sphingobacteriales,env.OPS 17,NA,NA
ASV_7641,Bacteria,Bacteroidota,Bacteroidia,Bacteroidales,Marinilabiliaceae,NA,NA
ASV_7642,Bacteria,Chlamydiota,Chlamydiia,Chlamydiales,cvE6,NA,NA
ASV_7643,Bacteria,Pseudomonadota,Gammaproteobacteria,Burkholderiales,Neisseriaceae,NA,NA
ASV_7644,Bacteria,Patescibacteria,Dojkabacteria,NA,NA,NA,NA
ASV_7645,Bacteria,Pseudomonadota,Alphaproteobacteria,NA,NA,NA,NA
ASV_7646,Bacteria,Myxococcota,Myxococcia,Myxococcales,Myxococcaceae,P3OB-42,NA
ASV_7647,Bacteria,Chloroflexota,Anaerolineae,Anaerolineales,Anaerolineaceae,NA,NA
ASV_7648,Bacteria,Planctomycetota,OM190,NA,NA,NA,NA
ASV_7649,Bacteria,Cyanobacteriota,Cyanobacteriia,Chloroplast,NA,NA,NA
ASV_7650,Bacteria,Bacteroidota,Bacteroidia,Bacteroidales,Paludibacteraceae,Paludibacter,NA
ASV_7651,Bacteria,Patescibacteria,Parcubacteria,Candidatus Nomurabacteria,NA,NA,NA
ASV_7652,Bacteria,Bdellovibrionota,Bdellovibrionia,Bdellovibrionales,Pseudobdellovibrionaceae,NA,NA
ASV_7653,Bacteria,Myxococcota,Polyangiia,Polyangiales,Sandaracinaceae,NA,NA
ASV_7654,Bacteria,Pseudomonadota,Alphaproteobacteria,Paracaedibacterales,Paracaedibacteraceae,NA,NA
ASV_7655,Bacteria,Spirochaetota,MVP-15,NA,NA,NA,NA
ASV_7656,Bacteria,Pseudomonadota,Alphaproteobacteria,Rickettsiales,Mitochondria,NA,NA
ASV_7657,Bacteria,Chloroflexota,Anaerolineae,Anaerolineales,Anaerolineaceae,NA,NA
ASV_7658,Bacteria,Bacteroidota,Bacteroidia,Flavobacteriales,NS9 marine group,NA,NA
ASV_7659,Bacteria,Bacillota,Bacilli,Erysipelotrichales,Erysipelotrichaceae,Erysipelothrix,NA
ASV_7660,Bacteria,Pseudomonadota,Gammaproteobacteria,Burkholderiales,Rhodocyclaceae,C39,NA
ASV_7661,Bacteria,Pseudomonadota,Gammaproteobacteria,Legionellales,Legionellaceae,Legionella,NA
ASV_7662,Bacteria,Thermodesulfobacteriota,Desulfuromonadia,Bradymonadales,NA,NA,NA
ASV_7663,Bacteria,Chlamydiota,Chlamydiia,Chlamydiales,Simkaniaceae,NA,NA
ASV_7664,Bacteria,Bacteroidota,Bacteroidia,Flavobacteriales,Flavobacteriaceae,NA,NA
ASV_7665,Bacteria,Bacteroidota,Bacteroidia,Cytophagales,Spirosomataceae,NA,NA
ASV_7666,Bacteria,Campylobacterota,Campylobacteria,Campylobacterales,Arcobacteraceae,Arcobacter,NA
ASV_7667,Bacteria,Bacteroidota,Bacteroidia,Sphingobacteriales,Lentimicrobiaceae,Lentimicrobium,NA
ASV_7668,Bacteria,Pseudomonadota,Gammaproteobacteria,Burkholderiales,Burkholderiaceae,Cupriavidus,NA
ASV_7669,Bacteria,Bacteroidota,Bacteroidia,Cytophagales,Spirosomataceae,Runella,NA
ASV_7670,Bacteria,Verrucomicrobiota,Verrucomicrobiia,Pedosphaerales,Pedosphaeraceae,DEV114,NA
ASV_7671,Bacteria,Chloroflexota,Anaerolineae,Anaerolineales,Anaerolineaceae,Longilinea,NA
ASV_7672,Bacteria,Chlamydiota,Chlamydiia,Chlamydiales,Parachlamydiaceae,Neochlamydia,NA
ASV_7673,Bacteria,Pseudomonadota,Gammaproteobacteria,Methylococcales,Methylomonadaceae,Methylosarcina,NA
ASV_7674,Bacteria,Pseudomonadota,Gammaproteobacteria,Lysobacterales,Lysobacteraceae,Lysobacter,NA
ASV_7675,Bacteria,Pseudomonadota,Gammaproteobacteria,Ga0077536,NA,NA,NA
ASV_7676,Bacteria,Pseudomonadota,Gammaproteobacteria,Methylococcales,Methylococcaceae,Methyloparacoccus,NA
ASV_7677,Bacteria,Pseudomonadota,Gammaproteobacteria,Burkholderiales,Procabacteriaceae,Procabacter,NA
ASV_7678,Bacteria,Verrucomicrobiota,Verrucomicrobiia,Pedosphaerales,Pedosphaeraceae,ADurb.Bin063-1,NA
ASV_7679,Bacteria,Pseudomonadota,Gammaproteobacteria,NA,NA,NA,NA
ASV_7680,Bacteria,Pseudomonadota,Gammaproteobacteria,Burkholderiales,Alcaligenaceae,Candidimonas,NA
ASV_7681,Bacteria,Myxococcota,Polyangiia,Blfdi19,NA,NA,NA
ASV_7682,Bacteria,Thermodesulfobacteriota,Desulfovibrionia,Desulfovibrionales,Desulfovibrionaceae,Solidesulfovibrio,NA
ASV_7683,Bacteria,Pseudomonadota,Alphaproteobacteria,Micavibrionales,NA,NA,NA
ASV_7684,Bacteria,Pseudomonadota,Gammaproteobacteria,Methylococcales,Methylomonadaceae,Methylomicrobium,NA
ASV_7685,Bacteria,Pseudomonadota,Alphaproteobacteria,NA,NA,NA,NA
ASV_7686,Bacteria,Pseudomonadota,Alphaproteobacteria,Rickettsiales,Rickettsiaceae,NA,NA
ASV_7687,Bacteria,Verrucomicrobiota,Verrucomicrobiia,LD1-PB3,NA,NA,NA
ASV_7688,Bacteria,Patescibacteria,Parcubacteria,Candidatus Campbellbacteria,NA,NA,NA
ASV_7689,Bacteria,Patescibacteria,Saccharimonadia,Saccharimonadales,NA,NA,NA
ASV_7690,Bacteria,Pseudomonadota,Alphaproteobacteria,NA,NA,NA,NA
ASV_7691,Bacteria,Bacillota,Clostridia,Clostridia UCG-014,NA,NA,NA
ASV_7692,Bacteria,Bacillota,Clostridia,Oscillospirales,Oscillospiraceae,Saccharofermentans,NA
ASV_7693,Bacteria,Spirochaetota,Spirochaetia,Spirochaetales,Spirochaetaceae,Alkalispirochaeta,NA
ASV_7694,Bacteria,Elusimicrobiota,Rs-M47,NA,NA,NA,NA
ASV_7695,Bacteria,Candidatus Kapabacteria,Kapabacteria,Kapabacteriales,NA,NA,NA
ASV_7696,Bacteria,Patescibacteria,Gracilibacteria,Candidatus Peribacteria,NA,NA,NA
ASV_7697,Bacteria,Bacteroidota,Bacteroidia,Chitinophagales,Chitinophagaceae,Sediminibacterium,NA
ASV_7698,Bacteria,Patescibacteria,Gracilibacteria,NA,NA,NA,NA
ASV_7699,Bacteria,Planctomycetota,OM190,NA,NA,NA,NA
ASV_7700,Bacteria,Chlamydiota,Chlamydiia,Chlamydiales,cvE6,NA,NA
ASV_7701,Bacteria,Spirochaetota,MVP-15,NA,NA,NA,NA
ASV_7702,Bacteria,Patescibacteria,Microgenomatia,Candidatus Pacebacteria,NA,NA,NA
ASV_7703,Bacteria,Thermodesulfobacteriota,Desulfuromonadia,Bradymonadales,NA,NA,NA
ASV_7704,Bacteria,Verrucomicrobiota,Omnitrophia,Omnitrophales,Omnitrophaceae,Candidatus Omnitrophus,NA
ASV_7705,Bacteria,Patescibacteria,Saccharimonadia,Saccharimonadales,Saccharimonadaceae,Candidatus Saccharimonas,NA
ASV_7706,Bacteria,Pseudomonadota,Alphaproteobacteria,Rickettsiales,Midichloriaceae,Candidatus Jidaibacter,NA
ASV_7707,Bacteria,Campylobacterota,Campylobacteria,Campylobacterales,NA,NA,NA
ASV_7708,Bacteria,Patescibacteria,Dojkabacteria,NA,NA,NA,NA
ASV_7709,Bacteria,Patescibacteria,Parcubacteria,Candidatus Kaiserbacteria,NA,NA,NA
ASV_7710,Bacteria,Bacteroidota,Bacteroidia,Sphingobacteriales,NS11-12 marine group,NA,NA
ASV_7711,Bacteria,Bacteroidota,Bacteroidia,Sphingobacteriales,NA,NA,NA
ASV_7712,Bacteria,Bacteroidota,Bacteroidia,Bacteroidales,Prolixibacteraceae,NA,NA
ASV_7713,Bacteria,Patescibacteria,Parcubacteria,Candidatus Nomurabacteria,NA,NA,NA
ASV_7714,Bacteria,Patescibacteria,Parcubacteria,Candidatus Adlerbacteria,NA,NA,NA
ASV_7715,Bacteria,Chlamydiota,Chlamydiia,Chlamydiales,Simkaniaceae,NA,NA
ASV_7716,Bacteria,Pseudomonadota,Alphaproteobacteria,Rickettsiales,SM2D12,NA,NA
ASV_7717,Bacteria,Pseudomonadota,Gammaproteobacteria,Chromatiales,Chromatiaceae,Thiolamprovum,NA
ASV_7718,Bacteria,Pseudomonadota,Gammaproteobacteria,NA,NA,NA,NA
ASV_7719,Bacteria,Planctomycetota,Planctomycetes,Pirellulales,Pirellulaceae,Pirellula,NA
ASV_7720,Bacteria,Pseudomonadota,Gammaproteobacteria,Burkholderiales,Comamonadaceae,Aquabacterium,NA
ASV_7721,Bacteria,Patescibacteria,ABY1,Candidatus Uhrbacteria,NA,NA,NA
ASV_7722,Bacteria,Cyanobacteriota,Cyanobacteriia,Chloroplast,NA,NA,NA
ASV_7723,Bacteria,Bacteroidota,Bacteroidia,Sphingobacteriales,NS11-12 marine group,NA,NA
ASV_7724,Bacteria,Pseudomonadota,Alphaproteobacteria,Rickettsiales,SM2D12,NA,NA
ASV_7725,Bacteria,Thermodesulfobacteriota,NA,NA,NA,NA,NA
ASV_7726,Bacteria,Chlamydiota,Chlamydiia,Chlamydiales,Parachlamydiaceae,Neochlamydia,NA
ASV_7727,Bacteria,Pseudomonadota,Gammaproteobacteria,Pseudomonadales,Pseudohongiellaceae,Pseudohongiella,NA
ASV_7728,Bacteria,Actinomycetota,Actinobacteria,Mycobacteriales,Corynebacteriaceae,Corynebacterium,accolens
ASV_7729,Bacteria,Patescibacteria,Gracilibacteria,NA,NA,NA,NA
ASV_7730,Bacteria,Chlamydiota,Chlamydiia,Chlamydiales,Parachlamydiaceae,Neochlamydia,NA
ASV_7731,Bacteria,Pseudomonadota,Alphaproteobacteria,Sphingomonadales,Sphingomonadaceae,Sphingomonas,koreensis
ASV_7732,Bacteria,Patescibacteria,Parcubacteria,Candidatus Campbellbacteria,NA,NA,NA
ASV_7733,Bacteria,NA,NA,NA,NA,NA,NA
ASV_7734,Bacteria,Verrucomicrobiota,Verrucomicrobiia,Opitutales,Opitutaceae,Opitutus,NA
ASV_7735,Bacteria,Pseudomonadota,Gammaproteobacteria,Gammaproteobacteria Incertae Sedis,Unknown Family,Candidatus Ovatusbacter,NA
ASV_7736,Bacteria,Bacteroidota,Bacteroidia,Bacteroidales,NA,NA,NA
ASV_7737,Bacteria,Actinomycetota,Actinobacteria,Frankiales,Sporichthyaceae,hgcI clade,NA
ASV_7738,Bacteria,Bacillota,Bacilli,Erysipelotrichales,Erysipelotrichaceae,Bulleidia,extructa
ASV_7739,Bacteria,Pseudomonadota,Gammaproteobacteria,NA,NA,NA,NA
ASV_7740,Bacteria,Myxococcota,Polyangiia,Blfdi19,NA,NA,NA
ASV_7741,Bacteria,Verrucomicrobiota,Verrucomicrobiia,Opitutales,Opitutaceae,Oleiharenicola,NA
ASV_7742,Bacteria,Acidobacteriota,Holophagae,Holophagales,Holophagaceae,Geothrix,NA
ASV_7743,Bacteria,Bacteroidota,Bacteroidia,Bacteroidales,Prolixibacteraceae,NA,NA
ASV_7744,Bacteria,Bdellovibrionota,Bacteriovoracia,Bacteriovoracales,Bacteriovoracaceae,Bacteriovorax,NA
ASV_7745,Bacteria,Pseudomonadota,Gammaproteobacteria,Chromatiales,Chromatiaceae,Allochromatium,NA
ASV_7746,Bacteria,Cyanobacteriota,Cyanobacteriia,Chloroplast,NA,NA,NA
ASV_7747,Bacteria,Chlamydiota,Chlamydiia,Chlamydiales,Parachlamydiaceae,NA,NA
ASV_7748,Bacteria,Bacteroidota,Bacteroidia,Chitinophagales,NA,NA,NA
ASV_7749,Bacteria,Chloroflexota,Anaerolineae,Anaerolineales,Anaerolineaceae,NA,NA
ASV_7750,Bacteria,Pseudomonadota,Gammaproteobacteria,Burkholderiales,Rhodocyclaceae,NA,NA
ASV_7751,Bacteria,Pseudomonadota,Gammaproteobacteria,Burkholderiales,Neisseriaceae,NA,NA
ASV_7752,Bacteria,Cyanobacteriota,Cyanobacteriia,Chloroplast,NA,NA,NA
ASV_7753,Bacteria,Chloroflexota,Anaerolineae,Anaerolineales,Anaerolineaceae,Longilinea,NA
ASV_7754,Bacteria,Pseudomonadota,Gammaproteobacteria,Legionellales,Legionellaceae,Legionella,NA
ASV_7755,Bacteria,Patescibacteria,ABY1,Candidatus Falkowbacteria,NA,NA,NA
ASV_7756,Bacteria,Verrucomicrobiota,Verrucomicrobiia,Verrucomicrobiales,Verrucomicrobiaceae,NA,NA
ASV_7757,Bacteria,Bacteroidota,Bacteroidia,Bacteroidales,Prolixibacteraceae,BSV13,NA
ASV_7758,Bacteria,Pseudomonadota,Gammaproteobacteria,Pseudomonadales,Pseudomonadaceae,Pseudomonas,NA
ASV_7759,Bacteria,Chlamydiota,Chlamydiia,Chlamydiales,Simkaniaceae,Ga0074140,NA
ASV_7760,Bacteria,Pseudomonadota,Gammaproteobacteria,Burkholderiales,Methylophilaceae,Methylotenera,NA
ASV_7761,Bacteria,Bacillota,Bacilli,Izemoplasmatales,Izemoplasmataceae,NA,NA
ASV_7762,Bacteria,Ignavibacteriota,Ignavibacteria,Ignavibacteriales,Melioribacteraceae,IheB3-7,NA
ASV_7763,Bacteria,Bacteroidota,Bacteroidia,Flavobacteriales,Crocinitomicaceae,Fluviicola,NA
ASV_7764,Bacteria,Dependentiae,Babeliae,Babeliales,Babeliaceae,NA,NA
ASV_7765,Bacteria,Bacteroidota,Bacteroidia,Sphingobacteriales,Lentimicrobiaceae,NA,NA
ASV_7766,Bacteria,Chlamydiota,Chlamydiia,Chlamydiales,Parachlamydiaceae,Neochlamydia,NA
ASV_7767,Bacteria,Pseudomonadota,Gammaproteobacteria,Burkholderiales,Rhodocyclaceae,Propionivibrio,NA
ASV_7768,Bacteria,Chlorobiota,Chlorobia,Chlorobiales,Chlorobiaceae,Chlorobaculum,NA
ASV_7769,Bacteria,Pseudomonadota,Gammaproteobacteria,Rickettsiellales,Rickettsiellaceae,NA,NA
ASV_7770,Bacteria,Pseudomonadota,Gammaproteobacteria,Burkholderiales,Chitinimonadaceae,Chitinivorax,NA
ASV_7771,Bacteria,Pseudomonadota,Alphaproteobacteria,Rickettsiales,Mitochondria,NA,NA
ASV_7772,Bacteria,Pseudomonadota,Alphaproteobacteria,Rickettsiales,Rickettsiaceae,NA,NA
ASV_7773,Bacteria,Bacteroidota,Bacteroidia,Chitinophagales,Saprospiraceae,Lewinella,NA
ASV_7774,Bacteria,Bacteroidota,Bacteroidia,Bacteroidales,Paludibacteraceae,Paludibacter,NA
ASV_7775,Bacteria,Chloroflexota,Anaerolineae,Caldilineales,Caldilineaceae,NA,NA
ASV_7776,Bacteria,Bacteroidota,Bacteroidia,Sphingobacteriales,NS11-12 marine group,NA,NA
ASV_7777,Bacteria,Pseudomonadota,Gammaproteobacteria,Burkholderiales,Rhodocyclaceae,Zoogloea,NA
ASV_7778,Bacteria,Bacteroidota,Bacteroidia,Bacteroidales,Prolixibacteraceae,Meniscus,NA
ASV_7779,Bacteria,Bacteroidota,Bacteroidia,Cytophagales,Spirosomataceae,Sandaracinomonas,NA
ASV_7780,Bacteria,Patescibacteria,ABY1,Candidatus Falkowbacteria,NA,NA,NA
ASV_7781,Bacteria,Bacteroidota,Bacteroidia,Flavobacteriales,Weeksellaceae,Cloacibacterium,normanense
ASV_7782,Bacteria,Patescibacteria,Saccharimonadia,Saccharimonadales,NA,NA,NA
ASV_7783,Bacteria,Candidatus Eremiobacterota,Eremiobacteria,NA,NA,NA,NA
ASV_7784,Bacteria,Bacillota,Clostridia,Oscillospirales,Oscillospiraceae,NA,NA
ASV_7785,Bacteria,Bacteroidota,Bacteroidia,Chitinophagales,NA,NA,NA
ASV_7786,Bacteria,Bacteroidota,Bacteroidia,Bacteroidales,Rikenellaceae,NA,NA
ASV_7787,Bacteria,Patescibacteria,Gracilibacteria,Candidatus Peregrinibacteria,NA,NA,NA
ASV_7788,Bacteria,Bacillota,Bacilli,NA,NA,NA,NA
ASV_7789,Bacteria,Thermodesulfobacteriota,Desulfobacteria,Desulfobacterales,NA,NA,NA
ASV_7790,Bacteria,Patescibacteria,Parcubacteria,Candidatus Moranbacteria,NA,NA,NA
ASV_7791,Bacteria,Bacillota,Clostridia,Eubacteriales,Alkalibacteraceae,Alkalibacter,NA
ASV_7792,Bacteria,Pseudomonadota,Alphaproteobacteria,Rickettsiales,AB1,NA,NA
ASV_7793,Bacteria,Bacteroidota,Bacteroidia,Chitinophagales,NA,NA,NA
ASV_7794,Bacteria,Patescibacteria,WWE3,NA,NA,NA,NA
ASV_7795,Bacteria,Pseudomonadota,Gammaproteobacteria,Enterobacterales,Enterobacteriaceae,Enterobacter,NA
ASV_7796,Bacteria,Acidobacteriota,Acidobacteriae,Bryobacterales,Bryobacteraceae,Paludibaculum,NA
ASV_7797,Bacteria,NA,NA,NA,NA,NA,NA
ASV_7798,Bacteria,Acidobacteriota,Acidobacteriae,Bryobacterales,Bryobacteraceae,Paludibaculum,NA
ASV_7799,Bacteria,Patescibacteria,Saccharimonadia,Saccharimonadales,NA,NA,NA
ASV_7800,Bacteria,Pseudomonadota,Alphaproteobacteria,Sphingomonadales,Sphingomonadaceae,Novosphingobium,NA
ASV_7801,Bacteria,Bacillota,Clostridia,Oscillospirales,Ruminococcaceae,NA,NA
ASV_7802,Bacteria,Chloroflexota,Anaerolineae,Anaerolineales,Anaerolineaceae,Anaerolineaceae UCG-001,NA
ASV_7803,Bacteria,Sumerlaeota,Sumerlaeia,Sumerlaeales,Sumerlaeaceae,Sumerlaea,NA
ASV_7804,Bacteria,Chlamydiota,Chlamydiia,Chlamydiales,Parachlamydiaceae,Neochlamydia,NA
ASV_7805,Bacteria,Bacteroidota,Bacteroidia,Chitinophagales,Saprospiraceae,Haliscomenobacter,NA
ASV_7806,Bacteria,Bacteroidota,Bacteroidia,Sphingobacteriales,NS11-12 marine group,NA,NA
ASV_7807,Bacteria,Bdellovibrionota,Bdellovibrionia,Bdellovibrionales,Pseudobdellovibrionaceae,NA,NA
ASV_7808,Bacteria,Pseudomonadota,Alphaproteobacteria,Hyphomicrobiales,Rhizobiaceae,Falsochrobactrum,NA
ASV_7809,Bacteria,Pseudomonadota,Alphaproteobacteria,Rickettsiales,SM2D12,NA,NA
ASV_7810,Bacteria,Bacillota,Bacilli,Bacillales,Bacillaceae,Bacillus,NA
ASV_7811,Bacteria,Chlamydiota,Chlamydiia,Chlamydiales,Parachlamydiaceae,Neochlamydia,NA
ASV_7812,Bacteria,Myxococcota,Polyangiia,NA,NA,NA,NA
ASV_7813,Bacteria,Patescibacteria,Parcubacteria,Candidatus Moranbacteria,NA,NA,NA
ASV_7814,Bacteria,Bacteroidota,Bacteroidia,Chitinophagales,Saprospiraceae,NA,NA
ASV_7815,Bacteria,Chloroflexota,JG30-KF-CM66,NA,NA,NA,NA
ASV_7816,Bacteria,Pseudomonadota,Gammaproteobacteria,Coxiellales,Coxiellaceae,Coxiella,NA
ASV_7817,Bacteria,Planctomycetota,Phycisphaerae,Phycisphaerales,Phycisphaeraceae,SM1A02,NA
ASV_7818,Bacteria,Patescibacteria,ABY1,Candidatus Magasanikbacteria,NA,NA,NA
ASV_7819,Bacteria,Planctomycetota,Planctomycetes,Gemmatales,Gemmataceae,NA,NA
ASV_7820,Bacteria,Chlamydiota,Chlamydiia,Chlamydiales,Parachlamydiaceae,Neochlamydia,NA
ASV_7821,Bacteria,Actinomycetota,Acidimicrobiia,Microtrichales,Ilumatobacteraceae,CL500-29 marine group,NA
ASV_7822,Bacteria,Bacteroidota,Bacteroidia,Flavobacteriales,Flavobacteriaceae,Flavobacterium,NA
ASV_7823,Bacteria,Patescibacteria,ABY1,Candidatus Uhrbacteria,NA,NA,NA
ASV_7824,Bacteria,SAR324 clade(Marine group B),Incertae Sedis,Incertae Sedis,Incertae Sedis,Candidatus Nitrosoarchaeum,NA
ASV_7825,Bacteria,Verrucomicrobiota,Kiritimatiellia,WCHB1-41,NA,NA,NA
ASV_7826,Bacteria,Bacillota,Bacilli,Lactobacillales,Aerococcaceae,Aerococcus,NA
ASV_7827,Bacteria,Bacillota,Clostridia,Oscillospirales,Oscillospiraceae,UCG-002,NA
ASV_7828,Bacteria,Bacillota,Bacilli,Izemoplasmatales,Izemoplasmataceae,NA,NA
ASV_7829,Bacteria,Bacteroidota,Bacteroidia,Bacteroidales,Prevotellaceae,Hoylesella,NA
ASV_7830,Bacteria,Bacteroidota,Bacteroidia,Chitinophagales,Saprospiraceae,Lewinella,NA
ASV_7831,Bacteria,Cyanobacteriota,Cyanobacteriia,Chloroplast,NA,NA,NA
ASV_7832,Bacteria,Pseudomonadota,Gammaproteobacteria,Burkholderiales,Methylophilaceae,Methylotenera,NA
ASV_7833,Bacteria,Pseudomonadota,Alphaproteobacteria,Hyphomicrobiales,NA,NA,NA
ASV_7834,Bacteria,Patescibacteria,ABY1,Candidatus Falkowbacteria,NA,NA,NA
ASV_7835,Bacteria,Bdellovibrionota,Bdellovibrionia,Bdellovibrionales,Pseudobdellovibrionaceae,NA,NA
ASV_7836,Bacteria,Ignavibacteriota,Ignavibacteria,Ignavibacteriales,Ignavibacteriaceae,Ignavibacterium,NA
ASV_7837,Bacteria,Pseudomonadota,Alphaproteobacteria,Rickettsiales,Rickettsiaceae,NA,NA
ASV_7838,Bacteria,Bacteroidota,Bacteroidia,Cytophagales,Spirosomataceae,Dyadobacter,NA
ASV_7839,Bacteria,Thermodesulfobacteriota,Desulfuromonadia,Bradymonadales,NA,NA,NA
ASV_7840,Bacteria,Thermodesulfobacteriota,Desulfobacteria,Desulfobacterales,Desulfococcaceae,Desulfonema,NA
ASV_7841,Bacteria,Chloroflexota,Anaerolineae,Caldilineales,Caldilineaceae,NA,NA
ASV_7842,Bacteria,Pseudomonadota,Gammaproteobacteria,Methylococcales,Methylomonadaceae,Methylomonas,methanica
ASV_7843,Bacteria,Thermodesulfobacteriota,Desulfuromonadia,Bradymonadales,Incertae Sedis,SKP-2,NA
ASV_7844,Bacteria,Verrucomicrobiota,Omnitrophia,Omnitrophales,Omnitrophaceae,Candidatus Omnitrophus,NA
ASV_7845,Bacteria,Pseudomonadota,Gammaproteobacteria,Burkholderiales,Rhodocyclaceae,Aromatoleum,NA
ASV_7846,Bacteria,Thermodesulfobacteriota,Desulfobulbia,Desulfobulbales,Desulfobulbaceae,Desulfobulbus,NA
ASV_7847,Bacteria,Pseudomonadota,Gammaproteobacteria,Burkholderiales,Rhodocyclaceae,Zoogloea,NA
ASV_7848,Bacteria,Pseudomonadota,Alphaproteobacteria,Rhodospirillales,Rhodospirillaceae,NA,NA
ASV_7849,Bacteria,Planctomycetota,Planctomycetes,Isosphaerales,Isosphaeraceae,Aquisphaera,NA
ASV_7850,Bacteria,Pseudomonadota,Alphaproteobacteria,Rickettsiales,Mitochondria,NA,NA
ASV_7851,Bacteria,Bacillota,Clostridia,Christensenellales,Christensenellaceae,NA,NA
ASV_7852,Bacteria,Thermodesulfobacteriota,Desulfuromonadia,PB19,NA,NA,NA
ASV_7853,Bacteria,Bacillota,Bacilli,Erysipelotrichales,Erysipelotrichaceae,Erysipelothrix,NA
ASV_7854,Bacteria,Chlamydiota,Chlamydiia,Chlamydiales,cvE6,NA,NA
ASV_7855,Bacteria,Pseudomonadota,Alphaproteobacteria,Caulobacterales,Hyphomonadaceae,SWB02,NA
ASV_7856,Bacteria,Patescibacteria,Parcubacteria,Candidatus Kaiserbacteria,NA,NA,NA
ASV_7857,Bacteria,Bdellovibrionota,Oligoflexia,Silvanigrellales,Silvanigrellaceae,NA,NA
ASV_7858,Bacteria,Cyanobacteriota,Cyanobacteriia,Chloroplast,NA,NA,NA
ASV_7859,Bacteria,Pseudomonadota,Gammaproteobacteria,Enterobacterales,NA,NA,NA
ASV_7860,Bacteria,Bacteroidota,Bacteroidia,Sphingobacteriales,Lentimicrobiaceae,NA,NA
ASV_7861,Bacteria,Pseudomonadota,Gammaproteobacteria,R7C24,NA,NA,NA
ASV_7862,Bacteria,Pseudomonadota,Alphaproteobacteria,NA,NA,NA,NA
ASV_7863,Bacteria,Chlamydiota,Chlamydiia,Chlamydiales,Parachlamydiaceae,Neochlamydia,NA
ASV_7864,Bacteria,Planctomycetota,Planctomycetes,Isosphaerales,Isosphaeraceae,Aquisphaera,NA
ASV_7865,Bacteria,Pseudomonadota,Alphaproteobacteria,Hyphomicrobiales,Xanthobacteraceae,Ancylobacter,polymorphus
ASV_7866,Bacteria,Bacteroidota,Bacteroidia,Sphingobacteriales,NS11-12 marine group,NA,NA
ASV_7867,Bacteria,Bacillota,Bacilli,Lactobacillales,Streptococcaceae,Streptococcus,parasuis
ASV_7868,Bacteria,Bacteroidota,Bacteroidia,Bacteroidales,Marinifilaceae,NA,NA
ASV_7869,Bacteria,Planctomycetota,Planctomycetes,Planctomycetales,Rubinisphaeraceae,Planctomicrobium,NA
ASV_7870,Bacteria,Bacillota,Bacilli,NA,NA,NA,NA
ASV_7871,Bacteria,Pseudomonadota,Gammaproteobacteria,Burkholderiales,Alcaligenaceae,NA,NA
ASV_7872,Bacteria,Pseudomonadota,Alphaproteobacteria,Rhodospirillales,Rhodospirillaceae,BRH-c57,NA
ASV_7873,Bacteria,Cyanobacteriota,Sericytochromatia,NA,NA,NA,NA
ASV_7874,Bacteria,Bacteroidota,Bacteroidia,Chitinophagales,Saprospiraceae,Lewinella,NA
ASV_7875,Bacteria,Planctomycetota,Planctomycetes,Pirellulales,Pirellulaceae,NA,NA
ASV_7876,Bacteria,Chlamydiota,Chlamydiia,Chlamydiales,Parachlamydiaceae,Neochlamydia,NA
ASV_7877,Bacteria,Thermodesulfobacteriota,Syntrophia,Syntrophales,Smithellaceae,Smithella,NA
ASV_7878,Bacteria,Pseudomonadota,Gammaproteobacteria,Methylococcales,Methylomonadaceae,Methylomonas,NA
ASV_7879,Bacteria,Pseudomonadota,Gammaproteobacteria,Burkholderiales,Burkholderiaceae,Lautropia,NA
ASV_7880,Bacteria,Pseudomonadota,Gammaproteobacteria,Legionellales,Legionellaceae,Legionella,NA
ASV_7881,Bacteria,Bacteroidota,Bacteroidia,Bacteroidales,Prolixibacteraceae,NA,NA
ASV_7882,Bacteria,Bacillota,Bacilli,Exiguobacterales,Exiguobacteraceae,Exiguobacterium,NA
ASV_7883,Bacteria,Pseudomonadota,Gammaproteobacteria,Burkholderiales,Methylophilaceae,NA,NA
ASV_7884,Bacteria,Dependentiae,Babeliae,Babeliales,NA,NA,NA
ASV_7885,Bacteria,Bacillota,Bacilli,Izemoplasmatales,Izemoplasmataceae,NA,NA
ASV_7886,Bacteria,Bacteroidota,Bacteroidia,Flavobacteriales,NS9 marine group,NA,NA
ASV_7887,Bacteria,Bacillota,Bacilli,Acholeplasmatales,Acholeplasmataceae,Acholeplasma,NA
ASV_7888,Bacteria,Bacteroidota,Bacteroidia,Bacteroidales,Rikenellaceae,dgA-11 gut group,NA
ASV_7889,Bacteria,Synergistota,Synergistia,Synergistales,Synergistaceae,NA,NA
ASV_7890,Bacteria,Thermodesulfobacteriota,Desulfobacteria,Desulfobacterales,NA,NA,NA
ASV_7891,Bacteria,Bdellovibrionota,Bacteriovoracia,Bacteriovoracales,Bacteriovoracaceae,Peredibacter,NA
ASV_7892,Bacteria,Pseudomonadota,Alphaproteobacteria,Micavibrionales,Micavibrionaceae,NA,NA
ASV_7893,Bacteria,Patescibacteria,WWE3,NA,NA,NA,NA
ASV_7894,Bacteria,Bacteroidota,Bacteroidia,Sphingobacteriales,NS11-12 marine group,NA,NA
ASV_7895,Bacteria,Patescibacteria,Gracilibacteria,Candidatus Abawacabacteria,NA,NA,NA
ASV_7896,Bacteria,Thermodesulfobacteriota,Desulfovibrionia,Desulfovibrionales,Desulfovibrionaceae,NA,NA
ASV_7897,Bacteria,Bacillota,Clostridia,Oscillospirales,Ruminococcaceae,NA,NA
ASV_7898,Bacteria,Patescibacteria,Saccharimonadia,Saccharimonadales,NA,NA,NA
ASV_7899,Bacteria,Candidatus Eremiobacterota,Eremiobacteria,NA,NA,NA,NA
ASV_7900,Bacteria,Patescibacteria,Parcubacteria,Candidatus Nomurabacteria,NA,NA,NA
ASV_7901,Bacteria,Bacillota,Clostridia,Oscillospirales,Ruminococcaceae,NA,NA
ASV_7902,Bacteria,Bdellovibrionota,Bdellovibrionia,Bdellovibrionales,Pseudobdellovibrionaceae,OM27 clade,NA
ASV_7903,Bacteria,Patescibacteria,Parcubacteria,NA,NA,NA,NA
ASV_7904,Bacteria,Patescibacteria,Parcubacteria,Candidatus Kaiserbacteria,NA,NA,NA
ASV_7905,Bacteria,Spirochaetota,Leptospirae,Leptospirales,Leptospiraceae,RBG-16-49-21,NA
ASV_7906,Bacteria,Patescibacteria,Parcubacteria,Candidatus Moranbacteria,NA,NA,NA
ASV_7907,Bacteria,Dependentiae,Babeliae,Babeliales,NA,NA,NA
ASV_7908,Bacteria,Verrucomicrobiota,Lentisphaeria,Victivallales,PRD18C08,NA,NA
ASV_7909,Bacteria,Pseudomonadota,Gammaproteobacteria,Pseudomonadales,Alcanivoracaceae,Ketobacter,NA
ASV_7910,Bacteria,Dependentiae,Babeliae,Babeliales,NA,NA,NA
ASV_7911,Bacteria,Pseudomonadota,Alphaproteobacteria,Rickettsiales,Mitochondria,NA,NA
ASV_7912,Bacteria,Bacillota,Clostridia,Peptostreptococcales-Tissierellales,Anaerovoracaceae,Anaerovorax,NA
ASV_7913,Bacteria,Patescibacteria,Gracilibacteria,Candidatus Peregrinibacteria,NA,NA,NA
ASV_7914,Bacteria,Pseudomonadota,Gammaproteobacteria,Burkholderiales,Methylophilaceae,Methylophilus,rhizosphaerae
ASV_7915,Bacteria,Pseudomonadota,Gammaproteobacteria,Burkholderiales,Nitrosomonadaceae,Nitrosomonas,NA
ASV_7916,Bacteria,Bacillota,Bacilli,Erysipelotrichales,Erysipelatoclostridiaceae,UCG-004,NA
ASV_7917,Bacteria,Patescibacteria,Saccharimonadia,Saccharimonadales,NA,NA,NA
ASV_7918,Bacteria,Myxococcota,Polyangiia,Nannocystales,Nannocystaceae,NA,NA
ASV_7919,Bacteria,Planctomycetota,Planctomycetes,Pirellulales,Pirellulaceae,Pirellula,NA
ASV_7920,Bacteria,Bdellovibrionota,Bacteriovoracia,Bacteriovoracales,Bacteriovoracaceae,Peredibacter,NA
ASV_7921,Bacteria,Pseudomonadota,Alphaproteobacteria,NA,NA,NA,NA
ASV_7922,Bacteria,Thermodesulfobacteriota,NA,NA,NA,NA,NA
ASV_7923,Bacteria,Pseudomonadota,Gammaproteobacteria,Rickettsiellales,Rickettsiellaceae,NA,NA
ASV_7924,Bacteria,Actinomycetota,Thermoleophilia,Solirubrobacterales,67-14,NA,NA
ASV_7925,Bacteria,Patescibacteria,ABY1,Candidatus Magasanikbacteria,NA,NA,NA
ASV_7926,Bacteria,Planctomycetota,Planctomycetes,Pirellulales,Pirellulaceae,NA,NA
ASV_7927,Bacteria,Chlamydiota,Chlamydiia,Chlamydiales,Simkaniaceae,Ga0074140,NA
ASV_7928,Bacteria,Fibrobacterota,Fibrobacteria,Fibrobacterales,Fibrobacteraceae,possible genus 06,NA
ASV_7929,Bacteria,Bacteroidota,Bacteroidia,Flavobacteriales,Cryomorphaceae,Vicingus,NA
ASV_7930,Bacteria,Bacteroidota,Bacteroidia,Flavobacteriales,NS9 marine group,NA,NA
ASV_7931,Bacteria,Pseudomonadota,Gammaproteobacteria,Pseudomonadales,Cellvibrionaceae,Cellvibrio,NA
ASV_7932,Bacteria,Bacteroidota,Bacteroidia,Chitinophagales,Saprospiraceae,Haliscomenobacter,NA
ASV_7933,Bacteria,Patescibacteria,Microgenomatia,Candidatus Roizmanbacteria,NA,NA,NA
ASV_7934,Bacteria,Bacteroidota,Bacteroidia,Chitinophagales,Saprospiraceae,NA,NA
ASV_7935,Bacteria,Thermodesulfobacteriota,Desulfuromonadia,PB19,NA,NA,NA
ASV_7936,Bacteria,Cyanobacteriota,Cyanobacteriia,Chloroplast,NA,NA,NA
ASV_7937,Bacteria,Pseudomonadota,Alphaproteobacteria,Rickettsiales,NA,NA,NA
ASV_7938,Bacteria,Pseudomonadota,Alphaproteobacteria,Paracaedibacterales,Paracaedibacteraceae,NA,NA
ASV_7939,Bacteria,Bacillota,Bacilli,Erysipelotrichales,Erysipelotrichaceae,Erysipelothrix,NA
ASV_7940,Bacteria,Pseudomonadota,Gammaproteobacteria,Burkholderiales,Alcaligenaceae,NA,NA
ASV_7941,Bacteria,Bacillota,Clostridia,Peptostreptococcales-Tissierellales,Anaerovoracaceae,NA,NA
ASV_7942,Bacteria,Bacteroidota,Bacteroidia,Bacteroidales,Prevotellaceae,Hoylesella,NA
ASV_7943,Bacteria,Bacillota,Clostridia,Peptostreptococcales-Tissierellales,Peptostreptococcaceae,Peptostreptococcus,stomatis
ASV_7944,Bacteria,Chlamydiota,Chlamydiia,Chlamydiales,Parachlamydiaceae,NA,NA
ASV_7945,Bacteria,Pseudomonadota,Alphaproteobacteria,Caedibacterales,Caedibacteraceae,Caedibacter,NA
ASV_7946,Bacteria,Bdellovibrionota,Oligoflexia,0319-6G20,NA,NA,NA
ASV_7947,Bacteria,Bacteroidota,Bacteroidia,Cytophagales,Cyclobacteriaceae,Shivajiella,NA
ASV_7948,Bacteria,Pseudomonadota,Alphaproteobacteria,Rickettsiales,Mitochondria,NA,NA
ASV_7949,Bacteria,Pseudomonadota,Gammaproteobacteria,Pseudomonadales,Moraxellaceae,Enhydrobacter,aerosaccus
ASV_7950,Bacteria,Bacteroidota,Bacteroidia,Sphingobacteriales,NS11-12 marine group,NA,NA
ASV_7951,Bacteria,Pseudomonadota,Alphaproteobacteria,Ferrovibrionales,Ferrovibrionaceae,Ferrovibrio,NA
ASV_7952,Bacteria,Bacteroidota,Bacteroidia,Chitinophagales,NA,NA,NA
ASV_7953,Bacteria,Patescibacteria,Parcubacteria,Candidatus Kaiserbacteria,NA,NA,NA
ASV_7954,Bacteria,Myxococcota,Myxococcia,Myxococcales,Myxococcaceae,P3OB-42,NA
ASV_7955,Bacteria,Patescibacteria,Parcubacteria,Candidatus Kaiserbacteria,NA,NA,NA
ASV_7956,Bacteria,Bacillota,Clostridia,Clostridiales,Clostridiaceae,Clostridium,NA
ASV_7957,Bacteria,Pseudomonadota,Gammaproteobacteria,Pseudomonadales,Pseudomonadaceae,Pseudomonas,NA
ASV_7958,Bacteria,Pseudomonadota,Gammaproteobacteria,Methylococcales,Methylomonadaceae,pLW-20,NA
ASV_7959,Bacteria,Planctomycetota,Planctomycetes,Isosphaerales,Isosphaeraceae,Aquisphaera,NA
ASV_7960,Bacteria,Pseudomonadota,Alphaproteobacteria,Rickettsiales,Midichloriaceae,Candidatus Jidaibacter,NA
ASV_7961,Bacteria,Pseudomonadota,Alphaproteobacteria,Rickettsiales,NA,NA,NA
ASV_7962,Bacteria,Pseudomonadota,Gammaproteobacteria,Pseudomonadales,Pseudomonadaceae,Pseudomonas,NA
ASV_7963,Bacteria,Bacteroidota,Bacteroidia,Flavobacteriales,Cryomorphaceae,Vicingus,NA
ASV_7964,Bacteria,Ignavibacteriota,Ignavibacteria,Ignavibacteriales,Melioribacteraceae,IheB3-7,NA
ASV_7965,Bacteria,Bacteroidota,Bacteroidia,Bacteroidetes VC2.1 Bac22,NA,NA,NA
ASV_7966,Bacteria,Chlamydiota,Chlamydiia,Chlamydiales,Parachlamydiaceae,Neochlamydia,NA
ASV_7967,Bacteria,Pseudomonadota,Alphaproteobacteria,Hyphomicrobiales,Pleomorphomonadaceae,Prosthecomicrobium,hirschii
ASV_7968,Bacteria,Bacteroidota,Bacteroidia,Bacteroidales,Prolixibacteraceae,BSV13,NA
ASV_7969,Bacteria,Bacteroidota,Bacteroidia,Bacteroidales,Paludibacteraceae,Paludibacter,NA
ASV_7970,Bacteria,Bacteroidota,Bacteroidia,Bacteroidales,Prolixibacteraceae,Meniscus,NA
ASV_7971,Bacteria,Pseudomonadota,Alphaproteobacteria,Rickettsiales,Mitochondria,NA,NA
ASV_7972,Bacteria,Patescibacteria,Dojkabacteria,NA,NA,NA,NA
ASV_7973,Bacteria,Pseudomonadota,Gammaproteobacteria,Rickettsiellales,Rickettsiellaceae,NA,NA
ASV_7974,Bacteria,Actinomycetota,Actinobacteria,Micrococcales,Bogoriellaceae,Georgenia,NA
ASV_7975,Bacteria,Ignavibacteriota,Ignavibacteria,Ignavibacteriales,PHOS-HE36,NA,NA
ASV_7976,Bacteria,Chlamydiota,Chlamydiia,Chlamydiales,Parachlamydiaceae,Neochlamydia,NA
ASV_7977,Bacteria,Thermodesulfobacteriota,Desulfuromonadia,Bradymonadales,NA,NA,NA
ASV_7978,Bacteria,Pseudomonadota,Alphaproteobacteria,Rhodospirillales,Rhodospirillaceae,Novispirillum,itersonii
ASV_7979,Bacteria,Bacteroidota,Bacteroidia,Flavobacteriales,Crocinitomicaceae,Fluviicola,NA
ASV_7980,Bacteria,Chlamydiota,Chlamydiia,Chlamydiales,Parachlamydiaceae,Neochlamydia,NA
ASV_7981,Bacteria,Pseudomonadota,Gammaproteobacteria,Enterobacterales,Enterobacteriaceae,NA,NA
ASV_7982,Bacteria,Chlamydiota,Chlamydiia,Chlamydiales,Parachlamydiaceae,Neochlamydia,NA
ASV_7983,Bacteria,Chloroflexota,Anaerolineae,Caldilineales,Caldilineaceae,NA,NA
ASV_7984,Bacteria,Pseudomonadota,Gammaproteobacteria,Enterobacterales,Enterobacteriaceae,Enterobacter,NA
ASV_7985,Bacteria,Thermodesulfobacteriota,Desulfobacteria,Desulfobacterales,Desulfococcaceae,Desulfococcus,NA
ASV_7986,Bacteria,Dependentiae,Babeliae,Babeliales,NA,NA,NA
ASV_7987,Bacteria,Bacillota,Clostridia,Clostridia vadinBB60 group,NA,NA,NA
ASV_7988,Bacteria,Thermodesulfobacteriota,Desulfuromonadia,Desulfuromonadales,Geothermobacteraceae,Geothermobacter,NA
ASV_7989,Bacteria,Bacteroidota,Bacteroidia,Bacteroidales,Dysgonomonadaceae,Proteiniphilum,NA
ASV_7990,Bacteria,Bacteroidota,Bacteroidia,Sphingobacteriales,ADurb.Bin408,NA,NA
ASV_7991,Bacteria,Chlamydiota,Chlamydiia,Chlamydiales,cvE6,NA,NA
ASV_7992,Bacteria,Bacteroidota,Bacteroidia,Bacteroidales,FTLpost3,NA,NA
ASV_7993,Bacteria,Verrucomicrobiota,Lentisphaeria,Victivallales,PRD18C08,NA,NA
ASV_7994,Bacteria,Bacteroidota,Bacteroidia,Sphingobacteriales,NS11-12 marine group,NA,NA
ASV_7995,Bacteria,Patescibacteria,Parcubacteria,NA,NA,NA,NA
ASV_7996,Bacteria,Pseudomonadota,Gammaproteobacteria,Salinisphaerales,Nevskiaceae,Hydrocarboniphaga,NA
ASV_7997,Bacteria,Patescibacteria,ABY1,Candidatus Magasanikbacteria,NA,NA,NA
ASV_7998,Bacteria,Actinomycetota,Actinobacteria,Micrococcales,Microbacteriaceae,Aurantimicrobium,NA
ASV_7999,Bacteria,Bacillota,Clostridia,Oscillospirales,Oscillospiraceae,NA,NA
ASV_8000,Bacteria,Patescibacteria,Parcubacteria,NA,NA,NA,NA
ASV_8001,Bacteria,NA,NA,NA,NA,NA,NA
ASV_8002,Bacteria,Pseudomonadota,Gammaproteobacteria,Pseudomonadales,Halomonadaceae,HdN1,NA
ASV_8003,Bacteria,Patescibacteria,Parcubacteria,Candidatus Kaiserbacteria,NA,NA,NA
ASV_8004,Bacteria,Bacteroidota,Bacteroidia,Bacteroidales,NA,NA,NA
ASV_8005,Bacteria,Sumerlaeota,Sumerlaeia,Sumerlaeales,Sumerlaeaceae,Sumerlaea,NA
ASV_8006,Bacteria,Chlamydiota,Chlamydiia,LD1-PA32,NA,NA,NA
ASV_8007,Bacteria,Verrucomicrobiota,Kiritimatiellia,WCHB1-41,NA,NA,NA
ASV_8008,Bacteria,Patescibacteria,Parcubacteria,Candidatus Kaiserbacteria,NA,NA,NA
ASV_8009,Bacteria,Bacillota,Clostridia,Peptostreptococcales-Tissierellales,Anaerovoracaceae,Anaerovorax,NA
ASV_8010,Bacteria,Pseudomonadota,Alphaproteobacteria,Thalassobaculales,NA,NA,NA
ASV_8011,Bacteria,Pseudomonadota,Gammaproteobacteria,Chromatiales,Chromatiaceae,Thiolamprovum,NA
ASV_8012,Bacteria,Bacteroidota,Bacteroidia,Bacteroidales,Bacteroidetes vadinHA17,NA,NA
ASV_8013,Bacteria,Patescibacteria,Parcubacteria,Candidatus Nomurabacteria,NA,NA,NA
ASV_8014,Archaea,Halobacteriota,Methanomicrobia,Methanomicrobiales,Methanoregulaceae,Methanolinea,NA
ASV_8015,Bacteria,Planctomycetota,Planctomycetes,Planctomycetales,Schlesneriaceae,Planctopirus,NA
ASV_8016,Bacteria,Actinomycetota,Actinobacteria,PeM15,NA,NA,NA
ASV_8017,Bacteria,Sumerlaeota,Sumerlaeia,Sumerlaeales,Sumerlaeaceae,Sumerlaea,NA
ASV_8018,Bacteria,Myxococcota,Polyangiia,Haliangiales,Haliangiaceae,NA,NA
ASV_8019,Bacteria,Gemmatimonadota,Gemmatimonadia,Gemmatimonadales,Gemmatimonadaceae,Gemmatimonas,NA
ASV_8020,Bacteria,Bacteroidota,Bacteroidia,Flavobacteriales,Flavobacteriaceae,Flavobacterium,NA
ASV_8021,Bacteria,Ignavibacteriota,Ignavibacteria,Ignavibacteriales,Ignavibacteriaceae,Ignavibacterium,NA
ASV_8022,Bacteria,Patescibacteria,Parcubacteria,Candidatus Campbellbacteria,NA,NA,NA
ASV_8023,Bacteria,Bacteroidota,Bacteroidia,Chitinophagales,Saprospiraceae,Phaeodactylibacter,NA
ASV_8024,Bacteria,Patescibacteria,Parcubacteria,Candidatus Campbellbacteria,NA,NA,NA
ASV_8025,Bacteria,Planctomycetota,Planctomycetes,Planctomycetales,Rubinisphaeraceae,SH-PL14,NA
ASV_8026,Bacteria,Bacteroidota,Bacteroidia,Chitinophagales,Saprospiraceae,Phaeodactylibacter,NA
ASV_8027,Bacteria,Bacteroidota,Bacteroidia,Chitinophagales,Saprospiraceae,Phaeodactylibacter,NA
ASV_8028,Bacteria,Patescibacteria,Parcubacteria,NA,NA,NA,NA
ASV_8029,Bacteria,Pseudomonadota,Gammaproteobacteria,Burkholderiales,Comamonadaceae,Curvibacter,NA
ASV_8030,Bacteria,Patescibacteria,Parcubacteria,Candidatus Campbellbacteria,NA,NA,NA
ASV_8031,Bacteria,Patescibacteria,Parcubacteria,Candidatus Kaiserbacteria,NA,NA,NA
ASV_8032,Bacteria,Bdellovibrionota,Bdellovibrionia,Bdellovibrionales,Pseudobdellovibrionaceae,OM27 clade,NA
ASV_8033,Bacteria,Pseudomonadota,Gammaproteobacteria,Burkholderiales,NA,NA,NA
ASV_8034,Bacteria,Cyanobacteriota,Vampirivibrionia,Gastranaerophilales,Gastranaerophilaceae,NA,NA
ASV_8035,Bacteria,Candidatus Kapabacteria,Kapabacteria,Kapabacteriales,NA,NA,NA
ASV_8036,Bacteria,Patescibacteria,Parcubacteria,NA,NA,NA,NA
ASV_8037,Bacteria,Patescibacteria,Parcubacteria,Candidatus Adlerbacteria,NA,NA,NA
ASV_8038,Bacteria,Pseudomonadota,Gammaproteobacteria,Methylococcales,Methylococcaceae,Methylomagnum,ishizawai
ASV_8039,Bacteria,Bacteroidota,Bacteroidia,Sphingobacteriales,NS11-12 marine group,NA,NA
ASV_8040,Bacteria,Bacteroidota,Bacteroidia,Cytophagales,Microscillaceae,OLB12,NA
ASV_8041,Bacteria,Bacteroidota,Bacteroidia,Bacteroidales,Bacteroidetes vadinHA17,NA,NA
ASV_8042,Bacteria,NA,NA,NA,NA,NA,NA
ASV_8043,Bacteria,Chlamydiota,Chlamydiia,Chlamydiales,Parachlamydiaceae,NA,NA
ASV_8044,Bacteria,Pseudomonadota,Alphaproteobacteria,Rickettsiales,Mitochondria,NA,NA
ASV_8045,Bacteria,Planctomycetota,Planctomycetes,Planctomycetales,Rubinisphaeraceae,NA,NA
ASV_8046,Bacteria,Chlamydiota,Chlamydiia,Chlamydiales,Parachlamydiaceae,NA,NA
ASV_8047,Bacteria,Bacteroidota,Bacteroidia,Cytophagales,Spirosomataceae,Arcticibacterium,NA
ASV_8048,Bacteria,Bacteroidota,Bacteroidia,Sphingobacteriales,NS11-12 marine group,NA,NA
ASV_8049,Bacteria,Pseudomonadota,Gammaproteobacteria,Burkholderiales,Rhodocyclaceae,Rugosibacter,NA
ASV_8050,Bacteria,Hydrogenedentes,Hydrogenedentia,Hydrogenedentiales,Hydrogenedensaceae,NA,NA
ASV_8051,Bacteria,Myxococcota,Polyangiia,Blfdi19,NA,NA,NA
ASV_8052,Bacteria,Thermodesulfobacteriota,Desulfobacteria,Desulfobacterales,Desulfococcaceae,Desulfococcus,NA
ASV_8053,Bacteria,Bacteroidota,Bacteroidia,Cytophagales,Spirosomataceae,Dyadobacter,NA
ASV_8054,Bacteria,Hydrogenedentes,Hydrogenedentia,Hydrogenedentiales,Hydrogenedensaceae,NA,NA
ASV_8055,Bacteria,Actinomycetota,Actinobacteria,Frankiales,Sporichthyaceae,hgcI clade,NA
ASV_8056,Bacteria,Bacteroidota,Bacteroidia,Bacteroidales,Prolixibacteraceae,Meniscus,NA
ASV_8057,Bacteria,NA,NA,NA,NA,NA,NA
ASV_8058,Bacteria,Pseudomonadota,Gammaproteobacteria,Ga0077536,NA,NA,NA
ASV_8059,Bacteria,Bacteroidota,Bacteroidia,Chitinophagales,Saprospiraceae,Lewinella,NA
ASV_8060,Bacteria,Bacillota,Bacilli,Erysipelotrichales,NA,NA,NA
ASV_8061,Bacteria,Pseudomonadota,Alphaproteobacteria,Rickettsiales,Rickettsiaceae,NA,NA
ASV_8062,Bacteria,Thermodesulfobacteriota,Desulfobacteria,Desulfobacterales,Desulfococcaceae,Desulfonema,NA
ASV_8063,Bacteria,Pseudomonadota,Alphaproteobacteria,Rhodospirillales,Rhodospirillaceae,BRH-c57,NA
ASV_8064,Bacteria,Bacillota,Bacilli,Erysipelotrichales,Erysipelotrichaceae,Turicibacter,NA
ASV_8065,Bacteria,Cyanobacteriota,Cyanobacteriia,Cyanobacteriales,Oscillatoriaceae,Planktothricoides SR001,NA
ASV_8066,Bacteria,Verrucomicrobiota,Verrucomicrobiia,Pedosphaerales,Pedosphaeraceae,DEV114,NA
ASV_8067,Bacteria,Bacteroidota,Bacteroidia,NA,NA,NA,NA
ASV_8068,Bacteria,Planctomycetota,Planctomycetes,Planctomycetales,Schlesneriaceae,Planctopirus,NA
ASV_8069,Bacteria,Bacteroidota,Bacteroidia,Flavobacteriales,Flavobacteriaceae,NA,NA
ASV_8070,Bacteria,Pseudomonadota,Gammaproteobacteria,Salinisphaerales,Nevskiaceae,Sinimarinibacterium,NA
ASV_8071,Bacteria,Bacteroidota,Bacteroidia,Flavobacteriales,Crocinitomicaceae,Fluviicola,NA
ASV_8072,Bacteria,Bacteroidota,Bacteroidia,Cytophagales,Cytophagaceae,Cytophaga,NA
ASV_8073,Bacteria,Bacillota,Bacilli,NA,NA,NA,NA
ASV_8074,Bacteria,Verrucomicrobiota,Kiritimatiellia,WCHB1-41,NA,NA,NA
ASV_8075,Bacteria,Chloroflexota,Anaerolineae,Anaerolineales,Anaerolineaceae,Anaerolineaceae UCG-001,NA
ASV_8076,Bacteria,Chlorobiota,Chlorobia,Chlorobiales,Chlorobiaceae,Chlorobaculum,NA
ASV_8077,Bacteria,Bacillota,Clostridia,Clostridia vadinBB60 group,NA,NA,NA
ASV_8078,Bacteria,Pseudomonadota,Gammaproteobacteria,Pseudomonadales,NA,NA,NA
ASV_8079,Bacteria,Bacteroidota,Bacteroidia,Sphingobacteriales,Lentimicrobiaceae,Lentimicrobium,NA
ASV_8080,Bacteria,Bacillota,Bacilli,NA,NA,NA,NA
ASV_8081,Bacteria,Pseudomonadota,Alphaproteobacteria,Rhodospirillales,NA,NA,NA
ASV_8082,Bacteria,Patescibacteria,Gracilibacteria,Candidatus Peregrinibacteria,NA,NA,NA
ASV_8083,Bacteria,Bacillota,Desulfotomaculia,Desulfotomaculales,Desulfurisporaceae,Desulfocucumis,NA
ASV_8084,Bacteria,Synergistota,Synergistia,Synergistales,Synergistaceae,Lactivibrio,NA
ASV_8085,Bacteria,Patescibacteria,Microgenomatia,Candidatus Pacebacteria,NA,NA,NA
ASV_8086,Bacteria,Patescibacteria,Parcubacteria,Candidatus Campbellbacteria,NA,NA,NA
ASV_8087,Bacteria,Patescibacteria,Parcubacteria,Candidatus Nomurabacteria,NA,NA,NA
ASV_8088,Bacteria,Pseudomonadota,Gammaproteobacteria,Burkholderiales,Alcaligenaceae,Parapusillimonas,NA
ASV_8089,Bacteria,Chlamydiota,Chlamydiia,Chlamydiales,Simkaniaceae,NA,NA
ASV_8090,Bacteria,Verrucomicrobiota,Lentisphaeria,Victivallales,Victivallaceae,NA,NA
ASV_8091,Bacteria,Thermodesulfobacteriota,Desulfobacteria,Desulfobacterales,Desulfococcaceae,Desulfococcus,NA
ASV_8092,Bacteria,Thermodesulfobacteriota,Desulfuromonadia,Bradymonadales,NA,NA,NA
ASV_8093,Bacteria,Bacillota,Clostridia,Clostridia UCG-014,NA,NA,NA
ASV_8094,Bacteria,Verrucomicrobiota,Omnitrophia,Omnitrophales,Omnitrophaceae,Candidatus Omnitrophus,NA
ASV_8095,Bacteria,Bacteroidota,Bacteroidia,Sphingobacteriales,env.OPS 17,NA,NA
ASV_8096,Bacteria,Candidatus Kapabacteria,Kapabacteria,Kapabacteriales,NA,NA,NA
ASV_8097,Bacteria,Myxococcota,Polyangiia,Nannocystales,Nannocystaceae,NA,NA
ASV_8098,Bacteria,Patescibacteria,ABY1,Candidatus Uhrbacteria,NA,NA,NA
ASV_8099,Bacteria,Patescibacteria,Parcubacteria,Candidatus Nomurabacteria,NA,NA,NA
ASV_8100,Bacteria,Dependentiae,Babeliae,Babeliales,NA,NA,NA
ASV_8101,Bacteria,Chlamydiota,Chlamydiia,Chlamydiales,Parachlamydiaceae,Neochlamydia,NA
ASV_8102,Bacteria,Bacillota,Bacilli,Erysipelotrichales,Erysipelatoclostridiaceae,UCG-004,NA
ASV_8103,Bacteria,Patescibacteria,Parcubacteria,Candidatus Nomurabacteria,NA,NA,NA
ASV_8104,Bacteria,Bacillota,Bacilli,Erysipelotrichales,Erysipelatoclostridiaceae,UCG-004,NA
ASV_8105,Bacteria,Bacteroidota,Bacteroidia,Sphingobacteriales,env.OPS 17,NA,NA
ASV_8106,Bacteria,Patescibacteria,Microgenomatia,Candidatus Pacebacteria,NA,NA,NA
ASV_8107,Bacteria,Patescibacteria,Parcubacteria,Candidatus Campbellbacteria,NA,NA,NA
ASV_8108,Bacteria,Patescibacteria,Microgenomatia,Candidatus Pacebacteria,NA,NA,NA
ASV_8109,Bacteria,Verrucomicrobiota,Lentisphaeria,Victivallales,PRD18C08,NA,NA
ASV_8110,Bacteria,Bacteroidota,Bacteroidia,Chitinophagales,Saprospiraceae,Haliscomenobacter,NA
ASV_8111,Bacteria,Pseudomonadota,Alphaproteobacteria,Rickettsiales,Mitochondria,NA,NA
ASV_8112,Bacteria,Dependentiae,Babeliae,Babeliales,Vermiphilaceae,NA,NA
ASV_8113,Bacteria,Bacteroidota,Bacteroidia,Flavobacteriales,NS9 marine group,NA,NA
ASV_8114,Bacteria,Candidatus Kapabacteria,Kapabacteria,Kapabacteriales,NA,NA,NA
ASV_8115,Bacteria,Bdellovibrionota,Bdellovibrionia,Bdellovibrionales,Pseudobdellovibrionaceae,NA,NA
ASV_8116,Bacteria,Bdellovibrionota,Oligoflexia,Oligoflexales,Oligoflexaceae,NA,NA
ASV_8117,Bacteria,Pseudomonadota,Gammaproteobacteria,Lysobacterales,Rhodanobacteraceae,Pseudolysobacter,NA
ASV_8118,Bacteria,Bdellovibrionota,Oligoflexia,053A03-B-DI-P58,NA,NA,NA
ASV_8119,Bacteria,Planctomycetota,OM190,NA,NA,NA,NA
ASV_8120,Bacteria,Patescibacteria,Gracilibacteria,Absconditabacteriales (SR1),NA,NA,NA
ASV_8121,Bacteria,Pseudomonadota,Alphaproteobacteria,Sneathiellales,Sneathiellaceae,Taonella,NA
ASV_8122,Bacteria,Bacillota,Clostridia,Clostridia UCG-014,NA,NA,NA
ASV_8123,Bacteria,Pseudomonadota,Gammaproteobacteria,Gammaproteobacteria Incertae Sedis,Unknown Family,Candidatus Ovatusbacter,NA
ASV_8124,Bacteria,Myxococcota,Polyangiia,NA,NA,NA,NA
ASV_8125,Bacteria,Pseudomonadota,Gammaproteobacteria,NA,NA,NA,NA
ASV_8126,Bacteria,Bdellovibrionota,Bdellovibrionia,Bdellovibrionales,Pseudobdellovibrionaceae,OM27 clade,NA
ASV_8127,Bacteria,Patescibacteria,ABY1,Candidatus Magasanikbacteria,NA,NA,NA
ASV_8128,Bacteria,Actinomycetota,Actinobacteria,Frankiales,Sporichthyaceae,hgcI clade,NA
ASV_8129,Bacteria,Actinomycetota,Actinobacteria,Actinomycetales,Actinomycetaceae,NA,NA
ASV_8130,Bacteria,Bacteroidota,Bacteroidia,Bacteroidales,Marinilabiliaceae,NA,NA
ASV_8131,Bacteria,Bacteroidota,Bacteroidia,Bacteroidales,Prevotellaceae,NA,NA
ASV_8132,Bacteria,Cyanobacteriota,Cyanobacteriia,Chloroplast,NA,NA,NA
ASV_8133,Bacteria,Bacillota,Clostridia,Clostridia vadinBB60 group,NA,NA,NA
ASV_8134,Bacteria,Pseudomonadota,Gammaproteobacteria,Burkholderiales,Rhodocyclaceae,Dechlorobacter,NA
ASV_8135,Bacteria,Pseudomonadota,Gammaproteobacteria,Methylococcales,Methylomonadaceae,NA,NA
ASV_8136,Bacteria,Planctomycetota,Planctomycetes,Pirellulales,Pirellulaceae,Pirellula,NA
ASV_8137,Bacteria,Pseudomonadota,Alphaproteobacteria,Rickettsiales,NA,NA,NA
ASV_8138,Bacteria,Bacteroidota,Bacteroidia,Cytophagales,Cytophagaceae,Cytophaga,NA
ASV_8139,Bacteria,Planctomycetota,Planctomycetes,Gemmatales,Gemmataceae,Telmatocola,NA
ASV_8140,Bacteria,Pseudomonadota,Alphaproteobacteria,Hyphomicrobiales,Xanthobacteraceae,Ancylobacter,NA
ASV_8141,Bacteria,Pseudomonadota,Gammaproteobacteria,Burkholderiales,Methylophilaceae,NA,NA
ASV_8142,Bacteria,Ignavibacteriota,Ignavibacteria,Ignavibacteriales,PHOS-HE36,NA,NA
ASV_8143,Bacteria,Thermodesulfobacteriota,Desulfomonilia,Desulfomonilales,Desulfomonilaceae,Desulfomonile,NA
ASV_8144,Bacteria,Pseudomonadota,Alphaproteobacteria,Paracaedibacterales,Paracaedibacteraceae,NA,NA
ASV_8145,Bacteria,Ignavibacteriota,Ignavibacteria,Ignavibacteriales,Melioribacteraceae,IheB3-7,NA
ASV_8146,Bacteria,Actinomycetota,Actinobacteria,Frankiales,Sporichthyaceae,hgcI clade,NA
ASV_8147,Bacteria,Pseudomonadota,Gammaproteobacteria,Salinisphaerales,Nevskiaceae,Nevskia,NA
ASV_8148,Bacteria,Bacteroidota,Bacteroidia,Sphingobacteriales,NA,NA,NA
ASV_8149,Bacteria,Pseudomonadota,Gammaproteobacteria,Methylococcales,Methylomonadaceae,Methylomicrobium,NA
ASV_8150,Bacteria,Bacteroidota,Bacteroidia,Cytophagales,Cytophagaceae,Cytophaga,NA
ASV_8151,Bacteria,Chlamydiota,Chlamydiia,Chlamydiales,Parachlamydiaceae,Candidatus Protochlamydia,NA
ASV_8152,Bacteria,Cyanobacteriota,Cyanobacteriia,Chloroplast,NA,NA,NA
ASV_8153,Bacteria,Chlamydiota,Chlamydiia,Chlamydiales,cvE6,NA,NA
ASV_8154,Bacteria,Pseudomonadota,Alphaproteobacteria,Rickettsiales,Mitochondria,NA,NA
ASV_8155,Bacteria,Verrucomicrobiota,Verrucomicrobiia,Pedosphaerales,Pedosphaeraceae,DEV114,NA
ASV_8156,Bacteria,Pseudomonadota,Alphaproteobacteria,Micavibrionales,NA,NA,NA
ASV_8157,Bacteria,Bacteroidota,Bacteroidia,Cytophagales,Microscillaceae,OLB12,NA
ASV_8158,Bacteria,Pseudomonadota,Gammaproteobacteria,Lysobacterales,Rhodanobacteraceae,Frateuria,NA
ASV_8159,Bacteria,Pseudomonadota,Gammaproteobacteria,Burkholderiales,Comamonadaceae,Ideonella,NA
ASV_8160,Bacteria,Chloroflexota,Anaerolineae,Anaerolineales,Anaerolineaceae,Longilinea,NA
ASV_8161,Bacteria,Bacteroidota,Bacteroidia,Bacteroidales,M2PB4-65 termite group,NA,NA
ASV_8162,Bacteria,Bacteroidota,Bacteroidia,Chitinophagales,Saprospiraceae,Lewinella,NA
ASV_8163,Bacteria,Chlamydiota,Chlamydiia,Chlamydiales,cvE6,NA,NA
ASV_8164,Bacteria,Bacteroidota,Bacteroidia,Bacteroidales,Bacteroidetes vadinHA17,NA,NA
ASV_8165,Bacteria,Bacteroidota,Bacteroidia,Flavobacteriales,Cryomorphaceae,Vicingus,NA
ASV_8166,Bacteria,Chloroflexota,Anaerolineae,Anaerolineales,Anaerolineaceae,NA,NA
ASV_8167,Bacteria,Dependentiae,Babeliae,Babeliales,Vermiphilaceae,NA,NA
ASV_8168,Bacteria,Thermodesulfobacteriota,Desulfobacteria,Desulfobacterales,Desulfobacteraceae,NA,NA
ASV_8169,Bacteria,Chlamydiota,Chlamydiia,Chlamydiales,Parachlamydiaceae,Neochlamydia,NA
ASV_8170,Bacteria,Pseudomonadota,Gammaproteobacteria,Ga0077536,NA,NA,NA
ASV_8171,Bacteria,Pseudomonadota,Gammaproteobacteria,NA,NA,NA,NA
ASV_8172,Bacteria,Cyanobacteriota,Cyanobacteriia,Chloroplast,NA,NA,NA
ASV_8173,Bacteria,Chlamydiota,Chlamydiia,Chlamydiales,cvE6,NA,NA
ASV_8174,Bacteria,Bacillota,Clostridia,Clostridia vadinBB60 group,NA,NA,NA
ASV_8175,Bacteria,Patescibacteria,Saccharimonadia,Saccharimonadales,NA,NA,NA
ASV_8176,Bacteria,Patescibacteria,Saccharimonadia,Saccharimonadales,NA,NA,NA
ASV_8177,Bacteria,Patescibacteria,Saccharimonadia,Saccharimonadales,Saccharimonadaceae,Candidatus Saccharimonas,NA
ASV_8178,Bacteria,Pseudomonadota,Gammaproteobacteria,Burkholderiales,Comamonadaceae,Sphaerotilus,NA
ASV_8179,Bacteria,Pseudomonadota,Alphaproteobacteria,Rickettsiales,Rickettsiaceae,Candidatus Trichorickettsia,NA
ASV_8180,Bacteria,Bacillota,Desulfitobacteriia,Desulfitobacteriales,Syntrophobotulaceae,Candidatus Dichloromethanomonas,NA
ASV_8181,Bacteria,Bacteroidota,Bacteroidia,Bacteroidales,Dysgonomonadaceae,Proteiniphilum,NA
ASV_8182,Bacteria,Patescibacteria,Saccharimonadia,Saccharimonadales,NA,NA,NA
ASV_8183,Bacteria,Patescibacteria,ABY1,Candidatus Falkowbacteria,NA,NA,NA
ASV_8184,Bacteria,Bacillota,Clostridia,Oscillospirales,Oscillospiraceae,NA,NA
ASV_8185,Bacteria,Pseudomonadota,Alphaproteobacteria,Micavibrionales,NA,NA,NA
ASV_8186,Bacteria,Patescibacteria,Saccharimonadia,Saccharimonadales,NA,NA,NA
ASV_8187,Bacteria,Pseudomonadota,Alphaproteobacteria,Sphingomonadales,Sphingomonadaceae,Novosphingobium,NA
ASV_8188,Bacteria,Bacteroidota,Bacteroidia,Sphingobacteriales,NS11-12 marine group,NA,NA
ASV_8189,Bacteria,Pseudomonadota,Alphaproteobacteria,Micavibrionales,NA,NA,NA
ASV_8190,Bacteria,Pseudomonadota,Alphaproteobacteria,Acetobacterales,Acetobacteraceae,Rhodovarius,NA
ASV_8191,Bacteria,Pseudomonadota,Gammaproteobacteria,Pseudomonadales,Spongiibacteraceae,BD1-7 clade,NA
ASV_8192,Bacteria,Verrucomicrobiota,Verrucomicrobiia,Pedosphaerales,Pedosphaeraceae,NA,NA
ASV_8193,Bacteria,Bacteroidota,Bacteroidia,Bacteroidales,Prolixibacteraceae,Roseimarinus,NA
ASV_8194,Bacteria,Bacillota,Clostridia,Christensenellales,Christensenellaceae,NA,NA
ASV_8195,Bacteria,Patescibacteria,Saccharimonadia,Saccharimonadales,NA,NA,NA
ASV_8196,Bacteria,Bacteroidota,Bacteroidia,Chitinophagales,NA,NA,NA
ASV_8197,Bacteria,Patescibacteria,Gracilibacteria,Candidatus Abawacabacteria,NA,NA,NA
ASV_8198,Bacteria,Patescibacteria,Gracilibacteria,Candidatus Peregrinibacteria,NA,NA,NA
ASV_8199,Bacteria,Pseudomonadota,Gammaproteobacteria,Pseudomonadales,Moraxellaceae,Perlucidibaca,NA
ASV_8200,Bacteria,Hydrogenedentes,Hydrogenedentia,Hydrogenedentiales,Hydrogenedensaceae,NA,NA
ASV_8201,Bacteria,Patescibacteria,Parcubacteria,Candidatus Nomurabacteria,NA,NA,NA
ASV_8202,Bacteria,Patescibacteria,Gracilibacteria,Candidatus Peregrinibacteria,NA,NA,NA
ASV_8203,Bacteria,Bacteroidota,Bacteroidia,Sphingobacteriales,AKYH767,NA,NA
ASV_8204,Bacteria,Thermodesulfobacteriota,Desulfuromonadia,PB19,NA,NA,NA
ASV_8205,Bacteria,Synergistota,Synergistia,Synergistales,Synergistaceae,Syner-01,NA
ASV_8206,Bacteria,Bacillota,Clostridia,Clostridia vadinBB60 group,NA,NA,NA
ASV_8207,Bacteria,Planctomycetota,Planctomycetes,Pirellulales,Pirellulaceae,NA,NA
ASV_8208,Bacteria,Myxococcota,Polyangiia,Blfdi19,NA,NA,NA
ASV_8209,Bacteria,Dependentiae,Babeliae,Babeliales,NA,NA,NA
ASV_8210,Bacteria,Thermodesulfobacteriota,Desulfuromonadia,PB19,NA,NA,NA
ASV_8211,Bacteria,Patescibacteria,Microgenomatia,Candidatus Collierbacteria,NA,NA,NA
ASV_8212,Bacteria,Pseudomonadota,Gammaproteobacteria,Lysobacterales,Lysobacteraceae,Rehaibacterium,NA
ASV_8213,Bacteria,Margulisbacteria,NA,NA,NA,NA,NA
ASV_8214,Bacteria,Pseudomonadota,Alphaproteobacteria,Micavibrionales,NA,NA,NA
ASV_8215,Bacteria,Bacteroidota,Bacteroidia,Cytophagales,Spirosomataceae,Runella,zeae
ASV_8216,Bacteria,Chlamydiota,Chlamydiia,Chlamydiales,Parachlamydiaceae,NA,NA
ASV_8217,Bacteria,Pseudomonadota,Gammaproteobacteria,NA,NA,NA,NA
ASV_8218,Bacteria,Pseudomonadota,Alphaproteobacteria,Rickettsiales,SM2D12,NA,NA
ASV_8219,Bacteria,Pseudomonadota,Alphaproteobacteria,NA,NA,NA,NA
ASV_8220,Bacteria,Planctomycetota,Phycisphaerae,Phycisphaerales,Phycisphaeraceae,SM1A02,NA
ASV_8221,Bacteria,Patescibacteria,Dojkabacteria,NA,NA,NA,NA
ASV_8222,Bacteria,Thermodesulfobacteriota,Desulfuromonadia,Bradymonadales,NA,NA,NA
ASV_8223,Bacteria,Bdellovibrionota,Oligoflexia,Oligoflexales,Oligoflexaceae,NA,NA
ASV_8224,Bacteria,Thermodesulfobacteriota,Desulfuromonadia,Bradymonadales,NA,NA,NA
ASV_8225,Bacteria,Patescibacteria,ABY1,Candidatus Kerfeldbacteria,NA,NA,NA
ASV_8226,Bacteria,Pseudomonadota,NA,NA,NA,NA,NA
ASV_8227,Bacteria,Bacteroidota,Bacteroidia,Sphingobacteriales,NS11-12 marine group,NA,NA
ASV_8228,Bacteria,Pseudomonadota,Alphaproteobacteria,Rickettsiales,Midichloriaceae,NA,NA
ASV_8229,Bacteria,Patescibacteria,Microgenomatia,Candidatus Roizmanbacteria,NA,NA,NA
ASV_8230,Bacteria,Patescibacteria,Parcubacteria,Candidatus Moranbacteria,NA,NA,NA
ASV_8231,Bacteria,Planctomycetota,Pla4 lineage,NA,NA,NA,NA
ASV_8232,Bacteria,Candidatus Kapabacteria,Kapabacteria,Kapabacteriales,NA,NA,NA
ASV_8233,Bacteria,NA,NA,NA,NA,NA,NA
ASV_8234,Bacteria,Patescibacteria,WWE3,NA,NA,NA,NA
ASV_8235,Bacteria,Patescibacteria,Dojkabacteria,NA,NA,NA,NA
ASV_8236,Bacteria,Bacteroidota,Bacteroidia,Flavobacteriales,Flavobacteriaceae,Flavobacterium,NA
ASV_8237,Bacteria,Pseudomonadota,Alphaproteobacteria,Holosporales,Holosporaceae,NA,NA
ASV_8238,Bacteria,Acidobacteriota,Acidobacteriae,Bryobacterales,Bryobacteraceae,Paludibaculum,NA
ASV_8239,Bacteria,Pseudomonadota,Gammaproteobacteria,Methylococcales,Methylomonadaceae,Methylomicrobium,NA
ASV_8240,Bacteria,Cyanobacteriota,Cyanobacteriia,Chloroplast,NA,NA,NA
ASV_8241,Bacteria,Pseudomonadota,Alphaproteobacteria,Paracaedibacterales,Paracaedibacteraceae,NA,NA
ASV_8242,Bacteria,Pseudomonadota,Gammaproteobacteria,Salinisphaerales,Nevskiaceae,NA,NA
ASV_8243,Bacteria,Bacteroidota,Bacteroidia,Bacteroidales,NA,NA,NA
ASV_8244,Bacteria,Myxococcota,Polyangiia,Blfdi19,NA,NA,NA
ASV_8245,Bacteria,Bacteroidota,Bacteroidia,Flavobacteriales,Flavobacteriaceae,Flavobacterium,NA
ASV_8246,Bacteria,Pseudomonadota,Alphaproteobacteria,Acetobacterales,Acetobacteraceae,NA,NA
ASV_8247,Bacteria,Pseudomonadota,Gammaproteobacteria,Burkholderiales,Comamonadaceae,Rubrivivax,NA
ASV_8248,Bacteria,Myxococcota,Myxococcia,Myxococcales,Myxococcaceae,P3OB-42,NA
ASV_8249,Bacteria,Patescibacteria,NA,NA,NA,NA,NA
ASV_8250,Bacteria,Bacteroidota,Bacteroidia,Chitinophagales,NA,NA,NA
ASV_8251,Bacteria,Bacteroidota,Bacteroidia,Bacteroidales,Prolixibacteraceae,NA,NA
ASV_8252,Bacteria,Candidatus Kapabacteria,Kapabacteria,Kapabacteriales,NA,NA,NA
ASV_8253,Bacteria,Bacteroidota,Bacteroidia,Cytophagales,Cyclobacteriaceae,Algoriphagus,NA
ASV_8254,Bacteria,Bdellovibrionota,Bacteriovoracia,Bacteriovoracales,Bacteriovoracaceae,Peredibacter,NA
ASV_8255,Bacteria,Pseudomonadota,Gammaproteobacteria,Rickettsiellales,Rickettsiellaceae,NA,NA
ASV_8256,Bacteria,Patescibacteria,ABY1,Candidatus Falkowbacteria,NA,NA,NA
ASV_8257,Bacteria,Acidobacteriota,Holophagae,Holophagales,Holophagaceae,Holophaga,NA
ASV_8258,Bacteria,Bacteroidota,Bacteroidia,Chitinophagales,Saprospiraceae,NA,NA
ASV_8259,Bacteria,Patescibacteria,ABY1,Candidatus Falkowbacteria,NA,NA,NA
ASV_8260,Bacteria,Pseudomonadota,Gammaproteobacteria,Lysobacterales,NA,NA,NA
ASV_8261,Bacteria,Chlorobiota,Chlorobia,Chlorobiales,Chlorobiaceae,Chlorobaculum,NA
ASV_8262,Bacteria,Planctomycetota,Planctomycetes,Pirellulales,Pirellulaceae,Candidatus Anammoximicrobium,NA
ASV_8263,Bacteria,Chloroflexota,Anaerolineae,Anaerolineales,Anaerolineaceae,NA,NA
ASV_8264,Bacteria,Spirochaetota,MVP-15,NA,NA,NA,NA
ASV_8265,Bacteria,Bacteroidota,Bacteroidia,Cytophagales,Spirosomataceae,Flectobacillus,roseus
ASV_8266,Bacteria,Planctomycetota,Planctomycetes,Pirellulales,Pirellulaceae,Pirellula,NA
ASV_8267,Bacteria,Pseudomonadota,Alphaproteobacteria,Rickettsiales,Rickettsiaceae,NA,NA
ASV_8268,Bacteria,Bacteroidota,Bacteroidia,Chitinophagales,NA,NA,NA
ASV_8269,Bacteria,Pseudomonadota,Alphaproteobacteria,Rickettsiales,Rickettsiaceae,NA,NA
ASV_8270,Bacteria,Bacteroidota,Bacteroidia,Flavobacteriales,NS9 marine group,NA,NA
ASV_8271,Bacteria,Bacteroidota,Bacteroidia,Cytophagales,Spirosomataceae,Lacihabitans,NA
ASV_8272,Bacteria,Pseudomonadota,Alphaproteobacteria,Rickettsiales,Rickettsiaceae,NA,NA
ASV_8273,Bacteria,Ignavibacteriota,Ignavibacteria,Ignavibacteriales,Melioribacteraceae,IheB3-7,NA
ASV_8274,Bacteria,Planctomycetota,Planctomycetes,Planctomycetales,Rubinisphaeraceae,Planctomicrobium,NA
ASV_8275,Bacteria,Bacteroidota,Bacteroidia,Sphingobacteriales,NA,NA,NA
ASV_8276,Bacteria,Thermodesulfobacteriota,Syntrophia,Syntrophales,Syntrophaceae,Syntrophus,NA
ASV_8277,Bacteria,Patescibacteria,Saccharimonadia,Saccharimonadales,NA,NA,NA
ASV_8278,Bacteria,Verrucomicrobiota,Verrucomicrobiia,Pedosphaerales,Pedosphaeraceae,ADurb.Bin063-1,NA
ASV_8279,Bacteria,Thermodesulfobacteriota,Desulfuromonadia,Desulfuromonadales,Geothermobacteraceae,Geothermobacter,NA
ASV_8280,Bacteria,Pseudomonadota,Alphaproteobacteria,Paracaedibacterales,Paracaedibacteraceae,NA,NA
ASV_8281,Bacteria,Sumerlaeota,Sumerlaeia,Sumerlaeales,Sumerlaeaceae,Sumerlaea,NA
ASV_8282,Bacteria,Verrucomicrobiota,Verrucomicrobiia,Opitutales,Puniceicoccaceae,NA,NA
ASV_8283,Bacteria,Bacillota,Bacilli,Erysipelotrichales,Erysipelatoclostridiaceae,Catenibacterium,NA
ASV_8284,Bacteria,Bacteroidota,Bacteroidia,Cytophagales,Cyclobacteriaceae,Shivajiella,NA
ASV_8285,Bacteria,Bacillota,Bacilli,RF39,NA,NA,NA
ASV_8286,Bacteria,Pseudomonadota,Alphaproteobacteria,Micavibrionales,NA,NA,NA
ASV_8287,Bacteria,Patescibacteria,Saccharimonadia,Saccharimonadales,Saccharimonadaceae,Candidatus Saccharimonas,NA
ASV_8288,Bacteria,Patescibacteria,WWE3,NA,NA,NA,NA
ASV_8289,Bacteria,Spirochaetota,Spirochaetia,Spirochaetales,Spirochaetaceae,Rectinema,NA
ASV_8290,Bacteria,Ignavibacteriota,Ignavibacteria,Ignavibacteriales,Ignavibacteriaceae,Ignavibacterium,NA
ASV_8291,Bacteria,Patescibacteria,ABY1,Candidatus Falkowbacteria,NA,NA,NA
ASV_8292,Bacteria,Pseudomonadota,Gammaproteobacteria,NA,NA,NA,NA
ASV_8293,Bacteria,Patescibacteria,Parcubacteria,NA,NA,NA,NA
ASV_8294,Bacteria,Bacillota,Clostridia,Christensenellales,Christensenellaceae,Christensenellaceae R-7 group,NA
ASV_8295,Bacteria,Patescibacteria,Microgenomatia,Candidatus Pacebacteria,NA,NA,NA
ASV_8296,Bacteria,Sumerlaeota,Sumerlaeia,NA,NA,NA,NA
ASV_8297,Bacteria,Patescibacteria,Gracilibacteria,Candidatus Peribacteria,NA,NA,NA
ASV_8298,Bacteria,Patescibacteria,Saccharimonadia,Saccharimonadales,LWQ8,NA,NA
ASV_8299,Bacteria,Verrucomicrobiota,Omnitrophia,Omnitrophales,Omnitrophaceae,Candidatus Omnitrophus,NA
ASV_8300,Bacteria,Bdellovibrionota,Oligoflexia,Oligoflexales,Oligoflexaceae,NA,NA
ASV_8301,Bacteria,Bdellovibrionota,Oligoflexia,Oligoflexales,Oligoflexaceae,NA,NA
ASV_8302,Bacteria,Patescibacteria,Dojkabacteria,NA,NA,NA,NA
ASV_8303,Bacteria,Planctomycetota,Planctomycetes,Gemmatales,Gemmataceae,NA,NA
ASV_8304,Bacteria,Planctomycetota,Phycisphaerae,Phycisphaerales,Phycisphaeraceae,SM1A02,NA
ASV_8305,Bacteria,Bacteroidota,Bacteroidia,Chitinophagales,Chitinophagaceae,NA,NA
ASV_8306,Bacteria,Dependentiae,Babeliae,Babeliales,Vermiphilaceae,NA,NA
ASV_8307,Bacteria,Patescibacteria,ABY1,Candidatus Falkowbacteria,NA,NA,NA
ASV_8308,Bacteria,Bacillota,Clostridia,Clostridia UCG-014,NA,NA,NA
ASV_8309,Bacteria,Planctomycetota,Planctomycetes,Pirellulales,Pirellulaceae,Pirellula,NA
ASV_8310,Bacteria,Candidatus Kapabacteria,Kapabacteria,Kapabacteriales,NA,NA,NA
ASV_8311,Bacteria,Verrucomicrobiota,Verrucomicrobiia,Verrucomicrobiales,Verrucomicrobiaceae,NA,NA
ASV_8312,Bacteria,Pseudomonadota,Alphaproteobacteria,Rickettsiales,Midichloriaceae,NA,NA
ASV_8313,Bacteria,Pseudomonadota,Alphaproteobacteria,Rickettsiales,Mitochondria,NA,NA
ASV_8314,Bacteria,Dependentiae,Babeliae,Babeliales,NA,NA,NA
ASV_8315,Bacteria,Patescibacteria,Microgenomatia,Candidatus Collierbacteria,NA,NA,NA
ASV_8316,Bacteria,Bacillota,Bacilli,Erysipelotrichales,Erysipelatoclostridiaceae,UCG-004,NA
ASV_8317,Bacteria,Chlamydiota,Chlamydiia,Chlamydiales,Simkaniaceae,NA,NA
ASV_8318,Bacteria,Chlamydiota,Chlamydiia,Chlamydiales,Simkaniaceae,Candidatus Renichlamydia,NA
ASV_8319,Bacteria,Thermodesulfobacteriota,Desulfobacteria,Desulfobacterales,Desulfobacteraceae,Desulfobacter,NA
ASV_8320,Bacteria,Pseudomonadota,Gammaproteobacteria,Burkholderiales,Methylophilaceae,Methylotenera,NA
ASV_8321,Bacteria,Dependentiae,Babeliae,Babeliales,NA,NA,NA
ASV_8322,Bacteria,Bacteroidota,Bacteroidia,Sphingobacteriales,Lentimicrobiaceae,NA,NA
ASV_8323,Bacteria,Bacteroidota,Bacteroidia,Bacteroidales,Bacteroidetes BD2-2,NA,NA
ASV_8324,Bacteria,Patescibacteria,Saccharimonadia,Saccharimonadales,NA,NA,NA
ASV_8325,Bacteria,Bacteroidota,Bacteroidia,Chitinophagales,NA,NA,NA
ASV_8326,Bacteria,Pseudomonadota,Gammaproteobacteria,Methylococcales,Methylomonadaceae,NA,NA
ASV_8327,Bacteria,Actinomycetota,Actinobacteria,Micrococcales,Microbacteriaceae,Agromyces,NA
ASV_8328,Bacteria,Pseudomonadota,Gammaproteobacteria,Burkholderiales,Rhodocyclaceae,Rugosibacter,NA
ASV_8329,Bacteria,Bacteroidota,Bacteroidia,Bacteroidales,Prolixibacteraceae,NA,NA
ASV_8330,Bacteria,Acidobacteriota,Aminicenantia,Aminicenantales,Aminicenantaceae,Aminicenans,NA
ASV_8331,Bacteria,Pseudomonadota,Gammaproteobacteria,Pseudomonadales,Moraxellaceae,NA,NA
ASV_8332,Bacteria,Planctomycetota,Planctomycetes,Pirellulales,Pirellulaceae,NA,NA
ASV_8333,Bacteria,Pseudomonadota,Gammaproteobacteria,Methylococcales,Methylomonadaceae,NA,NA
ASV_8334,Bacteria,Bacteroidota,Bacteroidia,Sphingobacteriales,NA,NA,NA
ASV_8335,Bacteria,Verrucomicrobiota,Lentisphaeria,Victivallales,Victivallaceae,NA,NA
ASV_8336,Bacteria,Patescibacteria,NA,NA,NA,NA,NA
ASV_8337,Bacteria,Bdellovibrionota,Oligoflexia,0319-6G20,NA,NA,NA
ASV_8338,Bacteria,Pseudomonadota,Alphaproteobacteria,Azospirillales,Azospirillales Incertae Sedis,Stella,NA
ASV_8339,Bacteria,Bacteroidota,Bacteroidia,Bacteroidales,LKC2.127-25,NA,NA
ASV_8340,Bacteria,Bacillota,Bacilli,Staphylococcales,Staphylococcaceae,NA,NA
ASV_8341,Bacteria,Planctomycetota,Planctomycetes,Isosphaerales,Isosphaeraceae,Aquisphaera,NA
ASV_8342,Bacteria,Caldisericota,Caldisericia,Caldisericales,Caldisericaceae,Caldisericum,NA
ASV_8343,Bacteria,Planctomycetota,Planctomycetes,Planctomycetales,Schlesneriaceae,Planctopirus,NA
ASV_8344,Bacteria,Pseudomonadota,Gammaproteobacteria,NA,NA,NA,NA
ASV_8345,Bacteria,Dependentiae,Babeliae,Babeliales,Vermiphilaceae,NA,NA
ASV_8346,Bacteria,Bacteroidota,Bacteroidia,Cytophagales,Spirosomataceae,Runella,NA
ASV_8347,Bacteria,Verrucomicrobiota,Verrucomicrobiia,Pedosphaerales,Pedosphaeraceae,NA,NA
ASV_8348,Bacteria,Pseudomonadota,Gammaproteobacteria,Burkholderiales,Methylophilaceae,NA,NA
ASV_8349,Bacteria,Myxococcota,Polyangiia,Polyangiales,Sandaracinaceae,NA,NA
ASV_8350,Bacteria,Campylobacterota,Campylobacteria,Campylobacterales,NA,NA,NA
ASV_8351,Bacteria,Chlamydiota,Chlamydiia,Chlamydiales,Parachlamydiaceae,NA,NA
ASV_8352,Bacteria,Pseudomonadota,Alphaproteobacteria,Paracaedibacterales,Paracaedibacteraceae,Candidatus Paracaedibacter,NA
ASV_8353,Bacteria,Myxococcota,Polyangiia,Polyangiales,Sandaracinaceae,NA,NA
ASV_8354,Bacteria,Pseudomonadota,Alphaproteobacteria,Rickettsiales,Midichloriaceae,Candidatus Jidaibacter,NA
ASV_8355,Bacteria,Patescibacteria,Parcubacteria,Candidatus Kaiserbacteria,NA,NA,NA
ASV_8356,Bacteria,Patescibacteria,Parcubacteria,Candidatus Kaiserbacteria,NA,NA,NA
ASV_8357,Bacteria,Bacillota,Clostridia,Oscillospirales,Oscillospiraceae,NA,NA
ASV_8358,Bacteria,Verrucomicrobiota,Kiritimatiellia,WCHB1-41,NA,NA,NA
ASV_8359,Archaea,Nanoarchaeota,Nanoarchaeia,Pacearchaeales,Incertae Sedis,SCGC AAA011-D5,NA
ASV_8360,Bacteria,Spirochaetota,Spirochaetia,Spirochaetales,Spirochaetaceae,Sediminispirochaeta,NA
ASV_8361,Bacteria,Pseudomonadota,Gammaproteobacteria,Burkholderiales,Comamonadaceae,Aquabacterium,NA
ASV_8362,Bacteria,Thermotogota,Thermotogae,Kosmotogales,Kosmotogaceae,Mesotoga,NA
ASV_8363,Bacteria,Bacteroidota,Bacteroidia,Bacteroidales,Paludibacteraceae,Paludibacter,NA
ASV_8364,Bacteria,Candidatus Kapabacteria,Kapabacteria,Kapabacteriales,NA,NA,NA
ASV_8365,Bacteria,Pseudomonadota,Alphaproteobacteria,Rickettsiales,Mitochondria,NA,NA
ASV_8366,Bacteria,Patescibacteria,Saccharimonadia,Saccharimonadales,NA,NA,NA
ASV_8367,Bacteria,Chlamydiota,Chlamydiia,Chlamydiales,Parachlamydiaceae,Neochlamydia,NA
ASV_8368,Bacteria,Patescibacteria,Microgenomatia,Candidatus Pacebacteria,NA,NA,NA
ASV_8369,Bacteria,Dependentiae,Babeliae,Babeliales,NA,NA,NA
ASV_8370,Bacteria,Bacillota,Clostridia,Clostridia vadinBB60 group,NA,NA,NA
ASV_8371,Bacteria,Pseudomonadota,Gammaproteobacteria,Competibacterales,Competibacteraceae,Candidatus Competibacter,NA
ASV_8372,Bacteria,Bdellovibrionota,Bdellovibrionia,Bdellovibrionales,Pseudobdellovibrionaceae,NA,NA
ASV_8373,Archaea,Nanoarchaeota,Nanoarchaeia,Pacearchaeales,Incertae Sedis,SCGC AAA011-D5,NA
ASV_8374,Bacteria,Patescibacteria,Parcubacteria,Candidatus Moranbacteria,NA,NA,NA
ASV_8375,Bacteria,Patescibacteria,Parcubacteria,Candidatus Campbellbacteria,NA,NA,NA
ASV_8376,Bacteria,Patescibacteria,Parcubacteria,Candidatus Zambryskibacteria,NA,NA,NA
ASV_8377,Bacteria,Hydrogenedentes,Hydrogenedentia,Hydrogenedentiales,Hydrogenedensaceae,NA,NA
ASV_8378,Bacteria,Bacteroidota,Bacteroidia,NA,NA,NA,NA
ASV_8379,Bacteria,Actinomycetota,Acidimicrobiia,Microtrichales,Microtrichaceae,NA,NA
ASV_8380,Bacteria,Candidatus Kapabacteria,Kapabacteria,Kapabacteriales,NA,NA,NA
ASV_8381,Bacteria,Pseudomonadota,Gammaproteobacteria,Pseudomonadales,Moraxellaceae,Enhydrobacter,aerosaccus
ASV_8382,Bacteria,Planctomycetota,Phycisphaerae,Phycisphaerales,Phycisphaeraceae,SM1A02,NA
ASV_8383,Bacteria,Bacillota,Bacilli,Erysipelotrichales,Erysipelatoclostridiaceae,UCG-004,NA
ASV_8384,Bacteria,Myxococcota,Polyangiia,Polyangiales,Sandaracinaceae,Sandaracinus,NA
ASV_8385,Bacteria,Pseudomonadota,Gammaproteobacteria,Burkholderiales,Burkholderiaceae,Limnobacter,NA
ASV_8386,Bacteria,Pseudomonadota,Alphaproteobacteria,Rickettsiales,SM2D12,NA,NA
ASV_8387,Bacteria,Bdellovibrionota,Bacteriovoracia,Bacteriovoracales,Bacteriovoracaceae,Peredibacter,NA
ASV_8388,Bacteria,Bacteroidota,Bacteroidia,Chitinophagales,Saprospiraceae,NA,NA
ASV_8389,Bacteria,Pseudomonadota,Alphaproteobacteria,Rhodobacterales,Paracoccaceae,Fuscovulum,NA
ASV_8390,Bacteria,Pseudomonadota,Alphaproteobacteria,Hyphomicrobiales,A0839,NA,NA
ASV_8391,Bacteria,Hydrogenedentes,Hydrogenedentia,Hydrogenedentiales,Hydrogenedensaceae,NA,NA
ASV_8392,Bacteria,Actinomycetota,Acidimicrobiia,Microtrichales,Ilumatobacteraceae,CL500-29 marine group,NA
ASV_8393,Bacteria,Bacteroidota,Bacteroidia,Sphingobacteriales,NS11-12 marine group,NA,NA
ASV_8394,Bacteria,Pseudomonadota,Gammaproteobacteria,NA,NA,NA,NA
ASV_8395,Bacteria,Chloroflexota,Anaerolineae,Caldilineales,Caldilineaceae,NA,NA
ASV_8396,Bacteria,Pseudomonadota,Gammaproteobacteria,Salinisphaerales,Nevskiaceae,Fontimonas,NA
ASV_8397,Bacteria,Planctomycetota,Phycisphaerae,Phycisphaerales,Phycisphaeraceae,CL500-3,NA
ASV_8398,Bacteria,Bdellovibrionota,Oligoflexia,Oligoflexales,Oligoflexaceae,NA,NA
ASV_8399,Bacteria,Gemmatimonadota,Gemmatimonadia,Gemmatimonadales,Gemmatimonadaceae,NA,NA
ASV_8400,Bacteria,Bacillota,Clostridia,Oscillospirales,Ruminococcaceae,NA,NA
ASV_8401,Bacteria,Thermotogota,Thermotogae,Petrotogales,Petrotogaceae,AUTHM297,NA
ASV_8402,Bacteria,Bacillota,Negativicutes,Acidaminococcales,Acidaminococcaceae,Phascolarctobacterium,NA
ASV_8403,Bacteria,Fibrobacterota,Fibrobacteria,Fibrobacterales,Fibrobacteraceae,Fibrobacter,NA
ASV_8404,Bacteria,Planctomycetota,Planctomycetes,Gemmatales,Gemmataceae,Tuwongella,NA
ASV_8405,Bacteria,Campylobacterota,Campylobacteria,Campylobacterales,Sulfurovaceae,Sulfurovum,NA
ASV_8406,Bacteria,Pseudomonadota,Gammaproteobacteria,Beggiatoales,Beggiatoaceae,Beggiatoa,NA
ASV_8407,Bacteria,NA,NA,NA,NA,NA,NA
ASV_8408,Bacteria,Bacteroidota,Bacteroidia,Bacteroidetes VC2.1 Bac22,NA,NA,NA
ASV_8409,Bacteria,Patescibacteria,Parcubacteria,Candidatus Nomurabacteria,NA,NA,NA
ASV_8410,Bacteria,Pseudomonadota,Gammaproteobacteria,Legionellales,Legionellaceae,Legionella,NA
ASV_8411,Bacteria,Planctomycetota,Planctomycetes,Pirellulales,Pirellulaceae,Pirellula,NA
ASV_8412,Bacteria,Fibrobacterota,Fibrobacteria,Fibrobacterales,Fibrobacteraceae,possible genus 06,NA
ASV_8413,Bacteria,Bacteroidota,Bacteroidia,Bacteroidales,M2PB4-65 termite group,NA,NA
ASV_8414,Bacteria,Patescibacteria,ABY1,Candidatus Kerfeldbacteria,NA,NA,NA
ASV_8415,Bacteria,Bacteroidota,Bacteroidia,Cytophagales,Spirosomataceae,NA,NA
ASV_8416,Bacteria,Pseudomonadota,Gammaproteobacteria,Pseudomonadales,Moraxellaceae,Perlucidibaca,NA
ASV_8417,Bacteria,Cyanobacteriota,Cyanobacteriia,Chloroplast,NA,NA,NA
ASV_8418,Bacteria,Pseudomonadota,Gammaproteobacteria,Burkholderiales,Neisseriaceae,NA,NA
ASV_8419,Bacteria,Actinomycetota,Actinobacteria,Propionibacteriales,Nocardioidaceae,Nocardioides,NA
ASV_8420,Bacteria,Bacteroidota,Bacteroidia,Bacteroidales,NA,NA,NA
ASV_8421,Bacteria,Pseudomonadota,Gammaproteobacteria,Steroidobacterales,Steroidobacteraceae,NA,NA
ASV_8422,Bacteria,Pseudomonadota,Gammaproteobacteria,Chromatiales,Chromatiaceae,Allochromatium,NA
ASV_8423,Bacteria,Pseudomonadota,Gammaproteobacteria,NA,NA,NA,NA
ASV_8424,Bacteria,Verrucomicrobiota,Omnitrophia,Omnitrophales,Omnitrophaceae,Candidatus Omnitrophus,NA
ASV_8425,Bacteria,Pseudomonadota,Gammaproteobacteria,Ga0077536,NA,NA,NA
ASV_8426,Bacteria,Pseudomonadota,Gammaproteobacteria,Rickettsiellales,Rickettsiellaceae,NA,NA
ASV_8427,Bacteria,Cyanobacteriota,Cyanobacteriia,Synechococcales,Cyanobiaceae,Cyanobium PCC-6307,NA
ASV_8428,Bacteria,Pseudomonadota,Gammaproteobacteria,NA,NA,NA,NA
ASV_8429,Bacteria,Pseudomonadota,Gammaproteobacteria,Chromatiales,Chromatiaceae,Allochromatium,NA
ASV_8430,Bacteria,Chloroflexota,OLB14,NA,NA,NA,NA
ASV_8431,Bacteria,Pseudomonadota,Gammaproteobacteria,Burkholderiales,Methylophilaceae,NA,NA
ASV_8432,Bacteria,Pseudomonadota,Alphaproteobacteria,Caulobacterales,Hyphomonadaceae,SWB02,NA
ASV_8433,Bacteria,Bacteroidota,Bacteroidia,Bacteroidetes VC2.1 Bac22,NA,NA,NA
ASV_8434,Bacteria,Ignavibacteriota,Ignavibacteria,Ignavibacteriales,Melioribacteraceae,IheB3-7,NA
ASV_8435,Bacteria,Bacteroidota,Bacteroidia,Bacteroidales,LKC2.127-25,NA,NA
ASV_8436,Bacteria,Myxococcota,Polyangiia,Polyangiales,Sandaracinaceae,NA,NA
ASV_8437,Bacteria,Bacteroidota,Bacteroidia,Bacteroidales,Bacteroidetes vadinHA17,NA,NA
ASV_8438,Bacteria,Pseudomonadota,Gammaproteobacteria,Burkholderiales,Comamonadaceae,NA,NA
ASV_8439,Bacteria,Bacteroidota,Bacteroidia,Chitinophagales,Saprospiraceae,NA,NA
ASV_8440,Bacteria,Pseudomonadota,Gammaproteobacteria,Burkholderiales,Rhodocyclaceae,C39,NA
ASV_8441,Bacteria,Patescibacteria,Parcubacteria,Candidatus Nomurabacteria,NA,NA,NA
ASV_8442,Bacteria,Verrucomicrobiota,Verrucomicrobiia,Pedosphaerales,Pedosphaeraceae,DEV114,NA
ASV_8443,Bacteria,Chlamydiota,Chlamydiia,Chlamydiales,Simkaniaceae,NA,NA
ASV_8444,Bacteria,Actinomycetota,Actinobacteria,Micrococcales,Microbacteriaceae,Aurantimicrobium,NA
ASV_8445,Bacteria,Patescibacteria,Parcubacteria,Candidatus Moranbacteria,NA,NA,NA
ASV_8446,Bacteria,Patescibacteria,Parcubacteria,Candidatus Nomurabacteria,NA,NA,NA
ASV_8447,Bacteria,Verrucomicrobiota,Lentisphaeria,Oligosphaerales,Lenti-02,NA,NA
ASV_8448,Bacteria,Actinomycetota,Actinobacteria,NA,NA,NA,NA
ASV_8449,Bacteria,Patescibacteria,Gracilibacteria,NA,NA,NA,NA
ASV_8450,Bacteria,Bacteroidota,Bacteroidia,Bacteroidales,GZKB124,NA,NA
ASV_8451,Bacteria,Bacillota,Clostridia,Lachnospirales,Lachnospiraceae,Butyrivibrio,NA
ASV_8452,Bacteria,Chlamydiota,Chlamydiia,LD1-PA32,NA,NA,NA
ASV_8453,Bacteria,Bacillota,Clostridia,Lachnospirales,Lachnospiraceae,Lachnospiraceae AC2044 group,NA
ASV_8454,Bacteria,Pseudomonadota,Alphaproteobacteria,Rickettsiales,SM2D12,NA,NA
ASV_8455,Bacteria,Bacteroidota,Bacteroidia,Bacteroidetes VC2.1 Bac22,NA,NA,NA
ASV_8456,Bacteria,Patescibacteria,Parcubacteria,Candidatus Kaiserbacteria,NA,NA,NA
ASV_8457,Bacteria,Verrucomicrobiota,Omnitrophia,Omnitrophales,Omnitrophaceae,Candidatus Omnitrophus,NA
ASV_8458,Archaea,Halobacteriota,Methanomicrobia,Methanomicrobiales,Methanoregulaceae,Methanolinea,NA
ASV_8459,Bacteria,Chlamydiota,Chlamydiia,LD1-PA32,NA,NA,NA
ASV_8460,Bacteria,Patescibacteria,Parcubacteria,NA,NA,NA,NA
ASV_8461,Bacteria,Dependentiae,Babeliae,Babeliales,NA,NA,NA
ASV_8462,Bacteria,Patescibacteria,ABY1,Candidatus Magasanikbacteria,NA,NA,NA
ASV_8463,Bacteria,Chlamydiota,Chlamydiia,LD1-PA32,NA,NA,NA
ASV_8464,Bacteria,Bacteroidota,Bacteroidia,Flavobacteriales,Flavobacteriaceae,Flavobacterium,NA
ASV_8465,Bacteria,Verrucomicrobiota,Kiritimatiellia,WCHB1-41,NA,NA,NA
ASV_8466,Bacteria,Patescibacteria,Microgenomatia,Candidatus Pacebacteria,NA,NA,NA
ASV_8467,Bacteria,Patescibacteria,WWE3,NA,NA,NA,NA
ASV_8468,Bacteria,Bacteroidota,Bacteroidia,Flavobacteriales,Flavobacteriaceae,Flavobacterium,NA
ASV_8469,Bacteria,Patescibacteria,Parcubacteria,Candidatus Nomurabacteria,NA,NA,NA
ASV_8470,Bacteria,Pseudomonadota,Gammaproteobacteria,Gammaproteobacteria Incertae Sedis,Unknown Family,Candidatus Berkiella,NA
ASV_8471,Bacteria,Bacteroidota,Bacteroidia,Sphingobacteriales,NS11-12 marine group,NA,NA
ASV_8472,Bacteria,Bacteroidota,Bacteroidia,Flavobacteriales,Flavobacteriaceae,Flavobacterium,NA
ASV_8473,Bacteria,Bacteroidota,Bacteroidia,Sphingobacteriales,LiUU-11-161,NA,NA
ASV_8474,Bacteria,Bdellovibrionota,Bdellovibrionia,Bdellovibrionales,Pseudobdellovibrionaceae,OM27 clade,NA
ASV_8475,Bacteria,NA,NA,NA,NA,NA,NA
ASV_8476,Bacteria,Patescibacteria,ABY1,Candidatus Magasanikbacteria,NA,NA,NA
ASV_8477,Bacteria,Bdellovibrionota,Bdellovibrionia,Bdellovibrionales,Pseudobdellovibrionaceae,NA,NA
ASV_8478,Bacteria,Planctomycetota,Planctomycetes,Pirellulales,Pirellulaceae,Pirellula,NA
ASV_8479,Bacteria,Bacteroidota,Bacteroidia,Cytophagales,Cyclobacteriaceae,NA,NA
ASV_8480,Bacteria,Bdellovibrionota,Bdellovibrionia,Bdellovibrionales,Pseudobdellovibrionaceae,OM27 clade,NA
ASV_8481,Bacteria,Bdellovibrionota,Bdellovibrionia,Bdellovibrionales,Pseudobdellovibrionaceae,NA,NA
ASV_8482,Bacteria,Planctomycetota,Planctomycetes,Planctomycetales,Rubinisphaeraceae,Planctomicrobium,NA
ASV_8483,Bacteria,Patescibacteria,Saccharimonadia,Saccharimonadales,NA,NA,NA
ASV_8484,Bacteria,Pseudomonadota,Gammaproteobacteria,Rickettsiellales,Rickettsiellaceae,NA,NA
ASV_8485,Bacteria,Pseudomonadota,Gammaproteobacteria,Burkholderiales,Burkholderiaceae,Limnobacter,thiooxidans
ASV_8486,Bacteria,Pseudomonadota,Alphaproteobacteria,Micavibrionales,NA,NA,NA
ASV_8487,Bacteria,Verrucomicrobiota,Verrucomicrobiia,Chthoniobacterales,Terrimicrobiaceae,Terrimicrobium,NA
ASV_8488,Bacteria,Pseudomonadota,Gammaproteobacteria,Pseudomonadales,Moraxellaceae,NA,NA
ASV_8489,Bacteria,Sumerlaeota,Sumerlaeia,Sumerlaeales,Sumerlaeaceae,Sumerlaea,NA
ASV_8490,Bacteria,Spirochaetota,Spirochaetia,Spirochaetales,Spirochaetaceae,Treponema,maltophilum
ASV_8491,Bacteria,Spirochaetota,Spirochaetia,Spirochaetales,Spirochaetaceae,Treponema,vincentii
ASV_8492,Bacteria,Bacteroidota,Bacteroidia,Cytophagales,Cytophagaceae,Cytophaga,NA
ASV_8493,Bacteria,Chlamydiota,Chlamydiia,Chlamydiales,Parachlamydiaceae,Candidatus Mesochlamydia,NA
ASV_8494,Bacteria,Pseudomonadota,Gammaproteobacteria,Chromatiales,Chromatiaceae,Thiolamprovum,NA
ASV_8495,Bacteria,Bacteroidota,Bacteroidia,Bacteroidetes VC2.1 Bac22,NA,NA,NA
ASV_8496,Bacteria,Bacteroidota,Bacteroidia,Sphingobacteriales,NS11-12 marine group,NA,NA
ASV_8497,Bacteria,Pseudomonadota,Alphaproteobacteria,Rickettsiales,Rickettsiaceae,NA,NA
ASV_8498,Bacteria,Pseudomonadota,Gammaproteobacteria,HOC36,NA,NA,NA
ASV_8499,Bacteria,Bacteroidota,Bacteroidia,Bacteroidales,Prolixibacteraceae,NA,NA
ASV_8500,Bacteria,Pseudomonadota,Gammaproteobacteria,Burkholderiales,Comamonadaceae,Rubrivivax,NA
ASV_8501,Bacteria,Bacteroidota,Bacteroidia,Bacteroidetes VC2.1 Bac22,NA,NA,NA
ASV_8502,Bacteria,Bacillota,NA,NA,NA,NA,NA
ASV_8503,Bacteria,Candidatus Kryptonia,Kryptonia,Kryptoniales,MSB-3C8,NA,NA
ASV_8504,Bacteria,Chlamydiota,Chlamydiia,Chlamydiales,Parachlamydiaceae,Neochlamydia,NA
ASV_8505,Bacteria,Myxococcota,Polyangiia,Polyangiales,Sandaracinaceae,NA,NA
ASV_8506,Bacteria,Verrucomicrobiota,Verrucomicrobiia,Pedosphaerales,Pedosphaeraceae,NA,NA
ASV_8507,Bacteria,Bacillota,Bacilli,Izemoplasmatales,Izemoplasmataceae,NA,NA
ASV_8508,Bacteria,Chlamydiota,Chlamydiia,Chlamydiales,Simkaniaceae,Ga0074140,NA
ASV_8509,Bacteria,Bacteroidota,Bacteroidia,Bacteroidales,Prolixibacteraceae,BSV13,NA
ASV_8510,Bacteria,Pseudomonadota,Gammaproteobacteria,PLTA13,NA,NA,NA
ASV_8511,Bacteria,Patescibacteria,ABY1,Candidatus Falkowbacteria,NA,NA,NA
ASV_8512,Bacteria,Pseudomonadota,Alphaproteobacteria,Rhodobacterales,Paracoccaceae,NA,NA
ASV_8513,Bacteria,Pseudomonadota,Alphaproteobacteria,Rhodospirillales,NA,NA,NA
ASV_8514,Bacteria,Bacillota,Clostridia,Christensenellales,Christensenellaceae,NA,NA
ASV_8515,Bacteria,Bacteroidota,Bacteroidia,Bacteroidales,Rikenellaceae,Anaerocella,NA
ASV_8516,Bacteria,Dependentiae,Babeliae,Babeliales,NA,NA,NA
ASV_8517,Bacteria,Bacteroidota,Bacteroidia,Sphingobacteriales,Lentimicrobiaceae,NA,NA
ASV_8518,Bacteria,Campylobacterota,Campylobacteria,Campylobacterales,Helicobacteraceae,NA,NA
ASV_8519,Bacteria,Pseudomonadota,Alphaproteobacteria,Caulobacterales,Hyphomonadaceae,Hyphomonas,NA
ASV_8520,Bacteria,Verrucomicrobiota,Verrucomicrobiia,Opitutales,Puniceicoccaceae,NA,NA
ASV_8521,Bacteria,Bacillota,Bacilli,RF39,NA,NA,NA
ASV_8522,Bacteria,Bacteroidota,Bacteroidia,Sphingobacteriales,NS11-12 marine group,NA,NA
ASV_8523,Bacteria,Cyanobacteriota,Cyanobacteriia,Chloroplast,NA,NA,NA
ASV_8524,Bacteria,Dependentiae,Babeliae,Babeliales,NA,NA,NA
ASV_8525,Bacteria,Bacteroidota,Bacteroidia,Sphingobacteriales,KD3-93,NA,NA
ASV_8526,Bacteria,Pseudomonadota,Alphaproteobacteria,Sphingomonadales,Sphingomonadaceae,NA,NA
ASV_8527,Bacteria,Bacillota,Clostridia,Oscillospirales,Ruminococcaceae,NA,NA
ASV_8528,Bacteria,Cyanobacteriota,Cyanobacteriia,Chloroplast,NA,NA,NA
ASV_8529,Bacteria,Bacteroidota,Bacteroidia,Bacteroidales,Prolixibacteraceae,Meniscus,NA
ASV_8530,Bacteria,Pseudomonadota,Alphaproteobacteria,Rickettsiales,SM2D12,NA,NA
ASV_8531,Bacteria,Patescibacteria,Parcubacteria,Candidatus Moranbacteria,NA,NA,NA
ASV_8532,Bacteria,Pseudomonadota,Gammaproteobacteria,NA,NA,NA,NA
ASV_8533,Bacteria,Planctomycetota,Planctomycetes,Planctomycetales,Rubinisphaeraceae,NA,NA
ASV_8534,Bacteria,Pseudomonadota,Gammaproteobacteria,Burkholderiales,Comamonadaceae,Roseateles,NA
ASV_8535,Bacteria,Pseudomonadota,Alphaproteobacteria,Sneathiellales,Sneathiellaceae,Taonella,mepensis
ASV_8536,Bacteria,Elusimicrobiota,Endomicrobiia,Endomicrobiales,Endomicrobiaceae,Endomicrobium,NA
ASV_8537,Bacteria,Patescibacteria,Parcubacteria,Candidatus Nomurabacteria,NA,NA,NA
ASV_8538,Bacteria,Patescibacteria,Parcubacteria,Candidatus Nomurabacteria,NA,NA,NA
ASV_8539,Bacteria,Bacteroidota,Bacteroidia,Sphingobacteriales,env.OPS 17,NA,NA
ASV_8540,Bacteria,Gemmatimonadota,Gemmatimonadia,Gemmatimonadales,Gemmatimonadaceae,NA,NA
ASV_8541,Bacteria,Patescibacteria,Saccharimonadia,Saccharimonadales,NA,NA,NA
ASV_8542,Bacteria,Planctomycetota,Planctomycetes,Planctomycetales,Schlesneriaceae,Planctopirus,NA
ASV_8543,Bacteria,Pseudomonadota,Alphaproteobacteria,NA,NA,NA,NA
ASV_8544,Bacteria,Planctomycetota,Planctomycetes,Pirellulales,Pirellulaceae,Pirellula,NA
ASV_8545,Bacteria,Bacteroidota,Bacteroidia,Chitinophagales,Saprospiraceae,NA,NA
ASV_8546,Bacteria,Patescibacteria,Saccharimonadia,Saccharimonadales,NA,NA,NA
ASV_8547,Bacteria,Bdellovibrionota,Bdellovibrionia,Bdellovibrionales,Pseudobdellovibrionaceae,NA,NA
ASV_8548,Bacteria,Bacteroidota,Bacteroidia,Chitinophagales,Saprospiraceae,NA,NA
ASV_8549,Bacteria,Bacteroidota,Bacteroidia,Chitinophagales,Saprospiraceae,NA,NA
ASV_8550,Bacteria,Bdellovibrionota,Bdellovibrionia,Bdellovibrionales,Pseudobdellovibrionaceae,Bdellovibrio,NA
ASV_8551,Bacteria,Bacteroidota,Bacteroidia,Flavobacteriales,Cryomorphaceae,NS10 marine group,NA
ASV_8552,Bacteria,Bacillota,Bacilli,Bacillales,Planococcaceae,Planococcus,NA
ASV_8553,Bacteria,Actinomycetota,Acidimicrobiia,Microtrichales,Ilumatobacteraceae,CL500-29 marine group,NA
ASV_8554,Bacteria,Planctomycetota,Phycisphaerae,Phycisphaerales,Phycisphaeraceae,CL500-3,NA
ASV_8555,Bacteria,Dependentiae,Babeliae,Babeliales,NA,NA,NA
ASV_8556,Bacteria,Actinomycetota,Thermoleophilia,Solirubrobacterales,67-14,NA,NA
ASV_8557,Bacteria,Pseudomonadota,Gammaproteobacteria,Pseudomonadales,Moraxellaceae,NA,NA
ASV_8558,Bacteria,Patescibacteria,Gracilibacteria,Absconditabacteriales (SR1),NA,NA,NA
ASV_8559,Bacteria,Bacteroidota,Bacteroidia,Chitinophagales,NA,NA,NA
ASV_8560,Bacteria,Ignavibacteriota,Ignavibacteria,Ignavibacteriales,Ignavibacteriaceae,Ignavibacterium,NA
ASV_8561,Bacteria,Patescibacteria,Saccharimonadia,Saccharimonadales,NA,NA,NA
ASV_8562,Bacteria,Bacteroidota,Bacteroidia,Sphingobacteriales,Sphingobacteriaceae,Daejeonella,NA
ASV_8563,Bacteria,Patescibacteria,ABY1,Candidatus Falkowbacteria,NA,NA,NA
ASV_8564,Bacteria,Bdellovibrionota,Bacteriovoracia,Bacteriovoracales,Bacteriovoracaceae,Peredibacter,NA
ASV_8565,Bacteria,Pseudomonadota,Alphaproteobacteria,Holosporales,Holosporaceae,Candidatus Bealeia,NA
ASV_8566,Bacteria,Bdellovibrionota,Bdellovibrionia,Bdellovibrionales,Pseudobdellovibrionaceae,OM27 clade,NA
ASV_8567,Bacteria,Bacteroidota,Bacteroidia,Bacteroidales,Prolixibacteraceae,BSV13,NA
ASV_8568,Bacteria,Verrucomicrobiota,Verrucomicrobiia,Pedosphaerales,Pedosphaeraceae,NA,NA
ASV_8569,Bacteria,Cyanobacteriota,Cyanobacteriia,Chloroplast,NA,NA,NA
ASV_8570,Bacteria,Planctomycetota,Planctomycetes,Isosphaerales,Isosphaeraceae,Aquisphaera,NA
ASV_8571,Bacteria,Latescibacterota,NA,NA,NA,NA,NA
ASV_8572,Bacteria,Pseudomonadota,Gammaproteobacteria,R7C24,NA,NA,NA
ASV_8573,Bacteria,Chloroflexota,Anaerolineae,Anaerolineales,Anaerolineaceae,NA,NA
ASV_8574,Bacteria,Bacteroidota,Bacteroidia,Bacteroidales,M2PB4-65 termite group,NA,NA
ASV_8575,Bacteria,Candidatus Eremiobacterota,Eremiobacteria,NA,NA,NA,NA
ASV_8576,Bacteria,Pseudomonadota,Gammaproteobacteria,Burkholderiales,Comamonadaceae,NA,NA
ASV_8577,Bacteria,Bacteroidota,Bacteroidia,Bacteroidales,M2PB4-65 termite group,NA,NA
ASV_8578,Bacteria,Bacteroidota,Bacteroidia,Flavobacteriales,Crocinitomicaceae,Fluviicola,NA
ASV_8579,Bacteria,Dependentiae,Babeliae,Babeliales,Vermiphilaceae,NA,NA
ASV_8580,Bacteria,Actinomycetota,Acidimicrobiia,Microtrichales,Ilumatobacteraceae,CL500-29 marine group,NA
ASV_8581,Bacteria,Campylobacterota,Campylobacteria,Campylobacterales,Arcobacteraceae,Arcobacter,NA
ASV_8582,Bacteria,Patescibacteria,Parcubacteria,Candidatus Vogelbacteria,NA,NA,NA
ASV_8583,Bacteria,Patescibacteria,Gracilibacteria,Candidatus Abawacabacteria,NA,NA,NA
ASV_8584,Bacteria,Acidobacteriota,Blastocatellia,Blastocatellales,Blastocatellaceae,NA,NA
ASV_8585,Bacteria,Bdellovibrionota,Bacteriovoracia,Bacteriovoracales,Bacteriovoracaceae,Bacteriovorax,NA
ASV_8586,Bacteria,Bacteroidota,Bacteroidia,Bacteroidales,Prolixibacteraceae,BSV13,NA
ASV_8587,Bacteria,Patescibacteria,Parcubacteria,Candidatus Nomurabacteria,NA,NA,NA
ASV_8588,Bacteria,Bacteroidota,Bacteroidia,Bacteroidales,Prolixibacteraceae,NA,NA
ASV_8589,Bacteria,Pseudomonadota,Gammaproteobacteria,Chromatiales,Chromatiaceae,Thiophaeococcus,NA
ASV_8590,Bacteria,Patescibacteria,Gracilibacteria,Candidatus Peregrinibacteria,NA,NA,NA
ASV_8591,Bacteria,Bacteroidota,Bacteroidia,Flavobacteriales,Flavobacteriaceae,Flavobacterium,NA
ASV_8592,Bacteria,Pseudomonadota,Gammaproteobacteria,Burkholderiales,Rhodocyclaceae,Dechloromonas,NA
ASV_8593,Bacteria,Patescibacteria,Parcubacteria,Candidatus Nomurabacteria,NA,NA,NA
ASV_8594,Bacteria,Acidobacteriota,Thermoanaerobaculia,Thermoanaerobaculales,Thermoanaerobaculaceae,TPD-58,NA
ASV_8595,Bacteria,Pseudomonadota,Gammaproteobacteria,Coxiellales,Coxiellaceae,Coxiella,NA
ASV_8596,Bacteria,Bdellovibrionota,Bacteriovoracia,Bacteriovoracales,Bacteriovoracaceae,Bacteriovorax,NA
ASV_8597,Bacteria,Patescibacteria,ABY1,Candidatus Magasanikbacteria,NA,NA,NA
ASV_8598,Bacteria,Sumerlaeota,Sumerlaeia,Sumerlaeales,Sumerlaeaceae,Sumerlaea,NA
ASV_8599,Bacteria,Pseudomonadota,Gammaproteobacteria,Burkholderiales,Rhodocyclaceae,Thauera,NA
ASV_8600,Bacteria,Patescibacteria,Gracilibacteria,Absconditabacteriales (SR1),NA,NA,NA
ASV_8601,Bacteria,Actinomycetota,Acidimicrobiia,Microtrichales,Iamiaceae,Aquihabitans,NA
ASV_8602,Bacteria,NA,NA,NA,NA,NA,NA
ASV_8603,Bacteria,Planctomycetota,Phycisphaerae,Phycisphaerales,Phycisphaeraceae,SM1A02,NA
ASV_8604,Bacteria,Pseudomonadota,Alphaproteobacteria,NA,NA,NA,NA
ASV_8605,Bacteria,Chloroflexota,JG30-KF-CM66,NA,NA,NA,NA
ASV_8606,Bacteria,Pseudomonadota,Alphaproteobacteria,Paracaedibacterales,Paracaedibacteraceae,Candidatus Finniella,NA
ASV_8607,Bacteria,NKB15,NA,NA,NA,NA,NA
ASV_8608,Bacteria,Pseudomonadota,Gammaproteobacteria,Burkholderiales,Comamonadaceae,Aquabacterium,NA
ASV_8609,Bacteria,Spirochaetota,V2072-189E03,NA,NA,NA,NA
ASV_8610,Bacteria,Pseudomonadota,Gammaproteobacteria,NA,NA,NA,NA
ASV_8611,Bacteria,Patescibacteria,Saccharimonadia,Saccharimonadales,NA,NA,NA
ASV_8612,Bacteria,Bacteroidota,Bacteroidia,Bacteroidales,Prolixibacteraceae,NA,NA
ASV_8613,Bacteria,Pseudomonadota,NA,NA,NA,NA,NA
ASV_8614,Bacteria,Thermodesulfobacteriota,Syntrophobacteria,Syntrophobacterales,Syntrophobacteraceae,Desulforhabdus,NA
ASV_8615,Bacteria,Pseudomonadota,Alphaproteobacteria,Rickettsiales,SM2D12,NA,NA
ASV_8616,Bacteria,Bacteroidota,Bacteroidia,Bacteroidales,Bacteroidetes vadinHA17,NA,NA
ASV_8617,Bacteria,Pseudomonadota,Gammaproteobacteria,NA,NA,NA,NA
ASV_8618,Bacteria,Pseudomonadota,Alphaproteobacteria,Rickettsiales,Rickettsiaceae,NA,NA
ASV_8619,Bacteria,Planctomycetota,Planctomycetes,Pirellulales,Pirellulaceae,Pirellula,NA
ASV_8620,Bacteria,Bacteroidota,Bacteroidia,Bacteroidales,Marinilabiliaceae,NA,NA
ASV_8621,Bacteria,Bacteroidota,Bacteroidia,Sphingobacteriales,NS11-12 marine group,NA,NA
ASV_8622,Bacteria,Planctomycetota,Planctomycetes,Pirellulales,Pirellulaceae,Pirellula,NA
ASV_8623,Bacteria,Bacillota,NA,NA,NA,NA,NA
ASV_8624,Bacteria,NA,NA,NA,NA,NA,NA
ASV_8625,Bacteria,Pseudomonadota,Gammaproteobacteria,Burkholderiales,Hydrogenophilaceae,Spirillum,NA
ASV_8626,Bacteria,Bacteroidota,Bacteroidia,Chitinophagales,Chitinophagaceae,NA,NA
ASV_8627,Bacteria,Pseudomonadota,Alphaproteobacteria,Holosporales,Holosporaceae,Candidatus Bealeia,NA
ASV_8628,Bacteria,Pseudomonadota,Gammaproteobacteria,Burkholderiales,Comamonadaceae,Sphaerotilus,NA
ASV_8629,Bacteria,Pseudomonadota,Alphaproteobacteria,NA,NA,NA,NA
ASV_8630,Bacteria,Cloacimonadota,Cloacimonadia,Cloacimonadales,Cloacimonadaceae,NA,NA
ASV_8631,Bacteria,Pseudomonadota,Gammaproteobacteria,Methylococcales,Methylococcaceae,Methyloparacoccus,NA
ASV_8632,Bacteria,Bacteroidota,Bacteroidia,Sphingobacteriales,AKYH767,NA,NA
ASV_8633,Bacteria,Pseudomonadota,Gammaproteobacteria,NA,NA,NA,NA
ASV_8634,Bacteria,Pseudomonadota,Gammaproteobacteria,Halothiobacillales,Halothiobacillaceae,Halothiobacillus,neapolitanus
ASV_8635,Bacteria,Patescibacteria,ABY1,Candidatus Magasanikbacteria,NA,NA,NA
ASV_8636,Bacteria,Bacillota,Bacilli,Erysipelotrichales,Erysipelotrichaceae,Turicibacter,NA
ASV_8637,Bacteria,Bdellovibrionota,Bacteriovoracia,Bacteriovoracales,Bacteriovoracaceae,Peredibacter,NA
ASV_8638,Bacteria,Bacillota,Clostridia,Eubacteriales,Eubacteriaceae,NA,NA
ASV_8639,Bacteria,Pseudomonadota,Gammaproteobacteria,NA,NA,NA,NA
ASV_8640,Bacteria,Planctomycetota,BD7-11,NA,NA,NA,NA
ASV_8641,Bacteria,Bacteroidota,Bacteroidia,Flavobacteriales,NA,NA,NA
ASV_8642,Bacteria,Bacteroidota,Bacteroidia,Chitinophagales,Saprospiraceae,Phaeodactylibacter,NA
ASV_8643,Bacteria,Patescibacteria,Parcubacteria,NA,NA,NA,NA
ASV_8644,Bacteria,NA,NA,NA,NA,NA,NA
ASV_8645,Bacteria,Pseudomonadota,Alphaproteobacteria,NA,NA,NA,NA
ASV_8646,Bacteria,Bdellovibrionota,Oligoflexia,Oligoflexales,Oligoflexaceae,NA,NA
ASV_8647,Bacteria,Pseudomonadota,Gammaproteobacteria,R7C24,NA,NA,NA
ASV_8648,Bacteria,Bacteroidota,Bacteroidia,Sphingobacteriales,env.OPS 17,NA,NA
ASV_8649,Bacteria,Bacteroidota,Bacteroidia,Cytophagales,Spirosomataceae,NA,NA
ASV_8650,Bacteria,Patescibacteria,Gracilibacteria,Absconditabacteriales (SR1),NA,NA,NA
ASV_8651,Bacteria,Pseudomonadota,Gammaproteobacteria,Salinisphaerales,Nevskiaceae,Panacagrimonas,NA
ASV_8652,Bacteria,Actinomycetota,Thermoleophilia,Gaiellales,NA,NA,NA
ASV_8653,Bacteria,Patescibacteria,Parcubacteria,Candidatus Campbellbacteria,NA,NA,NA
ASV_8654,Bacteria,Campylobacterota,Campylobacteria,Campylobacterales,Sulfurovaceae,Sulfurovum,NA
ASV_8655,Bacteria,Cyanobacteriota,Cyanobacteriia,Synechococcales,Cyanobiaceae,Cyanobium PCC-6307,NA
ASV_8656,Bacteria,Pseudomonadota,Gammaproteobacteria,Pseudomonadales,NA,NA,NA
ASV_8657,Bacteria,Pseudomonadota,Alphaproteobacteria,Paracaedibacterales,Paracaedibacteraceae,Candidatus Captivus,NA
ASV_8658,Bacteria,Pseudomonadota,Alphaproteobacteria,Micavibrionales,NA,NA,NA
ASV_8659,Bacteria,Thermodesulfobacteriota,Desulfobacteria,Desulfobacterales,Desulforegulaceae,Desulforegula,NA
ASV_8660,Bacteria,Pseudomonadota,Gammaproteobacteria,Burkholderiales,Hydrogenophilaceae,Spirillum,NA
ASV_8661,Bacteria,Pseudomonadota,Gammaproteobacteria,Burkholderiales,Comamonadaceae,Hydrogenophaga,NA
ASV_8662,Bacteria,Planctomycetota,Planctomycetes,Planctomycetales,Schlesneriaceae,Planctopirus,NA
ASV_8663,Bacteria,Chlamydiota,Chlamydiia,Chlamydiales,Parachlamydiaceae,NA,NA
ASV_8664,Bacteria,Pseudomonadota,Gammaproteobacteria,Halothiobacillales,Halothiobacillaceae,Thiovirga,NA
ASV_8665,Bacteria,Pseudomonadota,Gammaproteobacteria,Competibacterales,Competibacteraceae,Candidatus Competibacter,NA
ASV_8666,Bacteria,Pseudomonadota,Gammaproteobacteria,Enterobacterales,Enterobacteriaceae,Enterobacter,cloacae
ASV_8667,Bacteria,Candidatus Kapabacteria,Kapabacteria,Kapabacteriales,NA,NA,NA
ASV_8668,Bacteria,Verrucomicrobiota,Omnitrophia,Omnitrophales,Omnitrophaceae,Candidatus Omnitrophus,NA
ASV_8669,Bacteria,Pseudomonadota,Gammaproteobacteria,Burkholderiales,Comamonadaceae,NA,NA
ASV_8670,Bacteria,Thermodesulfobacteriota,Desulfuromonadia,Desulfuromonadales,Desulfuromonadaceae,Desulfuromonas,NA
ASV_8671,Bacteria,Patescibacteria,Berkelbacteria,NA,NA,NA,NA
ASV_8672,Bacteria,Patescibacteria,Gracilibacteria,JGI 0000069-P22,NA,NA,NA
ASV_8673,Bacteria,Bacteroidota,Bacteroidia,Sphingobacteriales,NA,NA,NA
ASV_8674,Bacteria,Bacteroidota,Bacteroidia,Bacteroidales,Prolixibacteraceae,Roseimarinus,NA
ASV_8675,Bacteria,Bacteroidota,Bacteroidia,Sphingobacteriales,Lentimicrobiaceae,Lentimicrobium,NA
ASV_8676,Bacteria,Bacteroidota,Bacteroidia,Bacteroidales,Paludibacteraceae,Paludibacter,NA
ASV_8677,Bacteria,Pseudomonadota,Gammaproteobacteria,Burkholderiales,Comamonadaceae,Acidovorax,NA
ASV_8678,Bacteria,Bacteroidota,Bacteroidia,Chitinophagales,Saprospiraceae,NA,NA
ASV_8679,Bacteria,Bacteroidota,Bacteroidia,Bacteroidales,Paludibacteraceae,Paludibacter,NA
ASV_8680,Bacteria,Verrucomicrobiota,Verrucomicrobiia,Verrucomicrobiales,Verrucomicrobiaceae,NA,NA
ASV_8681,Bacteria,Patescibacteria,Gracilibacteria,Candidatus Peribacteria,NA,NA,NA
ASV_8682,Bacteria,Bacteroidota,Bacteroidia,Chitinophagales,Saprospiraceae,NA,NA
ASV_8683,Bacteria,Chlamydiota,Chlamydiia,Chlamydiales,Criblamydiaceae,NA,NA
ASV_8684,Bacteria,Bacteroidota,Bacteroidia,Bacteroidales,Paludibacteraceae,NA,NA
ASV_8685,Bacteria,Pseudomonadota,Gammaproteobacteria,NA,NA,NA,NA
ASV_8686,Bacteria,Patescibacteria,Parcubacteria,Candidatus Moranbacteria,NA,NA,NA
ASV_8687,Eukaryota,NA,NA,NA,NA,NA,NA
ASV_8688,Bacteria,Bacteroidota,Bacteroidia,Sphingobacteriales,Sphingobacteriaceae,Pedobacter,NA
ASV_8689,Bacteria,Planctomycetota,Planctomycetes,Planctomycetales,Rubinisphaeraceae,NA,NA
ASV_8690,Bacteria,Bacteroidota,Bacteroidia,Bacteroidales,Prolixibacteraceae,WCHB1-32,NA
ASV_8691,Bacteria,Acidobacteriota,Acidobacteriae,Bryobacterales,Bryobacteraceae,Paludibaculum,NA
ASV_8692,Bacteria,Pseudomonadota,Alphaproteobacteria,Rickettsiales,Midichloriaceae,Candidatus Jidaibacter,NA
ASV_8693,Bacteria,Bacteroidota,Bacteroidia,Bacteroidales,SB-5,NA,NA
ASV_8694,Bacteria,Bacteroidota,Bacteroidia,Bacteroidales,Prolixibacteraceae,NA,NA
ASV_8695,Bacteria,Planctomycetota,Planctomycetes,Pirellulales,Pirellulaceae,NA,NA
ASV_8696,Bacteria,Thermodesulfobacteriota,Desulfuromonadia,Bradymonadales,NA,NA,NA
ASV_8697,Bacteria,Bacteroidota,Bacteroidia,Flavobacteriales,Weeksellaceae,Cloacibacterium,NA
ASV_8698,Bacteria,Pseudomonadota,Gammaproteobacteria,Methylococcales,Methylomonadaceae,Methylomonas,NA
ASV_8699,Bacteria,Patescibacteria,Saccharimonadia,Saccharimonadales,NA,NA,NA
ASV_8700,Bacteria,Pseudomonadota,Gammaproteobacteria,NA,NA,NA,NA
ASV_8701,Bacteria,Cyanobacteriota,Vampirivibrionia,Obscuribacterales,Obscuribacteraceae,NA,NA
ASV_8702,Bacteria,Dependentiae,Babeliae,Babeliales,Incertae Sedis,UBA12411,NA
ASV_8703,Bacteria,Sumerlaeota,Sumerlaeia,Sumerlaeales,Sumerlaeaceae,Sumerlaea,NA
ASV_8704,Bacteria,Cyanobacteriota,Vampirivibrionia,Gastranaerophilales,Gastranaerophilaceae,NA,NA
ASV_8705,Bacteria,Cloacimonadota,Cloacimonadia,Cloacimonadales,Cloacimonadaceae,NA,NA
ASV_8706,Bacteria,Patescibacteria,Gracilibacteria,Candidatus Peregrinibacteria,NA,NA,NA
ASV_8707,Bacteria,Actinomycetota,Actinobacteria,PeM15,NA,NA,NA
ASV_8708,Bacteria,Thermodesulfobacteriota,Desulfuromonadia,PB19,NA,NA,NA
ASV_8709,Bacteria,Pseudomonadota,NA,NA,NA,NA,NA
ASV_8710,Bacteria,Verrucomicrobiota,Verrucomicrobiia,Verrucomicrobiales,Verrucomicrobiaceae,NA,NA
ASV_8711,Bacteria,Patescibacteria,ABY1,Candidatus Komeilibacteria,NA,NA,NA
ASV_8712,Bacteria,Bdellovibrionota,Bacteriovoracia,Bacteriovoracales,Bacteriovoracaceae,Peredibacter,NA
ASV_8713,Bacteria,Bacillota,Bacilli,Exiguobacterales,Exiguobacteraceae,Exiguobacterium,NA
ASV_8714,Bacteria,Ignavibacteriota,Ignavibacteria,Ignavibacteriales,Ignavibacteriaceae,Ignavibacterium,NA
ASV_8715,Bacteria,Pseudomonadota,Gammaproteobacteria,Methylococcales,Methylococcaceae,Methyloparacoccus,NA
ASV_8716,Bacteria,Actinomycetota,Actinobacteria,Micrococcales,Microbacteriaceae,Aurantimicrobium,NA
ASV_8717,Bacteria,Pseudomonadota,Gammaproteobacteria,Burkholderiales,Sutterellaceae,NA,NA
ASV_8718,Bacteria,Planctomycetota,Planctomycetes,Planctomycetales,NA,NA,NA
ASV_8719,Bacteria,Pseudomonadota,Gammaproteobacteria,Pseudomonadales,Moraxellaceae,Enhydrobacter,NA
ASV_8720,Bacteria,Bacteroidota,Bacteroidia,Bacteroidales,Prolixibacteraceae,Roseimarinus,NA
ASV_8721,Bacteria,Thermodesulfobacteriota,Syntrophia,Syntrophales,NA,NA,NA
ASV_8722,Bacteria,Pseudomonadota,Gammaproteobacteria,Burkholderiales,Rhodocyclaceae,Dechloromonas,NA
ASV_8723,Bacteria,Bacteroidota,Bacteroidia,Chitinophagales,Saprospiraceae,Lewinella,NA
ASV_8724,Bacteria,Bacteroidota,Bacteroidia,Bacteroidales,Marinilabiliaceae,NA,NA
ASV_8725,Bacteria,Bacteroidota,Bacteroidia,Cytophagales,Cyclobacteriaceae,Algoriphagus,NA
ASV_8726,Bacteria,Pseudomonadota,Gammaproteobacteria,Methylococcales,Methylomonadaceae,Methylomonas,NA
ASV_8727,Bacteria,Pseudomonadota,Gammaproteobacteria,Burkholderiales,Rhodocyclaceae,Dechlorobacter,NA
ASV_8728,Bacteria,Pseudomonadota,Gammaproteobacteria,Burkholderiales,Rhodocyclaceae,NA,NA
ASV_8729,Bacteria,Pseudomonadota,Gammaproteobacteria,Salinisphaerales,Nevskiaceae,Solimonas,NA
ASV_8730,Bacteria,Chlamydiota,Chlamydiia,Chlamydiales,Parachlamydiaceae,Neochlamydia,NA
ASV_8731,Bacteria,Pseudomonadota,Gammaproteobacteria,Burkholderiales,Rhodocyclaceae,NA,NA
ASV_8732,Bacteria,Pseudomonadota,Gammaproteobacteria,Methylococcales,Methylomonadaceae,NA,NA
ASV_8733,Bacteria,Bacteroidota,Bacteroidia,Sphingobacteriales,Lentimicrobiaceae,NA,NA
ASV_8734,Bacteria,Pseudomonadota,Gammaproteobacteria,Methylococcales,Methylomonadaceae,Methylomonas,NA
ASV_8735,Bacteria,Pseudomonadota,Gammaproteobacteria,Burkholderiales,Methylophilaceae,NA,NA
ASV_8736,Bacteria,Pseudomonadota,Gammaproteobacteria,Pseudomonadales,NA,NA,NA
ASV_8737,Bacteria,Bacteroidota,Bacteroidia,Bacteroidales,Prolixibacteraceae,NA,NA
ASV_8738,Bacteria,Bacteroidota,Bacteroidia,Sphingobacteriales,Lentimicrobiaceae,NA,NA
ASV_8739,Bacteria,Patescibacteria,CPR2,NA,NA,NA,NA
ASV_8740,Bacteria,Bacteroidota,Bacteroidia,Sphingobacteriales,NS11-12 marine group,NA,NA
ASV_8741,Bacteria,Pseudomonadota,Gammaproteobacteria,Ga0077536,NA,NA,NA
ASV_8742,Bacteria,Gemmatimonadota,Gemmatimonadia,Gemmatimonadales,Gemmatimonadaceae,Gemmatimonas,NA
ASV_8743,Bacteria,Actinomycetota,Actinobacteria,Micrococcales,Microbacteriaceae,Leucobacter,chromiireducens
ASV_8744,Bacteria,Pseudomonadota,Gammaproteobacteria,Burkholderiales,Hydrogenophilaceae,Spirillum,NA
ASV_8745,Bacteria,Actinomycetota,Actinobacteria,Micrococcales,Microbacteriaceae,Leucobacter,chromiireducens
ASV_8746,Bacteria,Bacteroidota,Bacteroidia,Sphingobacteriales,env.OPS 17,NA,NA
ASV_8747,Bacteria,Pseudomonadota,Gammaproteobacteria,Burkholderiales,Comamonadaceae,NA,NA
ASV_8748,Bacteria,Pseudomonadota,Gammaproteobacteria,Burkholderiales,Comamonadaceae,Sphaerotilus,NA
ASV_8749,Bacteria,Pseudomonadota,Gammaproteobacteria,Burkholderiales,Comamonadaceae,NA,NA
ASV_8750,Bacteria,Pseudomonadota,Gammaproteobacteria,Burkholderiales,Oxalobacteraceae,NA,NA
ASV_8751,Bacteria,Chlamydiota,Chlamydiia,Chlamydiales,Parachlamydiaceae,Neochlamydia,NA
ASV_8752,Bacteria,Pseudomonadota,Gammaproteobacteria,Salinisphaerales,Nevskiaceae,Solimonas,NA
ASV_8753,Bacteria,Bacteroidota,Bacteroidia,Chitinophagales,37-13,NA,NA
ASV_8754,Bacteria,Pseudomonadota,Gammaproteobacteria,Enterobacterales,NA,NA,NA
ASV_8755,Bacteria,Pseudomonadota,Gammaproteobacteria,Burkholderiales,Comamonadaceae,NA,NA
ASV_8756,Bacteria,Pseudomonadota,Gammaproteobacteria,R7C24,NA,NA,NA
ASV_8757,Bacteria,Pseudomonadota,Gammaproteobacteria,Burkholderiales,Comamonadaceae,Limnohabitans,NA
ASV_8758,Bacteria,Pseudomonadota,Gammaproteobacteria,Enterobacterales,Alteromonadaceae,Rheinheimera,NA
ASV_8759,Bacteria,Pseudomonadota,Gammaproteobacteria,Burkholderiales,Comamonadaceae,NA,NA
ASV_8760,Bacteria,Pseudomonadota,Gammaproteobacteria,Burkholderiales,Alcaligenaceae,NA,NA
ASV_8761,Bacteria,Pseudomonadota,Gammaproteobacteria,Burkholderiales,Comamonadaceae,Piscinibacter,NA
ASV_8762,Bacteria,Pseudomonadota,Gammaproteobacteria,Pseudomonadales,Moraxellaceae,Perlucidibaca,NA
ASV_8763,Bacteria,Pseudomonadota,Gammaproteobacteria,Burkholderiales,Comamonadaceae,Piscinibacter,NA
ASV_8764,Bacteria,Pseudomonadota,Gammaproteobacteria,Burkholderiales,Hydrogenophilaceae,Spirillum,NA
ASV_8765,Bacteria,Bacteroidota,Bacteroidia,Flavobacteriales,Flavobacteriaceae,NA,NA
ASV_8766,Bacteria,Chlamydiota,Chlamydiia,Chlamydiales,Parachlamydiaceae,Neochlamydia,NA
ASV_8767,Bacteria,Pseudomonadota,Gammaproteobacteria,Burkholderiales,Comamonadaceae,Piscinibacter,NA
ASV_8768,Bacteria,Pseudomonadota,Gammaproteobacteria,Burkholderiales,Alcaligenaceae,Verticiella,NA
ASV_8769,Bacteria,Bacteroidota,Bacteroidia,Bacteroidales,Paludibacteraceae,Paludibacter,NA
ASV_8770,Bacteria,Pseudomonadota,Gammaproteobacteria,Competibacterales,Competibacteraceae,Candidatus Competibacter,NA
ASV_8771,Bacteria,Pseudomonadota,Gammaproteobacteria,Burkholderiales,MWH-UniP1 aquatic group,NA,NA
ASV_8772,Bacteria,Verrucomicrobiota,Verrucomicrobiia,Verrucomicrobiales,DEV007,NA,NA
ASV_8773,Bacteria,Pseudomonadota,Gammaproteobacteria,Salinisphaerales,Nevskiaceae,NA,NA
ASV_8774,Bacteria,Thermodesulfobacteriota,Desulfobacteria,Desulfobacterales,NA,NA,NA
ASV_8775,Bacteria,Pseudomonadota,Alphaproteobacteria,Sphingomonadales,Sphingomonadaceae,NA,NA
ASV_8776,Bacteria,Thermodesulfobacteriota,Desulfuromonadia,Geobacterales,Geobacteraceae,NA,NA
ASV_8777,Bacteria,Pseudomonadota,Gammaproteobacteria,Burkholderiales,Rhodocyclaceae,NA,NA
ASV_8778,Bacteria,Pseudomonadota,Gammaproteobacteria,Burkholderiales,Rhodocyclaceae,NA,NA
ASV_8779,Bacteria,Bacillota,Clostridia,Christensenellales,Christensenellaceae,NA,NA
ASV_8780,Bacteria,Thermodesulfobacteriota,Desulfuromonadia,Desulfuromonadales,NA,NA,NA
ASV_8781,Bacteria,Pseudomonadota,Gammaproteobacteria,Burkholderiales,Rhodocyclaceae,Thauera,NA
ASV_8782,Bacteria,Bacteroidota,Bacteroidia,Sphingobacteriales,LiUU-11-161,NA,NA
ASV_8783,Bacteria,Candidatus Kapabacteria,Kapabacteria,Kapabacteriales,NA,NA,NA
ASV_8784,Bacteria,Pseudomonadota,Gammaproteobacteria,Competibacterales,Competibacteraceae,Candidatus Competibacter,NA
ASV_8785,Bacteria,Pseudomonadota,Gammaproteobacteria,Enterobacterales,NA,NA,NA
ASV_8786,Bacteria,Pseudomonadota,Gammaproteobacteria,Burkholderiales,Burkholderiaceae,Limnobacter,NA
ASV_8787,Bacteria,Pseudomonadota,Gammaproteobacteria,Burkholderiales,Comamonadaceae,NA,NA
ASV_8788,Bacteria,Pseudomonadota,Gammaproteobacteria,Burkholderiales,Comamonadaceae,Ramlibacter,NA
ASV_8789,Bacteria,Pseudomonadota,Gammaproteobacteria,Burkholderiales,NA,NA,NA
ASV_8790,Bacteria,Chlamydiota,Chlamydiia,Chlamydiales,cvE6,NA,NA
ASV_8791,Bacteria,Pseudomonadota,Gammaproteobacteria,Salinisphaerales,Nevskiaceae,NA,NA
ASV_8792,Bacteria,Pseudomonadota,Gammaproteobacteria,Burkholderiales,Burkholderiaceae,Limnobacter,NA
ASV_8793,Bacteria,Bdellovibrionota,Bacteriovoracia,Bacteriovoracales,Bacteriovoracaceae,Peredibacter,NA
ASV_8794,Bacteria,Thermodesulfobacteriota,NA,NA,NA,NA,NA
ASV_8795,Bacteria,Planctomycetota,OM190,NA,NA,NA,NA
ASV_8796,Bacteria,Planctomycetota,OM190,NA,NA,NA,NA
ASV_8797,Bacteria,Bacteroidota,Bacteroidia,Chitinophagales,Chitinophagaceae,Terrimonas,NA
ASV_8798,Bacteria,Pseudomonadota,Gammaproteobacteria,Nitrosococcales,Methylophagaceae,Methylophaga,NA
ASV_8799,Bacteria,Pseudomonadota,Gammaproteobacteria,Pseudomonadales,Halomonadaceae,Halomonas,NA
ASV_8800,Bacteria,Verrucomicrobiota,Verrucomicrobiia,Opitutales,Opitutaceae,Cephaloticoccus,NA
ASV_8801,Bacteria,Bacillota,Bacilli,Lactobacillales,Lactobacillaceae,NA,NA
